全局序号,唯一充电站ID,充电站名称,行政区,具体地址,经度,纬度,充电桩类型,联系电话,爬取关键词,爬取时间,站平均评分,站有效评论数,充电速度（0-5分）,价格性价比（0-5分）,设施完整性（0-5分）,环境卫生（0-5分）,位置便利性（0-5分）,服务态度（0-5分）,支付便捷性（0-5分）,安全保障（0-5分）
1,站_001,国家电网汽车充电站(安徽省合肥市瑶海区明光路出租车快充站二),瑶海区,新蚌埠路80号,117.293379,31.881974,汽车服务;充电站;充电站,96529,新能源汽车充电桩,2026/1/27 20:38,3.1666666666666665,9,4.012,3.133,2.5,2.5,2.988,2.5,2.5,2.5
2,站_002,行星超级汽车充电站,瑶海区,铜陵北路1277号地面停车场,117.327482,31.904559,汽车服务;充电站;充电站,18605512596,新能源汽车充电桩,2026/1/27 20:38,1.5,2,2.5,2.5,2.5,2.5,2.5,2.5,2.5,2.5
3,站_003,昆仑网电汽车充电站(中国石油合肥大店充电站),瑶海区,长江东路与大众路交叉口东北角100米,117.39976,31.86951,汽车服务;充电站;充电站,95700,新能源汽车充电桩,2026/1/27 20:38,3.421052631578948,19,2.5,3.785,2.873,2.5,2.5,2.5,2.5,2.5
4,站_004,卫莱电汽车充电站(安徽迈科卫莱充电站),瑶海区,铜陵北路与天水路交口北50米(迈科物流园西北侧),117.33605,31.913118,汽车服务;充电站;充电站,4006606777,新能源汽车充电桩,2026/1/27 20:38,4.303571428571429,28,4.355,5.053,3.845,3.206,2.561,2.5,2.5,2.5
5,站_005,星星充电汽车充电站(星星充电-安徽久鑫大东门充电站),瑶海区,寿春路与胜利路交口东北角地面停车场,117.302315,31.865099,汽车服务;充电站;充电站,18856043216,新能源汽车充电桩,2026/1/27 20:38,4.652777777777778,36,5.754,3.686,2.76,2.68,3.15,2.627,2.5,2.5
6,站_006,中国石化汽车充电站(龙岗物流园充电站),瑶海区,龙岗综合经济开发区龙岗路辅路,117.374014,31.873339,汽车服务;充电站;充电站,95105888,新能源汽车充电桩,2026/1/27 20:38,4.472222222222222,18,3.345,5.523,3.64,3.403,2.828,2.5,2.5,2.5
7,站_007,国家电网汽车充电站(安徽省合肥市瑶海区少荃湖隧道东侧停车场快充站),瑶海区,文忠路合肥京东方医院东侧约230米,117.38241,31.946672,汽车服务;充电站;充电站,0551-63318110,新能源汽车充电桩,2026/1/27 20:38,3.590909090909091,33,2.286,2.585,2.577,2.583,2.658,2.5,2.5,2.5
8,站_008,中国石化汽车充电站(瑶海家具城充电站),瑶海区,瑶海家具世界(批发大市场),117.34287,31.887098,汽车服务;充电站;充电站,95105888,新能源汽车充电桩,2026/1/27 20:38,4.431818181818182,22,3.637,4.118,2.964,2.725,2.928,2.5,2.5,2.5
9,站_009,皖小能汽车充电站(淮合停车场九顶山路西侧进入),瑶海区,凤山路1号,117.302655,31.928612,汽车服务;充电站;充电站,4009961666,新能源汽车充电桩,2026/1/27 20:38,4.431818181818182,22,4.054,3.035,2.5,2.784,2.878,2.5,2.5,2.5
10,站_010,国家电网汽车充电站(安徽省合肥市瑶海区文忠路与珍珠路交口高架桥下停车场充电站),瑶海区,文忠路与珍珠路交口西南角,117.359124,31.892922,汽车服务;充电站;充电站,96529,新能源汽车充电桩,2026/1/27 20:38,3.2857142857142856,14,4.226,3.233,2.7,3.968,2.271,3.731,2.5,2.5
11,站_011,国家电网汽车充电站(安徽省合肥市瑶海区明光路出租车快充站),瑶海区,新蚌埠路80号地面停车场,117.293281,31.881858,汽车服务;充电站;充电站,0551-63881234,新能源汽车充电桩,2026/1/27 20:38,3.1666666666666665,9,4.011,3.133,2.5,2.5,2.988,2.5,2.5,2.5
12,站_012,中国石化汽车充电站(东方大道充电站),瑶海区,治淮路以东东方大道以北,117.332361,31.957166,汽车服务;充电站;充电站,95105888,新能源汽车充电桩,2026/1/27 20:38,3.138888888888889,18,2.514,2.625,3.746,2.5,3.177,2.5,2.5,2.5
13,站_013,国家电网充电站(铜陵北路生态公园),瑶海区,合肥生态公园铜陵北路停车场,117.327715,31.886836,汽车服务;充电站;充电站,96529,新能源汽车充电桩,2026/1/27 20:38,1.6538461538461535,26,2.428,3.391,2.645,2.327,2.5,2.5,2.5,2.5
14,站_014,中充服汽车充电站(安徽润升科技产业园快充站),瑶海区,三十头街道唐河路安徽润升科技产业园,117.34693,31.939625,汽车服务;充电站;充电站,18355107967,新能源汽车充电桩,2026/1/27 20:38,4.53125,16,4.107,3.089,2.5,2.5,2.5,2.876,2.5,2.5
15,站_015,特来电充电站(徽商充电1号站),瑶海区,长江东路与大众路交叉路口向东400米南侧,117.401981,31.868449,汽车服务;充电站;充电站,4001300001,新能源汽车充电桩,2026/1/27 20:38,3.9166666666666665,12,3.673,3.91,2.839,2.5,3.049,2.5,2.5,2.5
16,站_016,中国石化汽车充电站(安徽大市场充电站),瑶海区,方庙街道瑶海幼教托育中心安徽大市场,117.32382,31.879482,汽车服务;充电站;充电站,95105888,新能源汽车充电桩,2026/1/27 20:38,4.857142857142857,7,2.5,3.115,2.5,2.5,2.5,2.5,2.5,2.5
17,站_017,国家电网汽车充电站(安徽省合肥市瑶海区大兴镇东郊变停车场充电站),瑶海区,大兴镇合裕路与障山路交口东南40米,117.37958,31.836002,汽车服务;充电站;充电站,96529,新能源汽车充电桩,2026/1/27 20:38,3.571428571428572,7,1.968,3.174,2.5,2.5,3.174,2.5,2.5,2.5
18,站_018,国家电网汽车充电站(安徽省合肥市瑶海区文忠路与新海大道交口高架桥下彩色户外停车场充电站),瑶海区,彩色户外停车场(新海大道地铁站A口步行160米),117.359844,31.891664,汽车服务;充电站;充电站,96529,新能源汽车充电桩,2026/1/27 20:38,2.4166666666666665,12,2.055,3.262,2.418,0.952,3.208,2.5,2.5,2.5
19,站_019,中国石化汽车充电站(前岭路充电站),瑶海区,中国石化前岭路加油站,117.360401,31.926155,汽车服务;充电站;充电站,95105888,新能源汽车充电桩,2026/1/27 20:38,3.264705882352941,17,2.086,3.706,3.3,2.5,3.107,2.574,2.5,2.5
20,站_020,中国石化汽车充电站(站北文化广场充电站),瑶海区,七里塘街道湘灵路站北文化广场(东北角),117.32858,31.894047,汽车服务;充电站;充电站,95105888,新能源汽车充电桩,2026/1/27 20:38,3.5625,8,3.133,4.082,2.5,2.5,2.5,2.5,2.5,2.5
21,站_021,壳牌充电汽车充电站(壳牌合肥信地广场地面快充站),瑶海区,长淮街道信地城市广场信地第六空间家居生活广场立体停车库一楼,117.32132,31.878162,汽车服务;充电站;充电站,4007160699,新能源汽车充电桩,2026/1/27 20:38,3.75,12,4.84,1.809,3.315,2.5,2.297,2.5,2.5,2.5
22,站_022,星星充电汽车充电站(星星充电-蔚尔加电学林春晓超充站),瑶海区,何庄路与毕晟路交叉口西南方向学林春晓东门,117.368812,31.923453,汽车服务;充电站;充电站,17805659299,新能源汽车充电桩,2026/1/27 20:38,4.369565217391305,23,3.854,4.474,2.5,2.5,2.984,2.5,2.5,2.5
23,站_023,星星充电汽车充电站(便利充学林公园充电站),瑶海区,瑶海区工业园梦溪路学林公园,117.38508,31.899355,汽车服务;充电站;充电站,13856969022,新能源汽车充电桩,2026/1/27 20:38,4.333333333333333,9,3.004,3.553,2.5,3,3.053,2.692,2.5,2.5
24,站_024,星星充电汽车充电站(佳霖超级快充站),瑶海区,长淮街道地面停车场,117.298689,31.883854,汽车服务;充电站;充电站,13855176160,新能源汽车充电桩,2026/1/27 20:38,4.5,2,5.608,2.5,2.5,2.5,2.5,2.5,2.5,2.5
25,站_025,国家电网汽车充电站(安徽省合肥市瑶海区新安江路中石化加油站充电站),瑶海区,当涂路与新安江路交叉口,117.337305,31.863761,汽车服务;充电站;充电站,0551-63318110;96529,新能源汽车充电桩,2026/1/27 20:38,3.5,14,3.404,2.583,2.609,2.5,2.5,2.5,2.5,2.5
26,站_026,中国石化汽车充电站(少荃湖充电站),瑶海区,磨店街道中国石化少荃湖加油站,117.400635,31.940157,汽车服务;充电站;充电站,95105888,新能源汽车充电桩,2026/1/27 20:38,3.7777777777777777,9,2.5,3.358,3.706,2.5,2.5,2.5,2.5,2.5
27,站_4123,星星充电汽车充电站(便利充陶冲湖充电站),瑶海区,三十头街道大禹路陶冲湖公园(东北角),117.335994,31.933953,汽车服务;充电站;充电站,13856969022,新能源汽车充电桩,2026/1/27 20:38,4.3,29,3.524,4.06,3.535,3.731,2.806,3.27,3.902,3.941
28,站_4815,星星充电汽车充电站(佰川机械充电站),瑶海区,三十头街道佰川餐厅,117.35468,31.982738,汽车服务;充电站;充电站,13866661576,新能源汽车充电桩,2026/1/27 20:38,3.9,11,3.089,4.215,2.583,3.461,3.633,3.24,4.153,3.17
29,站_027,蔚来超充站(合肥新站区安徽巡鹰集团),瑶海区,谷河路,117.35231,31.976063,汽车服务;充电站;充电站,,新能源汽车充电桩,2026/1/27 20:38,4.166666666666667,3,1.347,2.5,2.5,2.5,2.5,2.5,2.5,2.5
30,站_7359,优充星汽车充电站(弘电e充超级充电站复兴路站),瑶海区,聚福家园幼儿园西北门西60米,117.34251,31.840992,汽车服务;充电站;充电站,13339196919,新能源汽车充电桩,2026/1/27 20:38,3.6,21,3.724,4.022,3.536,3.89,2.525,3.948,4.108,2.994
31,站_028,皖小能汽车充电站(新区文忠路高架桥下停车场皖小能快充),瑶海区,宗梅超市旁(文浍苑地铁站C口步行240米),117.366936,31.907946,汽车服务;充电站;充电站,4009961666,新能源汽车充电桩,2026/1/27 20:38,1,1,2.5,2.5,2.5,2.5,2.5,2.5,2.5,2.5
32,站_029,小鹏超级充电站(小鹏S4超快充合肥少荃体育中心站),瑶海区,三十头街道卧龙湖路招商奥体公园,117.35832,31.946495,汽车服务;充电站;充电站,4007836688,新能源汽车充电桩,2026/1/27 20:38,2.875,4,3.892,2.5,2.5,3.892,2.5,2.5,2.5,2.5
33,站_030,壳牌充电汽车充电站(壳牌合肥瑶海公园地面快充站),瑶海区,武里山路与瑶海西路交叉口西南50米,117.317891,31.890815,汽车服务;充电站;充电站,4007160699,新能源汽车充电桩,2026/1/27 20:38,3.076923076923077,13,3.49,2.673,3.238,3.238,3.708,2.5,2.5,2.5
34,站_031,广汽能源汽车充电站(广汽能源合肥京商商贸城H区超充站),瑶海区,京商商贸城H区地面停车场,117.34078,31.928823,汽车服务;充电站;充电站,4006665330,新能源汽车充电桩,2026/1/27 20:38,1.4705882352941178,17,2.5,2.401,2.5,2.5,2.5,2.5,2.5,2.5
35,站_032,星星充电汽车充电站(星星充电-东方商城超充站),瑶海区,明光路街道明光48号,117.308876,31.862386,汽车服务;充电站;充电站,18096698310,新能源汽车充电桩,2026/1/27 20:38,4.166666666666667,6,3.877,2.5,2.5,2.5,2.847,2.5,2.5,2.5
36,站_033,小鹏超级充电站(小鹏S4超快充合肥坝上街吾悦广场站),瑶海区,芜湖路与明光路交叉口西北角吾悦广场,117.30816,31.861034,汽车服务;充电站;充电站,4007836688,新能源汽车充电桩,2026/1/27 20:38,2.25,2,5.49,2.5,2.5,2.5,2.5,2.5,2.5,2.5
37,站_3214,来点电汽车充电站(合肥京商商贸城D区充电站),瑶海区,翠柏路京商商贸城馨之澜假日酒店旁边停车场,117.33886,31.934832,汽车服务;充电站;充电站,15639060008,新能源汽车充电桩,2026/1/27 20:38,3.6,8,3.261,4.101,3.878,3.297,2.873,3.057,2.688,3.508
38,站_034,广汽能源汽车充电站(广汽能源合肥京商商贸城K区超充站),瑶海区,三十头街道翠柏路17号京商商贸城K区,117.34766,31.924986,汽车服务;充电站;充电站,4006665330,新能源汽车充电桩,2026/1/27 20:38,1.9,20,3.2,3.935,2.5,2.658,2.5,2.5,2.5,2.5
39,站_035,国家电网汽车充电站(安徽省合肥市瑶海区大兴出租车快充站二),瑶海区,大兴镇合裕路与钢红路交口西100米地面停车场,117.379662,31.83585,汽车服务;充电站;充电站,0551-63318110;96529,新能源汽车充电桩,2026/1/27 20:38,3.388888888888889,9,3.868,2.5,2.5,2.5,2.5,2.5,2.5,2.5
40,站_036,云快充汽车充电站(科讯电驰合肥瑶海万达充电站),瑶海区,临泉东路万达广场B2层M区(M123-129M002-011),117.349642,31.876355,汽车服务;充电站;充电站,4008288517,新能源汽车充电桩,2026/1/27 20:38,2,15,1.537,3.241,2.5,2.5,2.225,2.5,2.5,2.5
41,站_037,国家电网汽车充电站(安徽省合肥市瑶海区京东方医院北侧少荃湖停车场交流充电站),瑶海区,京东方医院北侧少荃湖公园停车场,117.3781,31.947508,汽车服务;充电站;充电站,0551-63318110,新能源汽车充电桩,2026/1/27 20:38,4.285714285714286,7,2.79,2.5,3.031,2.5,2.5,2.5,2.5,2.5
42,站_038,星星充电汽车充电站(合肥市坝上街超充站),瑶海区,坝上街·尚海汇内部地下停车场,117.30507,31.864435,汽车服务;充电站;充电站,18919766777,新能源汽车充电桩,2026/1/27 20:38,1.3333333333333333,24,2.5,2.701,2.5,1.759,2.378,2.5,2.5,2.306
43,站_039,星星充电汽车充电站(合肥天茂充电站),瑶海区,天茂机械有限公司,117.31759,31.985521,汽车服务;充电站;充电站,13856969022,新能源汽车充电桩,2026/1/27 20:38,5,2,3.52,3.52,3.52,2.5,2.5,3.448,2.5,2.5
44,站_040,理想超级充电站(理想5C超充站合肥瑶海区市政大院小区),瑶海区,胜利路街道淝光路市政大院小区对面停车场,117.29554,31.875477,汽车服务;充电站;充电站,4006860400,新能源汽车充电桩,2026/1/27 20:38,1,2,2.5,0.77,2.5,0.77,2.5,2.5,2.5,2.5
45,站_041,中充服汽车充电站(润升科技产业园慢充站),瑶海区,三十头街道唐河路安徽润升科技产业园,117.34693,31.938707,汽车服务;充电站;充电站,18355107967,新能源汽车充电桩,2026/1/27 20:38,5,1,2.5,2.5,2.5,2.5,2.5,2.5,2.5,2.5
46,站_042,新电途汽车充电站(即刻加电华为液冷超充站),瑶海区,郎溪路与乐水路交口即刻超充站内,117.356345,31.854058,汽车服务;充电站;充电站,4001100835,新能源汽车充电桩,2026/1/27 20:38,3.5,4,4.742,3.176,2.5,2.5,2.5,2.5,2.5,2.5
47,站_043,皖小能汽车充电站(新区同福苑皖小能快充),瑶海区,合肥幼教集团同福苑幼儿园大众路1819号,117.40014,31.929737,汽车服务;充电站;充电站,4009961666,新能源汽车充电桩,2026/1/27 20:38,2.875,4,1,2.5,2.5,2.5,2.5,2.5,2.5,2.5
48,站_044,中国石化汽车充电站(广乐家园充电站),瑶海区,大兴镇广乐宴宾楼(广乐家园店),117.366493,31.852412,汽车服务;充电站;充电站,95105888,新能源汽车充电桩,2026/1/27 20:38,3.5,6,2.5,2.5,2.5,2.5,2.5,2.5,2.5,2.5
49,站_045,广汽能源汽车充电站(广汽能源合肥广德路超充站),瑶海区,龙岗综合经济开发区广德路海洲·景秀世家3期地面停车场,117.363993,31.879978,汽车服务;充电站;充电站,4006665330,新能源汽车充电桩,2026/1/27 20:38,3.6666666666666665,9,3.152,3.161,2.5,2.5,2.5,2.5,2.5,2.5
50,站_046,昆仑网电汽车充电站(中国石油合肥新大充电站),瑶海区,裕溪路辅路与水东路交叉口西100米,117.39112,31.83491,汽车服务;充电站;充电站,95700,新能源汽车充电桩,2026/1/27 20:38,2.083333333333333,6,2.5,2.959,2.5,3.418,2.5,2.5,2.5,2.5
51,站_047,昆仑网电汽车充电站(中国石油安徽公司办公楼充电站),瑶海区,合裕路与采石路交口北侧约40米创和大厦原址,117.34274,31.847637,汽车服务;充电站;充电站,19955145596,新能源汽车充电桩,2026/1/27 20:38,4.625,8,5.636,3.651,2.5,4.032,2.5,2.5,2.5,2.5
52,站_048,小鹏超级充电站(小鹏S4超快充合肥翔孚徽商2号门站),瑶海区,明光路街道明光路与淝光路交口415号,117.29528,31.875326,汽车服务;充电站;充电站,4007836688,新能源汽车充电桩,2026/1/27 20:38,4,2,4.32,2.5,2.5,2.5,2.5,2.5,2.5,2.5
53,站_049,星星充电汽车充电站(中国海油加油站新安江路站),瑶海区,新安江路与广德路交口东南角,117.368347,31.859111,汽车服务;充电站;充电站,0551-63667618,新能源汽车充电桩,2026/1/27 20:38,2.6666666666666665,3,4.45,3.548,2.5,2.5,2.5,2.5,2.5,2.5
54,站_050,星星充电汽车充电站(顺孚享充电京商超充站),瑶海区,七里塘街道泗水路京商商贸城F区地面停车场,117.33639,31.924536,汽车服务;充电站;充电站,18055132896,新能源汽车充电桩,2026/1/27 20:38,4.333333333333333,3,3.582,0.895,2.5,3.082,2.5,2.5,2.5,2.5
55,站_051,特来电汽车充电站(正业大厦),瑶海区,长淮街道北二环路170号平之梦假日酒店地面停车场,117.305742,31.893491,汽车服务;充电站;充电站,,新能源汽车充电桩,2026/1/27 20:38,2.2777777777777777,9,2.5,2.274,2.967,0.432,3.413,2.5,2.5,2.5
56,站_052,壳牌充电汽车充电站(壳牌合肥瑶海静安医院地面快充站),瑶海区,静安中西医结合医院地面停车场,117.377044,31.854951,汽车服务;充电站;充电站,4007160699,新能源汽车充电桩,2026/1/27 20:38,2.6666666666666665,6,3.144,3.831,2.5,2.5,2.5,2.5,2.5,2.5
57,站_053,汽车充电站(国家电网安徽省合肥市瑶海区长江东路中石化合店加油站充电站),瑶海区,合肥龙岗综合经济开发区长江东路辅路中国石化合店加油站地面停车场,117.371131,31.868663,汽车服务;充电站;充电站,0551-63318110;96529,新能源汽车充电桩,2026/1/27 20:38,1.1875,8,2.5,2.537,2.5,2.5,2.5,2.5,2.5,2.5
58,站_054,极氪能源超级充电站(合肥水利仓储运输中心极充站),瑶海区,大兴镇郎溪路与乐水路交口乐水路99号水利仓储运输中心地面停车位,117.35673,31.854086,汽车服务;充电站;充电站,4000036036,新能源汽车充电桩,2026/1/27 20:38,5,1,2.5,2.5,2.5,2.5,2.5,2.5,2.5,2.5
59,站_055,特来电汽车充电站(特来电特来电雷充方米科技园充电站),瑶海区,新海大道1号实验楼101方米科技园区内,117.358567,31.889002,汽车服务;充电站;充电站,4001300001,新能源汽车充电桩,2026/1/27 20:38,3.7857142857142856,7,2.192,2.591,2.646,1.542,2.5,2.5,2.5,2.5
60,站_056,汽车充电站(白猿充电长江东路站),瑶海区,长江东路辅路与王岗路交口西20米,117.388419,31.869282,汽车服务;充电站;充电站,4000610999,新能源汽车充电桩,2026/1/27 20:38,4.333333333333333,6,4.041,3.569,3.308,2.5,3.308,3.308,2.5,2.5
61,站_057,易佳电汽车充电站(易佳电安徽水利物资仓储中心充电站),瑶海区,郎溪路高架,117.356,31.8539,汽车服务;充电站;充电站,0551-62100112,新能源汽车充电桩,2026/1/27 20:38,1.875,4,1.586,2.5,2.5,2.5,2.5,2.5,2.5,2.5
62,站_058,易佳电汽车充电站(易佳电锐能一号充电站),瑶海区,"文忠路(浍水路南门驶出,可免费停车2小时)",117.3695,31.9104,汽车服务;充电站;充电站,0551-62100112,新能源汽车充电桩,2026/1/27 20:38,2.108695652173913,23,2.5,3.004,2.5,2.5,2.5,2.5,2.5,2.5
63,站_059,易佳电汽车充电站(易佳电顺孚享充电京商站),瑶海区,泗水路与大禹路交叉口京商商贸城F区南广场(顺孚石化加油站东边),117.336,31.9249,汽车服务;充电站;充电站,0551-62100112,新能源汽车充电桩,2026/1/27 20:38,1.6666666666666667,9,2.5,3.948,2.5,2.5,3.494,2.5,2.5,2.5
64,站_060,汽车充电站(新亚临泉路站),瑶海区,嘉山路街道新蚌埠路19号,117.300038,31.886191,汽车服务;充电站;充电站,,新能源汽车充电桩,2026/1/27 20:38,5,2,2.5,6.858,9.085,2.5,2.5,2.5,2.5,2.5
65,站_061,新站区学林公园充电站,瑶海区,梦溪路与岱河路交叉口西南60米地面停车场,117.386257,31.903809,汽车服务;充电站;充电站,,新能源汽车充电桩,2026/1/27 20:38,2.888888888888889,9,1.791,2.272,2.5,2.367,2.5,2.5,2.5,2.5
66,站_062,蔚来换电站(合肥瑶海区铜陵路),瑶海区,铜陵路254号,117.323064,31.860689,汽车服务;汽车服务相关;汽车服务相关,,新能源汽车充电桩,2026/1/27 20:38,2.5,1,8.865,2.5,2.5,2.5,8.865,2.5,2.5,2.5
67,站_063,易佳电汽车充电站(易佳电蓝鲤中绿广场充电站),瑶海区,长淮街道站前路中绿广场,117.3198,31.8812,汽车服务;充电站;充电站,0551-62100112,新能源汽车充电桩,2026/1/27 20:38,2.555555555555556,9,2.5,-0.251,2.5,2.5,2.861,2.5,2.5,2.5
68,站_064,易佳电汽车充电站(易佳电蓝鲤信地广场充电站),瑶海区,临泉路与全椒路交汇处东北角信地城市广场1-10号,117.3186,31.877,汽车服务;充电站;充电站,0551-62100112,新能源汽车充电桩,2026/1/27 20:38,1.9,5,3.151,2.5,2.5,2.5,2.5,2.5,2.5,2.5
69,站_065,易佳电汽车充电站(易佳电蓝鲤综保区充电站),瑶海区,东方大道与大禹路交口保税区地面停车场,117.3458,31.9536,汽车服务;充电站;充电站,0551-62100112,新能源汽车充电桩,2026/1/27 20:38,2.333333333333333,9,2.772,2.5,2.5,2.5,2.5,2.5,2.5,2.5
70,站_066,小桔充电汽车充电站(超翔花鸟鱼虫市场超充站),瑶海区,超翔汽车充电站(超翔快充站花鸟鱼虫市场),117.30602,31.853415,汽车服务;充电站;充电站,4000610999,新能源汽车充电桩,2026/1/27 20:38,2.642857142857143,7,3.55,3.209,2.5,2.5,2.5,4.43,2.5,2.5
71,站_5606,特来电汽车充电站(亮亮超充站),瑶海区,瑶海全民健身中心地下停车场A区003(由地面道闸右拐进入地下停车场后左侧进入),117.357356,31.854261,汽车服务;充电站;充电站,4001300001,新能源汽车充电桩,2026/1/27 20:38,4.5,13,3.489,3.414,3.216,4.039,4.5,4.245,4.187,3.282
72,站_067,小桔充电汽车充电站(帕沃充电合肥市宝业广场小桔充电站),瑶海区,宝业东城广场北停车场(东七里地铁站F口步行390米),117.336395,31.871326,汽车服务;充电站;充电站,4000610999,新能源汽车充电桩,2026/1/27 20:38,2.25,8,3.566,2.958,2.5,2.5,2.5,2.5,2.5,2.5
73,站_068,小桔充电汽车充电站(帕沃充电元一希尔顿小桔充电站),瑶海区,元一希尔顿酒店停车场地面停车场,117.309921,31.875836,汽车服务;充电站;充电站,4000610999,新能源汽车充电桩,2026/1/27 20:38,4.35,10,3.085,4.78,2.5,2.5,3.307,2.5,2.5,2.5
74,站_069,合肥充电瑶海区木材厂停车场汽车充电站,瑶海区,铜陵路与长江东大街交口向南100米地面停车场,117.322829,31.860516,汽车服务;充电站;充电站,,新能源汽车充电桩,2026/1/27 20:38,2.4166666666666665,6,2.114,3.067,3.232,2.5,2.5,2.5,2.5,2.5
75,站_070,易佳电汽车充电站(易佳电蓝鲤能源正业大厦充电站),瑶海区,砀山路168号正业大厦停车场,117.306138,31.893619,汽车服务;充电站;充电站,0551-62100112,新能源汽车充电桩,2026/1/27 20:38,1.6333333333333333,15,2.822,2.606,2.5,2.5,2.5,2.5,2.5,2.5
76,站_071,易佳电汽车充电站(易佳电蓝鲤第六空间充电站),瑶海区,城东街道第六空间(裕溪路店),117.341,31.8464,汽车服务;充电站;充电站,0551-62100112,新能源汽车充电桩,2026/1/27 20:38,2.071428571428572,7,2.625,2.625,2.5,2.5,2.5,2.5,2.5,2.5
77,站_2499,蔚来换电站(合肥新站区安徽巡鹰集团),瑶海区,新蚌埠路3768号,117.352541,31.97588,汽车服务;换电站;换电站,,新能源汽车充电桩,2026/1/27 20:38,3.9,13,3.794,4.156,3.514,3.442,2.733,3.7,3.044,3.922
78,站_5488,蔚来换电站(合肥瑶海区政务服务中心),瑶海区,乐水路99号,117.356657,31.853939,汽车服务;换电站;换电站,,新能源汽车充电桩,2026/1/27 20:38,4.2,22,3.48,3.69,3.532,3.259,2.29,3.817,3.214,4.478
79,站_4625,张洼停保场充电站,瑶海区,淮南路辅路与奎河路交叉口东北320米,117.301136,31.938261,汽车服务;充电站;充电站,,新能源汽车充电桩,2026/1/27 20:38,3.3,20,3.904,4.41,3.752,3.242,3.579,3.759,3.038,3.264
80,站_072,小桔充电汽车充电站(帕沃充电合肥市古井假日酒店小桔充电站),瑶海区,古井假日酒店地下停车场(大东门地铁站C口旁),117.302505,31.86475,汽车服务;充电站;充电站,4000610999,新能源汽车充电桩,2026/1/27 20:38,2.75,2,2.5,2.5,2.5,2.5,2.5,2.5,2.5,2.5
81,站_073,安徽星闪充电站,瑶海区,包公大道与郎溪路交叉口西南角,117.357637,31.884441,汽车服务;汽车服务相关;汽车服务相关,,新能源汽车充电桩,2026/1/27 20:38,5,1,2.5,2.5,2.5,2.5,2.5,2.5,2.5,2.5
82,站_4739,小桔充电汽车充电站(瑶海新能源超充站),瑶海区,新能源汽车城(十里村地铁站D口旁),117.34693,31.905407,汽车服务;充电站;充电站,18256508252,新能源汽车充电桩,2026/1/27 20:38,4.3,26,2.896,4.223,3.091,3.522,3.616,3.912,3.165,3.394
83,站_074,小桔充电汽车充电站(安驿信地城市广场临泉路滴滴充电站),瑶海区,小桔充电汽车充电站(小桔安驿信地城市广场临泉路充电站),117.31814,31.876986,汽车服务;充电站;充电站,19810659655,新能源汽车充电桩,2026/1/27 20:38,5,4,2.801,4.718,2.5,2.5,2.801,2.5,2.5,2.5
84,站_075,易佳电汽车充电站(易佳电郁金香充电站),瑶海区,瑶海工业园郁金香新能源科技有限公司地面停车场,117.3441,31.8956,汽车服务;充电站;充电站,0551-62100112,新能源汽车充电桩,2026/1/27 20:38,1.3125,8,2.5,1.276,2.5,2.5,2.5,2.5,2.5,2.5
85,站_076,新亚汽车站充电,瑶海区,站西路与北一环路辅路交叉口东北100米,117.304948,31.880995,汽车销售;汽车销售;汽车销售,,新能源汽车充电桩,2026/1/27 20:38,4.625,4,3.336,2.5,2.5,3.431,2.5,2.5,2.5,2.5
86,站_077,合肥充电新站区陶冲湖公园充电站,瑶海区,新站高新区陶冲湖公园内部,117.334013,31.936591,汽车服务;汽车服务相关;汽车服务相关,,新能源汽车充电桩,2026/1/27 20:38,2.25,4,1.449,3.196,2.5,2.5,2.5,2.5,2.5,2.5
87,站_078,易佳电汽车充电站(易佳电蓝鲤星辰充电站),瑶海区,站前路660号紫颐大厦停车场,117.3107,31.8872,汽车服务;充电站;充电站,0551-62100112,新能源汽车充电桩,2026/1/27 20:38,2,3,2.5,2.5,2.5,2.5,2.5,2.5,2.5,2.5
88,站_079,合肥充电新站区黉街停车场充电站,瑶海区,梦溪路和学府路交口黉街111号地下车库F区,117.388817,31.932683,汽车服务;充电站;充电站,4000610999,新能源汽车充电桩,2026/1/27 20:38,2.95,20,3.538,2.583,2.5,2.5,2.763,2.5,2.5,2.5
89,站_080,易佳电汽车充电站(易佳电蓝鲤白猿充电站),瑶海区,长江东路与王岗路交口西北120米,117.3885,31.8692,汽车服务;充电站;充电站,0551-62100112,新能源汽车充电桩,2026/1/27 20:38,2.0625,8,2.5,2.242,2.5,2.5,2.5,2.5,2.5,2.5
90,站_081,小桔充电汽车充电站(青益新能源文忠路小桔超充站),瑶海区,磨店街道文忠路24号文忠苑,117.372988,31.924536,汽车服务;充电站;充电站,0551-67670802;13655556546,新能源汽车充电桩,2026/1/27 20:38,2.909090909090909,11,3.329,2.5,2.5,3.329,3.941,2.5,2.5,2.5
91,站_082,小桔充电汽车充电站(帕沃充电合肥市瑶海区家天下小桔充电站),瑶海区,家天下生活广场地下停车场B3层B-2054,117.326847,31.894521,汽车服务;充电站;充电站,4000610999,新能源汽车充电桩,2026/1/27 20:38,3.6666666666666665,6,3.477,2.792,2.5,2.5,2.5,2.5,2.5,2.5
92,站_083,易佳电汽车充电站(易佳电蓝鲤电驰充电站),瑶海区,合裕路与钟油坊路交口弘皓大厦内地面停车场,117.3844,31.8353,汽车服务;充电站;充电站,0551-62100112,新能源汽车充电桩,2026/1/27 20:38,3.6666666666666665,3,1.578,2.5,2.5,2.5,2.5,2.5,2.5,2.5
93,站_4026,特来电汽车充电站(顺孚享充电京商站),瑶海区,地面停车场,117.336719,31.924718,汽车服务;充电站;充电站,18055132896,新能源汽车充电桩,2026/1/27 20:38,3.8,28,3.625,4.14,3.028,3.154,3.781,2.876,3.083,3.121
94,站_084,理想汽车充电站(理想超充站合肥瑶海区政务服务中心),瑶海区,乐水路99号水利仓储运输中心地面停车场,117.35584,31.85388,汽车服务;充电站;充电站,4006860400,新能源汽车充电桩,2026/1/27 20:38,4.5,2,2.5,3.828,2.5,2.5,2.5,2.5,2.5,2.5
95,站_085,小桔充电汽车充电站(合肥市翔孚快享充新蚌埠路铁发充电站),瑶海区,嘉山路街道新蚌埠路92-2号,117.30359,31.887644,汽车服务;充电站;充电站,18355480328,新能源汽车充电桩,2026/1/27 20:38,4,6,1.915,2.345,3.203,2.5,2.5,2.5,2.5,2.5
96,站_086,汽车充电站(小桔充电帕沃充电新安江路站),瑶海区,绿舟科技新安江路汽车充电站,117.350062,31.863548,汽车服务;充电站;充电站,4000610999,新能源汽车充电桩,2026/1/27 20:38,1.2727272727272727,11,3.515,1.2,2.5,2.5,2.5,2.5,2.5,2.5
97,站_087,小桔充电汽车充电站(少荃体育中心小桔充电站),瑶海区,三十头街道少荃体育中心体育馆,117.35794,31.946636,汽车服务;充电站;充电站,4000610999,新能源汽车充电桩,2026/1/27 20:38,5,1,2.5,2.5,2.5,2.5,2.5,2.5,2.5,2.5
98,站_088,小桔充电汽车充电站(合肥市翔孚快享充保利充电站),瑶海区,大兴镇新安江路保利·东郡仪园,117.36224,31.859367,汽车服务;充电站;充电站,15385187227,新能源汽车充电桩,2026/1/27 20:38,4,1,6.65,2.5,6.65,2.5,2.5,2.5,2.5,2.5
99,站_089,来点电汽车充电站(合肥京商商贸城K区充电站),瑶海区,七里塘街道铜陵北路京商商贸城K区,117.34418,31.923372,汽车服务;充电站;充电站,15639060008,新能源汽车充电桩,2026/1/27 20:38,3,2,1.25,2.5,2.5,2.5,2.5,2.5,2.5,2.5
100,站_090,小桔充电汽车充电站(合肥市白猿充电东二环),瑶海区,长江东路与二环路交口东兴城地面停车场内,117.338822,31.869434,汽车服务;充电站;充电站,4000610999,新能源汽车充电桩,2026/1/27 20:38,1,1,2.5,2.5,2.5,2.5,2.5,2.5,2.5,2.5
101,站_091,合肥充电合客充电站,瑶海区,合肥全诚机动车检验服务有限公司南2门旁,117.294175,31.887514,汽车服务;充电站;充电站,,新能源汽车充电桩,2026/1/27 20:38,5,1,6.56,6.56,2.5,2.5,2.5,2.5,2.5,2.5
102,站_092,小桔充电汽车充电站(翔孚快享充徽商里小桔充电站),瑶海区,胜利路街道淝光路市政大院小区,117.295334,31.875381,汽车服务;充电站;充电站,18355480328,新能源汽车充电桩,2026/1/27 20:38,3,3,2.5,2.5,3.2,2.5,2.5,2.5,2.5,2.5
103,站_093,小桔充电汽车充电站(合肥市瑶海区万邻坊商业街充电站),瑶海区,史城路与龙腾路交口东北80米来客居龙腾家园廉租房1栋东侧地上停车位,117.356935,31.879753,汽车服务;充电站;充电站,18061937690,新能源汽车充电桩,2026/1/27 20:38,5,1,2.5,2.5,2.5,2.5,2.5,2.5,2.5,2.5
104,站_094,易佳电汽车充电站(易佳电新安江路合肥小汽车充电站),瑶海区,新安江路169号,117.4036,31.8612,汽车服务;充电站;充电站,0551-62100112,新能源汽车充电桩,2026/1/27 20:38,3,4,4.998,1.746,3.556,2.5,2.5,2.5,2.5,2.5
105,站_095,汽车充电站,瑶海区,采石路40号,117.345743,31.856462,汽车服务;充电站;充电站,,新能源汽车充电桩,2026/1/27 20:38,4,1,2.5,6.735,2.5,2.5,2.5,2.5,2.5,2.5
106,站_096,特来电汽车充电站(特来电大众出租充电站),瑶海区,瑶海区工业园新海大道7号安徽大众院内地面停车场,117.357063,31.892611,汽车服务;充电站;充电站,,新能源汽车充电桩,2026/1/27 20:38,5,2,6.61,2.5,2.5,2.5,2.5,2.5,2.5,2.5
107,站_097,特斯拉超级充电站(合肥瑶海宝业东城广场),瑶海区,长江东路504号合肥瑶海宝业东城广场地下停车场负一层B区/入口凤阳东路,117.33668,31.871399,汽车服务;充电站;专用充电站,,新能源汽车充电桩,2026/1/27 20:38,4.5,1,6.145,2.5,2.5,2.5,2.5,2.5,2.5,2.5
108,站_098,壳牌充电汽车充电站(壳牌合肥正鼎酒店地面快充站),瑶海区,文化路与湘灵路交口正鼎商务港停车场,117.32923,31.894058,汽车服务;充电站;充电站,4007160699,新能源汽车充电桩,2026/1/27 20:38,5,5,2.926,2.926,2.5,2.5,3.131,2.5,2.5,2.5
109,站_099,汽车充电站(翔孚快享充新蚌埠路站),瑶海区,新蚌埠路新能源停车场(鸭林冲地铁站C2口步行410米),117.303014,31.887448,汽车服务;充电站;充电站,,新能源汽车充电桩,2026/1/27 20:38,5,1,7.04,2.5,2.5,2.5,2.5,2.5,2.5,2.5
110,站_100,小桔充电汽车充电站(帕沃充电恒大城小桔充电站),瑶海区,王岗路25号恒大城西门,117.38921,31.877665,汽车服务;充电站;充电站,4000610999,新能源汽车充电桩,2026/1/27 20:38,2,4,2.772,2.5,2.5,2.5,2.5,2.5,2.5,2.5
111,站_101,国家电网汽车充电站(安徽省合肥市瑶海区少荃湖隧道东侧停车场交流充电站),瑶海区,文忠路合肥京东方医院东侧约230米,117.382441,31.946865,汽车服务;充电站;充电站,96529,新能源汽车充电桩,2026/1/27 20:38,3,3,-0.017,2.5,2.5,2.5,2.5,2.5,2.5,2.5
112,站_4142,出租汽车司机驿站(新亚临泉路充电站),瑶海区,临泉路与临泉路跨铁路桥交叉口东南方向57米,117.300105,31.886093,汽车服务;充电站;充电站,13965099910,新能源汽车充电桩,2026/1/27 20:38,3.8,11,3.706,4.092,2.55,3.615,2.38,3.446,3.581,2.865
113,站_1111,小鹏超级充电站(小鹏S4超快充合肥瑶海区政务中心站),瑶海区,乐水路99号水利物资仓储物流中心地面停车场(近郎溪路高架),117.355962,31.854027,汽车服务;充电站;充电站,4007836688,新能源汽车充电桩,2026/1/27 20:38,4.3,7,3.129,3.727,3.674,3.758,2.435,3.414,3.911,4.255
114,站_4332,毅威电动青创田园充电站,瑶海区,王岗路55号,117.381518,31.857241,汽车服务;充电站;充电站,,新能源汽车充电桩,2026/1/27 20:38,4,12,3.623,4.065,3.704,3.638,2.013,3.405,3.997,2.881
115,站_102,易佳电汽车充电站(易佳电蓝鲤能源中建大厦充电站),瑶海区,和平路中建大厦停车场负二层、负三层,117.321,31.8558,汽车服务;充电站;充电站,15665433973,新能源汽车充电桩,2026/1/27 20:38,1.8571428571428568,7,2.221,1.853,2.5,2.5,3.013,2.5,2.5,2.5
116,站_103,小桔充电汽车充电站(综合保税区停车场充电站),瑶海区,三十头街道大禹路综合保税区停车场,117.34444,31.953918,汽车服务;充电站;充电站,13866747746,新能源汽车充电桩,2026/1/27 20:38,2,7,0.084,2.5,2.5,2.5,2.5,2.5,2.5,2.5
117,站_104,易佳电汽车充电站(易佳电蓝鲤万邻坊充电站),瑶海区,万邻坊商业街,117.356939,31.879745,汽车服务;充电站;充电站,0551-62100112,新能源汽车充电桩,2026/1/27 20:38,2.5,5,3.353,3.353,2.5,2.5,2.5,2.5,2.5,2.5
118,站_105,理想超级充电站(理想超充站合肥元一希尔顿酒店),瑶海区,长淮街道胜利路198号合肥元一希尔顿酒店,117.30992,31.875929,汽车服务;充电站;充电站,4006860400,新能源汽车充电桩,2026/1/27 20:38,4.875,4,4.589,-1.036,2.5,2.5,2.5,2.5,2.5,2.5
119,站_106,小鹏汽车充电站(小鹏超充合肥龙湖瑶海天街站),瑶海区,王岗路龙湖瑶海天街地下停车场B070(王岗路入口),117.38985,31.867561,汽车服务;充电站;充电站,4007836688,新能源汽车充电桩,2026/1/27 20:38,1,1,2.5,2.5,2.5,2.5,2.5,2.5,2.5,2.5
120,站_9754,理想超级充电站(理想超充站合肥宝业东城广场),瑶海区,宝业东城广场北停车场(东七里地铁站F口步行370米),117.336655,31.871572,汽车服务;充电站;充电站,4006860400,新能源汽车充电桩,2026/1/27 20:38,4.2,12,3.943,4.236,2.674,2.936,3.52,3.413,2.623,2.885
121,站_107,千寻最高台酒店汽车充电站,瑶海区,胜利路58号最高台酒店后停车场,117.309599,31.873564,汽车服务;充电站;充电站,13739296161,新能源汽车充电桩,2026/1/27 20:38,3.2,5,3.214,2.162,3.877,2.5,2.5,2.5,2.5,2.5
122,站_108,国家电网汽车充电站(安徽省合肥市瑶海区文忠路与新海大道交口高架桥下彩色户外停车场交流充电站),瑶海区,文忠路与新海大道交口高架桥下,117.35984,31.891665,汽车服务;充电站;充电站,96529,新能源汽车充电桩,2026/1/27 20:38,5,1,2.5,2.5,2.5,2.5,2.5,2.5,2.5,2.5
123,站_109,中充服汽车充电站(通联家园慢充站),瑶海区,和平路街道通联家园丰大住宅,117.31501,31.859842,汽车服务;充电站;充电站,18355107967,新能源汽车充电桩,2026/1/27 20:38,2,3,2.867,2.5,2.5,2.5,2.5,2.5,2.5,2.5
124,站_110,特来电汽车充电站(特来电郁金香新能源快充站),瑶海区,瑶海区工业园安徽郁金香新能源科技有限公司表面工程技术研究中心地面停车场,117.344271,31.895582,汽车服务;充电站;充电站,4001300001,新能源汽车充电桩,2026/1/27 20:38,1,1,2.5,-0.45,2.5,2.5,2.5,2.5,2.5,2.5
125,站_111,特来电汽车充电站(合肥闽商国贸充电站),瑶海区,长江东大街与肥东路交口东南侧闽商国贸中心地面停车场,117.328526,31.860874,汽车服务;充电站;充电站,4001300001,新能源汽车充电桩,2026/1/27 20:38,2.333333333333333,3,0.358,3.517,2.5,2.5,2.5,2.5,2.5,2.5
126,站_3329,易佳电汽车充电站(易佳电蓝鲤星闪充电站),瑶海区,郎溪路与包公大道交叉口西南角地面停车场,117.357603,31.884341,汽车服务;充电站;充电站,0551-62100112,新能源汽车充电桩,2026/1/27 20:38,3.8,16,3.029,3.805,3.587,3.623,3.187,3.308,3.266,3.699
127,站_112,小桔充电汽车充电站(帕沃充电宝业家纺广场小桔充电站),瑶海区,宝业·家纺广场停车场,117.319234,31.88134,汽车服务;充电站;充电站,4000610999,新能源汽车充电桩,2026/1/27 20:38,2,1,2.5,2.5,2.5,2.5,2.5,2.5,2.5,2.5
128,站_8475,小鹏超级充电站(小鹏S4超快充合肥瑶海新能源汽车城站),瑶海区,瑶海区工业园当涂北路与天水路交叉口安徽瑶海新能源汽车城,117.34664,31.905458,汽车服务;充电站;充电站,4007836688,新能源汽车充电桩,2026/1/27 20:38,3.3,6,4.296,4.017,2.969,3.958,4.5,4.18,4.5,3.786
129,站_113,壳牌充电汽车充电站(壳牌合肥正鼎生态商务港-二期地面快充站),瑶海区,文化路与湘灵路交叉口正鼎商务港北侧停车场,117.32957,31.894115,汽车服务;充电站;充电站,4007160699,新能源汽车充电桩,2026/1/27 20:38,2.5,4,3.171,2.5,2.5,2.5,3.398,2.5,2.5,2.5
130,站_8524,理想超级充电站(理想超充站合肥瑶海区长江东路与王岗路交叉口停车场),瑶海区,合肥龙岗综合经济开发区长江东路辅路白猿汽车充电站内,117.388374,31.86953,汽车服务;充电站;充电站,4006860400,新能源汽车充电桩,2026/1/27 20:38,3.3,15,2.672,4.23,3.853,3.858,2.783,3.326,3.813,3.935
131,站_114,巧克力换电站(瑶海新蚌埠路站),瑶海区,嘉山路街道新蚌埠路19号,117.300125,31.885798,汽车服务;充电站;充电站,4000152025,新能源汽车充电桩,2026/1/27 20:38,5,1,2.5,2.5,2.5,2.5,2.5,2.5,2.5,2.5
132,站_115,特来电汽车充电站(特来电第六空间充电站),瑶海区,城东街道第六空间(裕溪路店),117.33999,31.846721,汽车服务;充电站;充电站,4001300001,新能源汽车充电桩,2026/1/27 20:38,0.5,1,2.5,2.5,2.5,2.5,2.5,2.5,2.5,2.5
133,站_1603,毅威汽车充电站(毅威电动时代红街充电站),瑶海区,新蚌埠路与淮南路交叉口西南角时代红街地下车库,117.296009,31.882792,汽车服务;充电站;充电站,4008806700,新能源汽车充电桩,2026/1/27 20:38,3.9,20,2.806,4.475,2.834,3.668,2.588,3.273,3.298,3.121
134,站_116,小桔充电汽车充电站(奕筱桔大通路力天酒店超充站),瑶海区,合肥力天假日酒店,117.310245,31.859755,汽车服务;充电站;充电站,15255562769,新能源汽车充电桩,2026/1/27 20:38,4.1,5,2.7,2.869,2.5,2.5,2.5,2.5,2.5,2.5
135,站_4638,小鹏超级充电站(小鹏S4超快充合肥北京华联和平路购物中心站),瑶海区,和安巷与和平路交汇处东北50米北京华联购物中心,117.33199,31.85432,汽车服务;充电站;充电站,4007836688,新能源汽车充电桩,2026/1/27 20:38,4.5,26,3.076,3.772,3.582,3.973,2.405,2.9,4.032,3.959
136,站_3486,蔚来能源超级充电站(合肥瑶海区政务服务中心),瑶海区,郎溪路与乐水路交口乐水路99号,117.35674,31.854118,汽车服务;充电站;充电站,,新能源汽车充电桩,2026/1/27 20:38,4.2,9,3.716,4.395,4.313,2.824,3.101,3.307,3.292,4.127
137,站_117,皖小能汽车充电站(新区同心苑皖小能快充),瑶海区,磨店家园同心苑大众路与学府路交口东北角,117.40102,31.936472,汽车服务;充电站;充电站,4009961666,新能源汽车充电桩,2026/1/27 20:38,1,1,2.5,2.5,2.5,2.5,2.5,2.5,2.5,2.5
138,站_8374,极氪能源超级充电站(合肥万达广场瑶海店极充站),瑶海区,临泉东路277号万达广场(瑶海店)地下停车场负一层E区E003车位旁边,117.3498,31.878698,汽车服务;充电站;充电站,4000036036,新能源汽车充电桩,2026/1/27 20:38,3.8,10,3.395,4.15,2.809,4.398,4.334,3.633,3.905,2.809
139,站_1835,合肥充电新亚出租汽车充电站,瑶海区,胜利新村北区附近,117.299804,31.884714,汽车服务;充电站;充电站,,新能源汽车充电桩,2026/1/27 20:38,3.6,11,3.829,3.663,3.705,3.424,3.393,3.679,3.462,3.424
140,站_118,理想超级充电站(理想超充站合肥瑶海万邻坊商业街),瑶海区,合肥龙岗综合经济开发区明皇路37号,117.357216,31.880438,汽车服务;充电站;充电站,4006860400,新能源汽车充电桩,2026/1/27 20:38,5,1,2.5,2.5,2.5,2.5,2.5,2.5,2.5,2.5
141,站_119,汽车充电站(即刻超充),瑶海区,乐水路99号,117.35609,31.853862,汽车服务;充电站;充电站,,新能源汽车充电桩,2026/1/27 20:38,4,3,2.5,2.5,3.122,2.5,2.5,2.5,2.5,2.5
142,站_120,小桔充电汽车充电站(翔孚快享充中绿广场小桔充电站),瑶海区,长淮街道全椒支路中绿广场,117.31992,31.881458,汽车服务;充电站;充电站,18355480328,新能源汽车充电桩,2026/1/27 20:38,3.125,4,4.268,2.5,2.5,2.5,3.431,2.5,2.5,2.5
143,站_121,合肥充电滨河公园汽车充电站,瑶海区,南淝河大桥附近,117.348301,31.832756,汽车服务;充电站;充电站,,新能源汽车充电桩,2026/1/27 20:38,3.25,4,-1.406,2.5,3.461,2.5,2.5,2.5,2.5,2.5
144,站_122,开迈斯汽车充电站(合肥市瑶海保利广场站),瑶海区,新安江路与郎溪路交口保利广场地下停车场266,117.359936,31.85842,汽车服务;充电站;充电站,4006657666,新能源汽车充电桩,2026/1/27 20:38,3.875,4,3.459,3.66,2.5,2.5,3.66,2.5,2.5,2.5
145,站_123,特来电充电站(特来电中盛鞋业),瑶海区,"当涂北路与皇藏峪路交口向北150米,云天幼儿园门口地面停车场",117.342524,31.891661,汽车服务;充电站;充电站,,新能源汽车充电桩,2026/1/27 20:38,3.625,4,1.745,3.721,2.5,1.745,2.5,2.5,2.5,2.5
146,站_124,白猿超级充电站(长江东路站),瑶海区,长江东路180号(王岗地铁站D口步行230米),117.388408,31.869311,汽车服务;汽车服务相关;汽车服务相关,,新能源汽车充电桩,2026/1/27 20:38,3.6875,8,4.131,2.5,2.5,2.5,3.028,2.5,2.5,2.5
147,站_125,星星充电汽车充电站(星星汽车充电站磨店家园同心苑站),瑶海区,磨店街道学府路1号,117.39344,31.93387,汽车服务;充电站;充电站,,新能源汽车充电桩,2026/1/27 20:38,3.733333333333333,15,2.968,2.167,2.5,2.5,2.5,2.5,2.5,2.5
148,站_126,巧克力换电站(新站铜陵北路站),瑶海区,铜陵北路1889号,117.32773,31.904481,汽车服务;充电站;充电站,4000152025,新能源汽车充电桩,2026/1/27 20:38,4,8,3.788,2.5,2.5,3.936,3.315,3.139,2.5,2.5
149,站_127,易佳电汽车充电站(易佳电浍水路迎宾楼充电站),瑶海区,国轩迎宾楼停车场,117.3737,31.9064,汽车服务;充电站;充电站,0551-62100112,新能源汽车充电桩,2026/1/27 20:38,0.9166666666666666,6,2.5,2.5,2.5,2.5,2.5,2.5,2.5,2.5
150,站_128,国家电网汽车充电站,瑶海区,天水路与皇藏峪路交叉口西北120米,117.341001,31.908418,汽车服务;充电站;充电站,,新能源汽车充电桩,2026/1/27 20:38,3.8333333333333335,9,1.852,3.01,2.5,3.025,2.5,2.5,2.5,3.025
151,站_129,易佳电汽车充电站(易佳电蓝鲤皇藏峪路充电站),瑶海区,皇藏峪路与天水路交叉口(瑶海停保场内),117.3421,31.9103,汽车服务;充电站;充电站,0551-62100112,新能源汽车充电桩,2026/1/27 20:38,3.7,10,3.861,2.5,2.5,3.052,3.64,2.5,2.5,2.5
152,站_130,捷顺充汽车充电站(漕冲花园),瑶海区,大兴镇漕冲花园,117.355557,31.861416,汽车服务;充电站;充电站,4007005305,新能源汽车充电桩,2026/1/27 20:38,1.75,2,2.5,4.088,2.5,2.5,2.5,2.5,2.5,2.5
153,站_131,巧克力换电站(瑶海长江东路站),瑶海区,长江东路180号,117.38825,31.87002,汽车服务;汽车服务相关;汽车服务相关,4000152025,新能源汽车充电桩,2026/1/27 20:38,4.625,8,3.922,2.5,2.5,3.176,3.166,3.167,2.5,2.5
154,站_132,云快充汽车充电站(肥东县元疃镇阳光花园充电站),瑶海区,元疃镇众元路1号,117.373512,32.049701,汽车服务;充电站;充电站,4008288517,新能源汽车充电桩,2026/1/27 20:38,1.375,8,1.342,3.052,2.5,1.864,2.5,1.534,2.5,2.5
155,站_133,车电网汽车充电站(合肥京东方医院),瑶海区,京东方医院停车场,117.37849,31.94586,汽车服务;充电站;充电站,0551-66981678,新能源汽车充电桩,2026/1/27 20:38,2.5,6,2.949,2.5,2.5,2.5,2.5,2.5,2.5,2.5
156,站_134,平高智联超级充电站(火车站北广场充电站),瑶海区,竹溪大厦南,117.31907,31.886662,汽车服务;充电站;充电站,4000217008,新能源汽车充电桩,2026/1/27 20:38,2.333333333333333,3,2.5,2.5,2.5,2.5,2.5,2.5,2.5,2.5
157,站_135,星星充电汽车充电站(文忠路宏升超充站),瑶海区,磨店街道学林路宏升科技电缆,117.371237,31.920175,汽车服务;充电站;充电站,13956936599,新能源汽车充电桩,2026/1/27 20:38,4.625,8,7.576,4.179,2.5,2.5,4.326,2.5,2.5,2.5
158,站_136,国家电网汽车充电站(安徽省合肥市瑶海区大兴镇公共交流充电站),瑶海区,大兴镇安徽省电力公司地面停车场,117.379706,31.83589,汽车服务;充电站;充电站,,新能源汽车充电桩,2026/1/27 20:38,2.333333333333333,3,2.098,2.5,2.5,2.5,2.5,2.5,2.5,2.5
159,站_137,汽车充电站(小舞充电站-少荃家园),瑶海区,文忠路1009号奇妙巡游南侧,117.378371,31.937341,汽车服务;充电站;充电站,,新能源汽车充电桩,2026/1/27 20:38,4.125,8,2.94,2.5,2.5,3.245,2.5,2.5,2.5,2.5
160,站_138,理想超级充电站(理想超充站合肥瑶海区郁金香新能源停车场),瑶海区,瑶海区工业园安徽郁金香新能源科技有限公司,117.34429,31.895634,汽车服务;充电站;充电站,4006860400,新能源汽车充电桩,2026/1/27 20:38,3,2,2.5,2.5,2.5,2.5,2.5,2.5,2.5,2.5
161,站_139,汽车充电站(毅威电动三十埠站),瑶海区,大众路8号(三十埠地铁站A口步行290米),117.401085,31.869306,汽车服务;充电站;充电站,,新能源汽车充电桩,2026/1/27 20:38,3,2,4.275,2.5,2.5,2.5,2.5,2.5,2.5,2.5
162,站_140,小朗充电汽车充电站(瑶海区板桥菜市共享充电站),瑶海区,嘉山路街道板桥菜市场,117.29117,31.893103,汽车服务;充电站;充电站,4008806700,新能源汽车充电桩,2026/1/27 20:38,2.125,8,1.914,1.929,2.5,1.914,3.074,2.5,2.5,2.5
163,站_141,合肥市新站区陶冲湖公园大禹路南停车场汽车充电站,瑶海区,大禹路陶冲湖公园(东南角)地面停车场,117.334789,31.92905,汽车服务;充电站;充电站,,新能源汽车充电桩,2026/1/27 20:38,1,1,2.5,2.5,2.5,2.5,2.5,2.5,2.5,2.5
164,站_142,吉利汽车明皇路换电站,瑶海区,明皇路77号,117.369379,31.881583,汽车服务;汽车服务相关;汽车服务相关,,新能源汽车充电桩,2026/1/27 20:38,3.85,10,3.521,2.5,2.5,2.5,2.5,2.5,2.5,2.5
165,站_143,星星充电汽车充电站(安徽东方汽车销售服务有限公司),瑶海区,瑶海区工业园灵石路东方汽车大门口地面停车场,117.352493,31.895358,汽车服务;充电站;充电站,15155954210,新能源汽车充电桩,2026/1/27 20:38,3.8666666666666663,15,2.192,1.65,3.03,3.608,2.5,2.5,2.5,2.5
166,站_144,汽车充电站(合肥充电王岗路路游园),瑶海区,龙岗派出所王岗社区警务室附近,117.388683,31.876216,汽车服务;充电站;充电站,,新能源汽车充电桩,2026/1/27 20:38,3.8181818181818175,11,3.46,2.5,2.5,3.978,3.85,2.5,2.5,2.5
167,站_145,超翔汽车充电站,瑶海区,梅冲湖路南,117.323456,31.990946,汽车服务;充电站;充电站,17354036335,新能源汽车充电桩,2026/1/27 20:38,3.625,4,2.5,2.5,2.5,3.61,1.39,2.5,2.5,2.5
168,站_146,能效邻里共享汽车充电站(高速中央公园地下车库1024号),瑶海区,符离路与符离支路交叉口西180米,117.311905,31.894,汽车服务;充电站;充电站,15856483073,新能源汽车充电桩,2026/1/27 20:38,3.8,5,2.5,2.5,2.5,2.5,2.5,2.5,2.5,2.5
169,站_147,龙岗汽车充电站,瑶海区,通达路1号,117.370887,31.88166,汽车服务;充电站;充电站,,新能源汽车充电桩,2026/1/27 20:38,3.7222222222222223,9,3.902,2.5,2.5,2.5,2.5,2.5,2.5,2.5
170,站_148,理想超级充电站(理想5C超充站理想汽车合肥瑶海国际汽车城零售中心),瑶海区,国际汽车城东二号理想汽车(方庙地铁站D口步行170米),117.341064,31.88374,汽车服务;充电站;充电站,4006860400,新能源汽车充电桩,2026/1/27 20:38,4.416666666666667,12,2.5,2.5,2.997,2.5,2.997,2.5,2.5,2.5
171,站_149,开迈斯汽车充电站(合肥市柏庄金座站),瑶海区,长江东路294号柏庄金座地下停车场B区-180,117.350732,31.869501,汽车服务;充电站;充电站,4006657666,新能源汽车充电桩,2026/1/27 20:38,3.25,4,2.5,2.5,2.5,2.5,2.701,2.5,2.5,2.5
172,站_150,汽车换电站(蔚来换电站合肥新海公园站),瑶海区,新海大道15号,117.348169,31.897222,汽车服务;汽车服务相关;汽车服务相关,,新能源汽车充电桩,2026/1/27 20:38,4.4,10,4.912,2.5,2.5,3.048,3.504,2.5,2.5,2.5
173,站_151,壳牌充电汽车充电站(壳牌合肥汪塘北区地面慢充站),瑶海区,定远北路,117.33039,31.878765,汽车服务;充电站;充电站,4007160699,新能源汽车充电桩,2026/1/27 20:38,1,2,2.5,2.5,2.5,2.5,2.5,2.5,2.5,2.5
174,站_152,新站区陶冲湖公园泗水路充电站,瑶海区,泗水路陶冲湖公园(西南角),117.32874,31.928617,汽车服务;汽车服务相关;汽车服务相关,,新能源汽车充电桩,2026/1/27 20:38,1,1,-1.97,2.5,2.5,2.5,2.5,2.5,2.5,2.5
175,站_153,极氪能源超级充电站(合肥极氪交付中心超充站),瑶海区,龙岗综合经济开发区新安江路169号3厂房极氪交付中心地面停车场,117.404199,31.861816,汽车服务;充电站;充电站,4000036036,新能源汽车充电桩,2026/1/27 20:38,4.115384615384615,13,4.416,2.5,2.5,2.5,2.5,2.5,2.5,2.5
176,站_154,中绿广场超充站,瑶海区,中绿广场西南门西北60米,117.319959,31.881094,汽车服务;充电站;充电站,,新能源汽车充电桩,2026/1/27 20:38,4.166666666666667,12,4.314,2.984,2.5,2.946,2.5,2.5,2.5,2.5
177,站_155,汽车充电站(毅威电动板桥菜市充电站),瑶海区,凤台路与嘉山路交口板桥菜市停车场内(负二),117.289518,31.893196,汽车服务;充电站;充电站,4008806700,新能源汽车充电桩,2026/1/27 20:38,2.5,8,0.725,3.421,2.5,2.5,3.354,2.5,2.5,2.5
178,站_156,新站区陶冲湖公园陶冲湖路汽车充电站,瑶海区,陶冲湖路向北200米,117.328616,31.932284,汽车服务;充电站;充电站,,新能源汽车充电桩,2026/1/27 20:38,3.727272727272727,11,2.701,2.995,2.5,2.5,3.03,2.5,2.5,2.5
179,站_157,小朗充电汽车充电站(双馨苑充电站),瑶海区,新蚌埠路134号双馨苑1栋3单元门口停车位,117.30933,31.888737,汽车服务;充电站;充电站,,新能源汽车充电桩,2026/1/27 20:38,3.388888888888889,9,1.958,2.5,2.5,2.5,3.128,2.5,2.5,2.5
180,站_158,小桔充电汽车充电站(顺孚享充电京商小桔慢充站),瑶海区,七里塘街道泗水路京商商贸城京商商贸城F区停车场,117.33642,31.924499,汽车服务;充电站;充电站,4000610999,新能源汽车充电桩,2026/1/27 20:38,3.5,10,-0.038,4.308,2.5,2.5,3.003,2.5,2.5,2.5
181,站_159,特来电目的地充电站(天水路嘉信印务充电站),瑶海区,七里塘街道安徽嘉信印务,117.318436,31.918844,汽车服务;充电站;充电站,4001300001,新能源汽车充电桩,2026/1/27 20:38,3.375,8,2.363,2.5,2.5,2.5,1.419,2.5,2.5,2.5
182,站_160,世动云充汽车充电站(世动云充合肥市满天星超市充电站),瑶海区,满天星购物中心停车场,117.38398,31.876024,汽车服务;充电站;充电站,4001030535,新能源汽车充电桩,2026/1/27 20:38,3.388888888888889,9,2.5,2.5,2.5,2.5,3.761,2.5,2.5,2.5
183,站_161,蔚景云汽车充电站(福海新居快充电站立炜电力),瑶海区,七里站街道十三香牛肉拉面(土山路店)福海新居西区,117.34099,31.86733,汽车服务;充电站;充电站,4006803880,新能源汽车充电桩,2026/1/27 20:38,2.8,5,3.932,2.777,2.5,2.5,1.871,2.5,2.5,2.5
184,站_162,汽车充电站广州蔚星毛豆瑶东新村站(内部专用),瑶海区,七里塘街道龙门岭路瑶东新村,117.322484,31.88883,汽车服务;充电站;专用充电站,0551-67671111,新能源汽车充电桩,2026/1/27 20:38,2.2,5,2.5,2.183,2.5,2.5,3.208,2.5,2.5,2.5
185,站_163,星星充电汽车充电站(星星充电合肥润创新能源科技有限公司),瑶海区,珍珠路与经二路交口地面停车场,117.349741,31.89686,汽车服务;充电站;充电站,15155954210,新能源汽车充电桩,2026/1/27 20:38,3.7857142857142856,14,2.5,2.5,2.5,3.402,2.5,2.5,2.5,2.5
186,站_164,壳牌充电汽车充电站(壳牌合肥汪塘东区地面慢充站),瑶海区,临泉路与泗州路交口向南50米汪塘小区东区,117.33393,31.874838,汽车服务;充电站;充电站,4007160699,新能源汽车充电桩,2026/1/27 20:38,1,2,2.5,2.5,2.5,2.5,2.5,2.5,2.5,2.5
187,站_165,电动汽车充电站(合肥新站利港喜来登酒店地下站新国标),瑶海区,正鼎·生态商务港北门旁,117.329089,31.894217,汽车服务;充电站;充电站,,快充桩,2026/1/27 20:38,3.625,8,2.5,1.989,2.5,3.14,2.5,2.5,2.5,2.5
188,站_166,云快充目的地充电站(合肥弘盛商业广场),瑶海区,铜陵北路与怀海大道交口东北角,117.32597,31.892365,汽车服务;充电站;充电站,4008288517,快充桩,2026/1/27 20:38,3.4642857142857144,14,2.365,2.5,2.5,2.5,2.5,2.5,2.5,2.5
189,站_167,蔚景云汽车充电站(星闪充电站),瑶海区,合肥龙岗综合经济开发区包公大道辅路如家派柏云酒店,117.3577,31.88446,汽车服务;充电站;充电站,4006803880,快充桩,2026/1/27 20:38,1,1,2.5,2.5,2.5,2.5,2.5,2.5,2.5,2.5
190,站_168,电动汽车充电站(铁山路),瑶海区,"铜陵路街道,梦和苑2期东区地下停车位负二层C18-C23,C24-C29号车位",117.335425,31.860975,汽车服务;充电站;充电站,,快充桩,2026/1/27 20:38,3.5,9,3.16,2.5,2.5,2.5,3.731,2.5,2.5,2.5
191,站_169,能效邻里共享汽车充电站(能效充电桩),瑶海区,伟星长江赋地库13栋南停车位,117.396034,31.86765,汽车服务;充电站;充电站,15155187717,快充桩,2026/1/27 20:38,2.875,4,2.5,2.5,2.5,2.5,2.5,2.5,2.5,2.5
192,站_9055,云快充汽车充电站(徽安汽车新蚌埠路)(暂停营业),瑶海区,新蚌埠路64号安徽徽安汽车服务有限公司地面停车场,117.298536,31.884901,汽车服务;充电站;充电站,4008288517,快充桩,2026/1/27 20:38,4.2,14,2.816,4.375,3.312,3.899,2.497,3.798,2.532,3.87
193,站_170,小鹏超级充电站(水利仓储运输中心店),瑶海区,郎溪路辅路与乐水路交叉口南60米,117.355949,31.853936,汽车服务;汽车服务相关;汽车服务相关,,小鹏超充站,2026/1/27 20:38,3.7857142857142856,7,3.024,2.5,2.5,2.5,4.342,2.5,2.5,2.5
194,站_3191,特来电充电站(特来电站凤阳一村),瑶海区,全椒路66号,117.315257,31.871843,汽车服务;充电站;充电站,,特来电充电站,2026/1/27 20:38,3.6,29,3.293,3.656,3.845,3.446,2.261,3.955,4.084,3.43
195,站_172,特来电汽车充电站(毅威出行芯视界充电站),瑶海区,三十头街道东方大道288号,117.36803,31.950752,汽车服务;充电站;充电站,4008806700,特来电充电站,2026/1/27 20:38,3.5,6,2.5,2.5,2.5,1.694,3.238,2.5,2.5,2.5
196,站_173,特来电目的地充电站(永明服装厂),瑶海区,工业园皇藏峪路3号百帮创业园地面停车场,117.349007,31.892381,汽车服务;充电站;充电站,15605518868,特来电充电站,2026/1/27 20:38,2.333333333333333,3,2.5,2.075,2.5,2.5,2.5,2.5,2.5,2.5
197,站_174,星星充电充电站(信地藏龙阁地产桩群),瑶海区,凤阳东路与天长路交叉口北120米,117.319213,31.873732,汽车服务;充电站;充电站,,星星充电,2026/1/27 20:38,3.107142857142857,14,2.5,2.5,2.5,2.52,2.5,2.5,2.5,2.5
198,站_175,星星充电汽车充电站(星星充电合肥源顺达货运有限公司),瑶海区,合一大型停车场,117.301456,31.918739,汽车服务;充电站;充电站,,星星充电,2026/1/27 20:38,1,1,2.5,-1.14,2.5,2.5,2.5,2.5,2.5,2.5
199,站_176,星星充电充电站(星星磨店家园同心苑站),瑶海区,龙子湖路与大众路交叉口东北260米,117.401086,31.936417,汽车服务;充电站;充电站,,星星充电,2026/1/27 20:38,3,7,1.764,3.101,2.5,2.5,3.165,2.5,2.5,2.5
200,站_177,云快充汽车充电站(合肥庐充博伟二手车充电站),瑶海区,红光街道博伟二手车停车场,117.351074,31.844366,汽车服务;充电站;充电站,4008288517,云快充充电站,2026/1/27 20:38,5,2,2.5,2.5,2.5,2.5,2.5,2.5,2.5,2.5
201,站_178,云快充汽车充电站(安亿弘花溪龙庭新能源),瑶海区,临泉路与顺祥路交口花溪龙庭31栋后面空地,117.382138,31.878419,汽车服务;充电站;充电站,,云快充充电站,2026/1/27 20:38,3.35,10,3.09,3.01,2.5,2.5,3.611,2.5,2.5,2.5
202,站_179,广汽能源汽车充电站(广汽能源合肥京商商贸城D区目的地站),瑶海区,三十头街道淮海大道京商国际商贸城D区,117.34064,31.934696,汽车服务;充电站;充电站,4006665330,商场充电站,2026/1/27 20:38,1.5,3,2.5,2.5,2.5,2.5,2.5,2.5,2.5,2.5
203,站_180,小朗充电汽车充电站(瑶海区东方摩域共享充电站),瑶海区,七里站街道合肥天美童学培训学校东方摩域艺术商业广场东侧停车场,117.33958,31.85921,汽车服务;充电站;充电站,4008806700,商场充电站,2026/1/27 20:38,3.0625,8,1.128,3.069,2.5,2.5,2.763,2.5,2.5,2.5
204,站_181,依威能源汽车充电站(圣大国际饭店),瑶海区,长江东路1137号圣大国际商贸中心地下停车场,117.303635,31.863312,汽车服务;充电站;充电站,4001800910,商场充电站,2026/1/27 20:38,3.055555555555556,9,1.879,3.854,2.5,2.5,3.087,2.998,2.5,2.5
205,站_182,明皇路A区新能源车便民专用汽车充电站,瑶海区,龙岗路8-s104号,117.370999,31.881658,汽车服务;充电站;充电站,,高速服务区充电桩,2026/1/27 20:38,3.111111111111111,9,2.5,3.177,2.5,2.5,2.5,2.5,2.5,2.5
206,站_183,合肥市瑶海区来安路停车场汽车充电站,瑶海区,来安路停车场与长江东路交口南200米,117.320045,31.865342,汽车服务;充电站;充电站,,高速服务区充电桩,2026/1/27 20:38,2.9285714285714284,7,2.5,2.5,2.5,2.5,2.701,2.5,2.5,2.5
207,站_184,合肥市瑶海区襄水路汽车充电站,瑶海区,马岗大道西4号,117.374408,31.86376,汽车服务;充电站;充电站,,高速服务区充电桩,2026/1/27 20:38,5,2,2.5,2.5,2.5,2.5,2.5,2.5,2.5,2.5
208,站_185,合肥市新站区涂山路停保场汽车充电站,瑶海区,涂山路与奎河路交口东南角,117.318756,31.924881,交通设施服务;交通服务相关;交通服务相关,,高速服务区充电桩,2026/1/27 20:38,3.22,10,1.99,2.212,2.5,2.5,3.03,2.5,2.5,2.5
209,站_186,阳光充电汽车充电站(艾能吉贰号),庐阳区,久环给排水燃气设备有限公司西南门旁,117.279434,31.928541,汽车服务;充电站;充电站,15921740083,新能源汽车充电桩,2026/1/27 20:38,3.2916666666666665,24,1.354,4.769,2.728,2.5,2.817,2.5,2.5,2.5
210,站_187,中国石化汽车充电站(融侨悦城充电站),庐阳区,阜阳北路1049号(庐阳经开区地铁站B口步行220米),117.281608,31.920512,汽车服务;充电站;充电站,95105888,新能源汽车充电桩,2026/1/27 20:38,3.6666666666666665,27,2.443,2.825,4.373,2.693,2.78,2.854,2.5,2.5
211,站_4846,阳光充电汽车充电站(艾能吉壹号),庐阳区,杏林街道望城店第二工业区9号厂房旁,117.29213,31.906473,汽车服务;充电站;充电站,18963797475,新能源汽车充电桩,2026/1/27 20:38,3.5,21,3.149,3.6,3.737,3.735,2.964,3.567,2.68,3.243
212,站_189,汽车充电站(中石化石化易电),庐阳区,四里河街道西一环路辅路商鼎公园,117.248779,31.875035,汽车服务;充电站;充电站,95105888,新能源汽车充电桩,2026/1/27 20:38,3.90625,16,3.322,3.513,2.5,2.5,2.825,2.5,2.5,2.5
213,站_190,昆仑网电汽车充电站(中国石油合肥庐阳区宏大充电站),庐阳区,中国石油宏大加油站地面停车场,117.207668,31.925705,汽车服务;充电站;充电站,95700,新能源汽车充电桩,2026/1/27 20:38,2.0961538461538463,26,2.5,2.5,2.5,2.5,2.5,2.5,2.5,2.5
214,站_191,特来电汽车充电站(特来电特来电建华文创园超充站),庐阳区,海棠街道茨河路6号合肥庐阳建华文创园,117.272064,31.891462,汽车服务;充电站;充电站,4001300001,新能源汽车充电桩,2026/1/27 20:38,2.4166666666666665,18,3.507,2.426,2.5,2.218,2.876,2.5,2.5,2.5
215,站_192,云快充汽车充电站(涡阳路充电站),庐阳区,阜阳路与涡阳路交口西南角蓝光半岛公馆东门进地下负二车库3号楼下面,117.282444,31.906285,汽车服务;充电站;专用充电站,4008288517,新能源汽车充电桩,2026/1/27 20:38,3,10,3.764,1.444,2.5,2.5,2.5,2.5,2.5,2.5
216,站_193,广汽能源汽车充电站(合肥银泰中心广汽能源快充站),庐阳区,长江中路98号银泰中心二期地下停车场K008,117.291976,31.862686,汽车服务;充电站;充电站,4001883333,新能源汽车充电桩,2026/1/27 20:38,2.333333333333333,33,2.998,2.524,2.5,2.488,1.218,2.5,2.5,2.5
217,站_194,中国石化汽车充电站(滨水公园北充电站),庐阳区,大杨镇四里渠西路四里河滨水生态公园,117.24879,31.895922,汽车服务;充电站;充电站,95105888,新能源汽车充电桩,2026/1/27 20:38,2.5,4,2.5,2.5,2.5,2.5,2.5,2.5,2.5,2.5
218,站_195,华润电力汽车充电站(合肥欢乐颂),庐阳区,欢乐颂商场,117.26143,31.877111,汽车服务;充电站;充电站,17333117797,新能源汽车充电桩,2026/1/27 20:38,2.7916666666666665,12,4.517,2.5,2.5,2.5,2.5,2.5,2.5,2.5
219,站_196,云快充汽车充电站(安远荷塘路充电站),庐阳区,荷塘路3号,117.282847,31.939476,汽车服务;充电站;充电站,4008288517,新能源汽车充电桩,2026/1/27 20:38,4.318181818181818,22,4.167,2.812,2.5,2.723,2.5,2.5,2.5,2.5
220,站_197,星星充电汽车充电站(星星充电-阜阳北路充电站),庐阳区,杏林街道庆丰小区中国石化北苑加油站,117.287442,31.892268,汽车服务;充电站;充电站,13721098069,新能源汽车充电桩,2026/1/27 20:38,2.25,6,2.5,4.102,2.5,2.5,4.102,2.5,2.5,2.5
221,站_198,星星充电汽车充电站(星星充电-蔚尔加电庐州府快充站),庐阳区,大杨镇怀宁北路国网安徽省电力公司南5米停车场,117.22019,31.891628,汽车服务;充电站;充电站,15155129709,新能源汽车充电桩,2026/1/27 20:38,3.733333333333333,15,3.005,2.158,2.5,2.5,2.361,2.5,2.5,2.5
222,站_199,汽车充电站(中石化安徽合肥庐阳片区桃花店站),庐阳区,四里河街道潘集路桃花店停车场,117.256087,31.89795,汽车服务;充电站;充电站,0551-65650441,新能源汽车充电桩,2026/1/27 20:38,2.75,2,2.5,2.5,2.5,2.5,2.5,2.5,2.5,2.5
223,站_200,星星充电汽车充电站(星星充电明发商业广场充电站),庐阳区,大杨镇四里河路明发商业广场,117.231384,31.899763,汽车服务;充电站;充电站,15155954210,新能源汽车充电桩,2026/1/27 20:38,3.5,4,2.99,1.575,2.5,2.5,2.5,2.5,2.5,2.5
224,站_201,中国石化汽车充电站(滨水公园南充电站),庐阳区,四里河街道四里渠西路四里河滨水生态公园,117.25311,31.878914,汽车服务;充电站;充电站,95105888,新能源汽车充电桩,2026/1/27 20:38,2.5,4,3.028,2.5,2.5,2.5,2.5,2.5,2.5,2.5
225,站_202,优充星汽车充电站(弘电e充·怀宁北路充电站),庐阳区,"怀宁北路与固镇路交口往北五十米,庐州公园P6停车场",117.221314,31.889834,汽车服务;充电站;充电站,13339196919,新能源汽车充电桩,2026/1/27 20:38,4.25,4,3.134,3.196,3.416,2.5,3.196,2.5,2.5,2.5
226,站_203,星星充电汽车充电站(星星充电-合肥金融广场C区充电站),庐阳区,合肥金融广场C地块地上停车场,117.223421,31.887911,汽车服务;充电站;充电站,18963782202,新能源汽车充电桩,2026/1/27 20:38,3.25,8,2.966,2.221,2.5,2.749,2.488,2.5,2.5,2.5
227,站_204,中国石化汽车充电站(双水公园充电站),庐阳区,大杨镇八公山路墨荷园,117.219749,31.89798,汽车服务;充电站;充电站,95105888,新能源汽车充电桩,2026/1/27 20:38,3.333333333333333,3,2.5,2.5,2.5,2.5,2.5,2.5,2.5,2.5
228,站_205,特来电汽车充电站(特来电合肥宜家充电站),庐阳区,蒙城北路129号立体停车场398,117.277027,31.887236,汽车服务;充电站;充电站,4001300001,新能源汽车充电桩,2026/1/27 20:38,2.25,8,0.233,2.252,2.5,2.5,2.5,2.5,2.5,2.5
229,站_206,优充星汽车充电站(弘电e充超级充电站庐州公园站),庐阳区,庐州公园内(东侧),117.232985,31.886054,汽车服务;充电站;充电站,13339196919,新能源汽车充电桩,2026/1/27 20:38,3.928571428571429,7,2.56,2.5,2.872,2.5,2.5,2.5,2.5,2.5
230,站_207,星星充电汽车充电站(星星充电-合肥皖中大厦),庐阳区,庐阳工业区阜阳北路1247号庐阳工业园内停车场皖中明悦国际酒店旁,117.27909,31.926039,汽车服务;充电站;充电站,13721098069,新能源汽车充电桩,2026/1/27 20:38,3.8,5,1.988,2.5,2.5,2.5,2.81,2.5,2.5,2.5
231,站_208,国家电网汽车充电站(安徽省合肥市包河区新天地购物广场公共充电点充电站),庐阳区,蒙城路新天地购物广场地下停车场046,117.279382,31.880845,汽车服务;充电站;充电站,0551-63318110;96529,新能源汽车充电桩,2026/1/27 20:38,1.25,4,2.218,2.5,2.5,2.5,2.5,2.5,2.5,2.5
232,站_209,星星充电汽车充电站(星星充电-蔚尔加电庐州印快充站),庐阳区,草塘路麓湖融光幼儿园西边商业停车场,117.206496,31.934885,汽车服务;充电站;充电站,17805659299,新能源汽车充电桩,2026/1/27 20:38,3.5,7,2.678,2.5,2.5,3.654,2.856,2.5,2.5,2.5
233,站_210,中国石化汽车充电站(临泉路充电站),庐阳区,亳州路街道临泉路7371号中国石化临泉路加油站,117.258736,31.886081,汽车服务;充电站;充电站,95105888,新能源汽车充电桩,2026/1/27 20:38,1.2,5,3.928,2.5,2.5,2.5,2.5,1.029,3.928,2.5
234,站_211,特斯拉超级充电站(合肥庐阳万象汇),庐阳区,临泉路7388号华润庐阳万象汇地下停车场3A,117.258544,31.887134,汽车服务;充电站;充电站,,新能源汽车充电桩,2026/1/27 20:38,5,3,2.5,2.5,2.5,2.5,5.145,2.5,2.5,2.5
235,站_212,中国石化固镇路充电站,庐阳区,西二环路与固镇路交口,117.213979,31.887812,汽车服务;充电站;充电站,95105888,新能源汽车充电桩,2026/1/27 20:38,3.357142857142857,7,3.273,1.799,2.5,2.5,2.5,2.5,3.014,2.5
236,站_213,壳牌充电汽车充电站(壳牌合肥翰林宴地面快充站),庐阳区,四里河路66号地面停车场,117.238197,31.889297,汽车服务;充电站;充电站,4007160699,新能源汽车充电桩,2026/1/27 20:38,3.5,6,4.316,2.023,2.5,2.5,2.5,2.5,2.5,2.5
237,站_214,闪象智充汽车充电站(元丰汽车超充),庐阳区,四里河路与临泉路交口东北角合肥元丰汽车服务有限公司停车场,117.248764,31.884209,汽车服务;充电站;充电站,18715134108,新能源汽车充电桩,2026/1/27 20:38,3.25,4,2.176,2.5,2.5,2.5,2.5,2.5,2.5,2.5
238,站_215,逸安启超级充电站(逸安启超充站-合肥万科广场),庐阳区,"万科广场地下停车场B1层A区(原车位A035-A039,A052-A056),靠近6号扶梯厅",117.23316,31.891813,汽车服务;充电站;充电站,4000010780,新能源汽车充电桩,2026/1/27 20:38,5,2,2.5,2.5,2.5,2.5,4.387,2.5,2.5,2.5
239,站_216,理想超级充电站(理想超充站合肥上城国际名座),庐阳区,杏林街道合瓦路47号上城国际·名座,117.28018,31.888449,汽车服务;充电站;充电站,4006860400,新能源汽车充电桩,2026/1/27 20:38,4.3,5,2.5,2.5,2.5,3.33,3.881,2.5,2.5,2.5
240,站_217,逸安启超级充电站(逸安启超充站-合肥银泰中心),庐阳区,长江中路98号合肥银泰中心地下停车场B2层A区(原车位044-049),117.29143,31.862669,汽车服务;充电站;充电站,4000010780,新能源汽车充电桩,2026/1/27 20:38,4.142857142857143,7,3.231,1.851,2.5,3.13,2.5,2.5,2.5,2.5
241,站_218,特斯拉超级充电站(合肥万科广场),庐阳区,四里河万科广场地下停车场B1层A区(入口紫荆路)/地锁密码5658,117.233212,31.892153,汽车服务;充电站;专用充电站,,新能源汽车充电桩,2026/1/27 20:38,4.166666666666667,6,2.5,3.773,2.5,2.5,3.568,2.5,2.5,2.5
242,站_219,理想超级充电站(理想超充站合肥明发商业广场),庐阳区,大杨镇北二环路辅路明发商业广场南停车场,117.23574,31.896461,汽车服务;充电站;充电站,4006860400,新能源汽车充电桩,2026/1/27 20:38,3.857142857142857,7,2.5,3.109,2.5,2.5,2.5,2.5,2.5,2.5
243,站_220,特斯拉超级充电站(合肥汇丰广场),庐阳区,濉溪路118号合肥汇丰广场地下停车场负二层276-280停车位/入口北一环路,117.28298,31.880396,汽车服务;充电站;充电站,4009100707,新能源汽车充电桩,2026/1/27 20:38,3.928571428571429,7,2.5,3.685,2.5,3.126,3.423,2.5,2.5,2.5
244,站_221,极氪能源超级充电站(合肥朗峰中心极充站),庐阳区,临泉路和肥西路交叉口东北角朗峰中心地下停车场负二层,117.256004,31.887575,汽车服务;充电站;充电站,4000036036,新能源汽车充电桩,2026/1/27 20:38,4.1875,8,2.546,3.137,2.5,3.137,3.402,2.5,2.5,2.5
245,站_222,国家电网汽车充电站(安徽省合肥市庐阳区固镇路中石化加油站充电站),庐阳区,大杨镇中国石化固镇路油气电合建站地面停车场,117.214275,31.88752,汽车服务;充电站;充电站,0551-63318110;96529,新能源汽车充电桩,2026/1/27 20:38,4,4,3.003,2.524,2.5,2.5,2.5,2.5,2.5,2.5
246,站_223,友电目的地充电站(合肥庐阳区天徽大厦),庐阳区,徽州大道15号(四牌楼地铁站D口步行380米),117.28681,31.863314,汽车服务;充电站;充电站,17718180179,新能源汽车充电桩,2026/1/27 20:38,2.1666666666666665,3,0.252,0.463,2.5,2.5,2.5,2.5,2.5,2.5
247,站_224,电动汽车充电站,庐阳区,濉溪路278号财富广场C座地下停车场,117.268124,31.878793,汽车服务;充电站;充电站,4006657666,新能源汽车充电桩,2026/1/27 20:38,4,4,4.81,2.301,2.5,2.5,2.5,2.5,2.5,2.5
248,站_291,电动汽车充电站,庐阳区,濉溪路278号财富广场C座地下停车场,117.268124,31.878793,汽车服务;充电站;充电站,4006657666,新能源汽车充电桩,2026/1/27 20:38,3.5625,8,1.792,2.5,2.5,2.5,1.294,2.5,2.5,2.5
249,站_225,国家电网汽车充电站(安徽省合肥市庐阳区三十岗镇乡镇充电站),庐阳区,三十岗乡古城路营业厅门前停车场,117.12504,31.927376,汽车服务;充电站;充电站,96529,新能源汽车充电桩,2026/1/27 20:38,3.85,10,3.799,3.063,2.5,2.5,2.876,2.5,2.5,2.5
250,站_226,极氪能源汽车充电站(合肥北辰旭辉中心极充站),庐阳区,怀宁北路北辰旭辉中心地下停车场负一层A区A191-A197号车位对面,117.219829,31.889381,汽车服务;充电站;充电站,4000036036,新能源汽车充电桩,2026/1/27 20:38,5,1,2.5,17.185,2.5,9.845,2.5,2.5,2.5,2.5
251,站_227,中充服汽车充电站(工大六安路校区西院慢充桩),庐阳区,三孝口街道合肥工业大学六安路校区西院,117.27751,31.872778,汽车服务;充电站;充电站,18355107967,新能源汽车充电桩,2026/1/27 20:38,3.4,10,1.953,3.539,2.5,2.89,2.5,2.5,2.5,2.5
252,站_228,星星充电汽车充电站(鸿蒙智行授权用户中心·合肥蒙城北路超充站),庐阳区,杏花村街道蒙城北路与荷塘路交口东南角,117.260345,31.935308,汽车服务;充电站;充电站,17682157935,新能源汽车充电桩,2026/1/27 20:38,0.5,1,2.5,2.5,2.5,2.5,2.5,2.5,2.5,2.5
253,站_229,爱电汽车充电站(爱电华林超级充电站),庐阳区,华林模具产有限公司,117.280622,31.920584,汽车服务;充电站;充电站,4008806700,新能源汽车充电桩,2026/1/27 20:38,3.9375,8,3.294,2.5,3.212,2.5,2.99,2.5,2.5,2.5
254,站_230,能效邻里共享汽车充电站(16栋直充口),庐阳区,十六栋一单元门口R001,117.20529,31.91955,汽车服务;充电站;充电站,19965460238,新能源汽车充电桩,2026/1/27 20:38,3.875,8,1.834,3.166,2.5,2.5,2.5,2.5,2.5,2.5
255,站_231,蔚来能源目的地充电站(内部使用合肥工投创智天地),庐阳区,阜阳路与北城大道交口,117.26296,31.95127,汽车服务;充电站;充电站,,新能源汽车充电桩,2026/1/27 20:38,3.7,10,3.616,2.639,2.5,2.711,2.5,2.5,2.5,2.5
256,站_232,星星充电汽车充电站(SAIC尚界授权用户中心·合肥蒙城北路超充站),庐阳区,杏花村街道蒙城北路598号东南约63米,117.273125,31.909044,汽车服务;充电站;充电站,18365556201,新能源汽车充电桩,2026/1/27 20:38,2.833333333333333,9,2.758,2.5,2.5,3.016,2.701,2.5,2.5,2.5
257,站_233,乐来电汽车充电站(小豹充充合肥望城公馆),庐阳区,望城公馆,117.285385,31.892002,汽车服务;充电站;充电站,4008973688,新能源汽车充电桩,2026/1/27 20:38,3.45,10,2.126,3.343,2.5,3.038,2.71,2.5,2.5,2.5
258,站_234,能效邻里共享汽车充电站(我的ES6快充桩),庐阳区,藕塘路时代华庭3栋地下0038号车位,117.269196,31.891087,汽车服务;充电站;充电站,13866154782,新能源汽车充电桩,2026/1/27 20:38,3.7,10,2.13,3.428,2.5,2.5,2.5,2.5,2.5,2.5
259,站_235,易佳电汽车充电站(易佳电蓝鲤神马大院充电站),庐阳区,神马大院南门旁,117.2891,31.8804,汽车服务;充电站;充电站,0551-62100112,新能源汽车充电桩,2026/1/27 20:38,2.8043478260869565,23,3.938,2.67,3.067,2.5,2.917,2.5,2.5,2.5
260,站_236,电动汽车充电站四里河生态公园充电站,庐阳区,北二环路与大房郢路交叉口2199号庐阳市民中心西侧生态地面停车场,117.251148,31.897662,汽车服务;充电站;充电站,,新能源汽车充电桩,2026/1/27 20:38,3,4,2.5,2.5,2.5,4.348,2.5,2.5,2.5,2.5
261,站_237,小桔充电汽车充电站(幸福智充金宝马充电站),庐阳区,林店街道阜阳北路尚爵鼎喜宴会酒店,117.26931,31.954967,汽车服务;充电站;充电站,4000610999,新能源汽车充电桩,2026/1/27 20:38,4.333333333333333,3,2.5,2.5,2.5,2.5,2.5,2.5,2.5,2.5
262,站_238,易佳电汽车充电站(易佳电蓝鲤翔孚永安苑充电站),庐阳区,阜阳路与龙潭路交口西北停车场,117.2863,31.8906,汽车服务;充电站;充电站,0551-62100112,新能源汽车充电桩,2026/1/27 20:38,4,4,5.547,4.786,2.5,4.138,4.685,2.5,2.5,2.5
263,站_239,汽车充电站(杏花公园站),庐阳区,阜南路与寿春路交叉口东南80米,117.274433,31.870808,汽车服务;充电站;充电站,,新能源汽车充电桩,2026/1/27 20:38,3.125,4,1.531,3.469,2.5,3.204,2.5,2.5,2.5,2.5
264,站_240,小桔充电汽车充电站(帕沃充电合肥市融侨皇冠酒店小桔充电站),庐阳区,融侨皇冠假日酒店地面停车场,117.291145,31.874054,汽车服务;充电站;充电站,4000610999,新能源汽车充电桩,2026/1/27 20:38,2.2777777777777777,18,2.999,2.745,2.5,2.5,2.295,2.5,2.5,2.5
265,站_241,易佳电汽车充电站(易佳电蓝鲤杏林宸禹充电站),庐阳区,杏林街道嘉山路杏林花园,117.2912,31.8973,汽车服务;充电站;充电站,0551-62100112,新能源汽车充电桩,2026/1/27 20:38,2.6666666666666665,3,3.467,3.083,2.5,2.5,2.5,2.5,2.5,2.5
266,站_242,汽车充电站(开迈斯充电站合肥市东怡金融广场C座直流站),庐阳区,蒙城路105号东怡金融广场C座地下停车场372,117.278226,31.870255,汽车服务;充电站;充电站,4008806700,新能源汽车充电桩,2026/1/27 20:38,4.25,12,3.836,2.5,2.5,2.884,3.284,2.5,2.5,2.5
267,站_243,特来电充电站(合肥光明影都),庐阳区,光明影都停车场(三孝口地铁站E口步行220米),117.27495,31.860241,汽车服务;充电站;充电站,4001300001,新能源汽车充电桩,2026/1/27 20:38,0.875,4,2.5,1.628,2.5,2.5,2.5,2.5,2.5,2.5
268,站_244,特来电汽车充电站(北极豹神马大院超充站),庐阳区,北一环路辅路与阜阳路交叉口东140米,117.28923,31.880192,汽车服务;充电站;充电站,,新能源汽车充电桩,2026/1/27 20:38,2.9,5,3.006,1.331,2.5,2.5,2.5,2.5,2.5,2.5
269,站_245,特来电汽车充电站(安徽枫绅物流园充电站),庐阳区,天河路346号安徽枫绅仓储物流园地面停车场,117.286929,31.929885,汽车服务;充电站;充电站,18130031682,新能源汽车充电桩,2026/1/27 20:38,2.833333333333333,6,2.682,2.5,2.5,2.5,2.5,2.5,2.5,2.5
270,站_246,特来电汽车充电站(万象汇橡树湾充电站),庐阳区,四里河街道合肥庐阳万象汇,117.26086,31.886913,汽车服务;充电站;充电站,4001300001,新能源汽车充电桩,2026/1/27 20:38,1.875,4,2.5,2.58,2.5,2.5,3.704,2.5,2.5,2.5
271,站_247,小桔充电汽车充电站(合肥世纪中心充电站),庐阳区,世纪中心地下停车场(白水坝地铁站B口步行160米),117.280448,31.877823,汽车服务;充电站;充电站,4000610999,新能源汽车充电桩,2026/1/27 20:38,2.1666666666666665,9,3.142,1.476,2.5,2.5,2.621,2.5,2.5,2.5
272,站_248,小桔充电汽车充电站(帕沃充电合肥市上城名座小桔充电站),庐阳区,上城国际名座地面停车场,117.280049,31.888352,汽车服务;充电站;充电站,4000610999,新能源汽车充电桩,2026/1/27 20:38,2.5625,8,2.391,3.49,3.42,4.48,3.49,2.5,2.5,2.5
273,站_249,易佳电汽车充电站(易佳电蓝鲤蚁聚充电站),庐阳区,"庐阳工业园电厂路(显示红色告警的,请更换设备)",117.253717,31.91788,汽车服务;充电站;充电站,0551-62100112,新能源汽车充电桩,2026/1/27 20:38,2.333333333333333,3,3.353,2.245,2.5,2.5,2.5,2.5,2.5,2.5
274,站_250,小桔充电汽车充电站(合肥市庐阳全民健身中心充电站),庐阳区,全民健身中心地下停车场A006,117.264312,31.895239,汽车服务;充电站;充电站,4000610999,新能源汽车充电桩,2026/1/27 20:38,5,2,3.918,3.568,2.5,2.5,2.5,2.5,2.5,2.5
275,站_251,路特斯汽车充电站(合肥银泰中心闪充站),庐阳区,长江中路98号银泰中心地下1层,117.292658,31.8626,汽车服务;充电站;充电站,,新能源汽车充电桩,2026/1/27 20:38,2.75,6,4.748,2.5,2.5,2.5,2.5,2.5,2.5,2.5
276,站_252,特来电汽车充电站(杏林宸禹壹特来电超充站),庐阳区,杏林街道嘉山路杏林花园,117.291374,31.897528,汽车服务;充电站;充电站,19856543753,新能源汽车充电桩,2026/1/27 20:38,3.65,10,3.773,2.739,3.186,2.5,2.5,2.5,2.5,2.5
277,站_253,特来电汽车充电站(电厂路特来电超充站),庐阳区,杏花村街道新四栋小区西北门旁,117.25368,31.91841,汽车服务;充电站;充电站,18019584040,新能源汽车充电桩,2026/1/27 20:38,5,5,4.965,2.851,2.5,2.5,2.5,2.5,2.5,2.5
278,站_254,汽车充电站(华孚城隍庙电动汽车充电站),庐阳区,蒙城北路199号华孚城隍庙商业广场,117.27349,31.89683,汽车服务;充电站;充电站,,新能源汽车充电桩,2026/1/27 20:38,3.6875,8,3.032,3.041,2.5,2.5,2.5,2.5,2.5,2.5
279,站_255,蔚来换电站(庐阳市民中心西侧生态地面停车场店),庐阳区,北二环路与大房郢路交叉口西南60米,117.252046,31.898084,汽车服务;汽车服务相关;汽车服务相关,,新能源汽车充电桩,2026/1/27 20:38,3.8,10,2.67,4.036,3.209,2.5,3.245,2.5,2.5,2.5
280,站_256,汽车充电站(白猿超级快充北二环站),庐阳区,杏林街道北二环路辅路安徽工商职业学院庐阳校区,117.280301,31.897756,汽车服务;充电站;充电站,4000610999,新能源汽车充电桩,2026/1/27 20:38,3.333333333333333,3,2.5,2.843,2.5,2.5,2.5,2.5,2.5,2.5
281,站_257,车闪电新能源充电桩全国运营中心,庐阳区,益民街与桐城路交叉口西40米,117.279999,31.860541,公司企业;公司;公司,,新能源汽车充电桩,2026/1/27 20:38,2.5,7,2.5,2.744,2.5,2.5,2.966,2.5,2.5,2.5
282,站_258,特来电充电站(毅威出行四里河美凯龙),庐阳区,四里河路与临泉路交口红星美凯龙地下停车场038,117.242777,31.87942,汽车服务;充电站;充电站,4001300001,新能源汽车充电桩,2026/1/27 20:38,3.75,4,1.971,2.5,2.5,2.5,2.78,2.5,2.5,2.5
283,站_259,星星充电汽车充电站(光域快充固镇路超级充电站),庐阳区,风荷苑南门西南50米,117.27948,31.89467,汽车服务;充电站;充电站,15395166565,新能源汽车充电桩,2026/1/27 20:38,2.5,1,2.5,2.5,2.5,2.5,2.5,2.5,2.5,2.5
284,站_260,小桔充电汽车充电站(翔孚快享充永安苑小桔快充站),庐阳区,阜阳路与龙潭路交口永安苑停车场,117.286446,31.89043,汽车服务;充电站;充电站,18355480328,新能源汽车充电桩,2026/1/27 20:38,1,2,2.5,2.5,2.5,2.5,2.5,2.5,2.5,2.5
285,站_261,快速充电桩,庐阳区,颍上路52号,117.272338,31.886641,生活服务;生活服务场所;生活服务场所,,新能源汽车充电桩,2026/1/27 20:38,3,7,3.159,2.5,2.5,2.5,2.5,2.5,2.5,2.5
286,站_262,合肥充电合淮路充电站,庐阳区,董铺路辅路与清源路交叉口东南60米,117.212544,31.898905,汽车服务;充电站;充电站,,新能源汽车充电桩,2026/1/27 20:38,3.333333333333333,9,2.771,2.5,2.5,2.5,3.172,2.5,2.5,2.5
287,站_263,合肥市庐阳区长丰路停车场汽车充电站,庐阳区,长丰路41号,117.26253,31.87753,汽车服务;充电站;充电站,,新能源汽车充电桩,2026/1/27 20:38,3.2916666666666665,12,2.28,3.127,2.889,2.345,2.528,2.5,3.003,2.5
288,站_264,弘电e充电动汽车充电站庐州公园,庐阳区,冬青街,117.233116,31.886212,汽车服务;汽车服务相关;汽车服务相关,13339196919,新能源汽车充电桩,2026/1/27 20:38,3.2,10,2.478,2.63,2.5,2.5,2.722,2.5,2.5,2.5
289,站_265,快特固镇路汽车快充站,庐阳区,固镇路与合瓦路交口东南角,117.279293,31.894587,汽车服务;充电站;充电站,,新能源汽车充电桩,2026/1/27 20:38,5,1,3.705,2.5,2.5,2.5,2.5,2.5,2.5,2.5
290,站_266,闪烁充电金丰广场超级快充汽车充电站,庐阳区,金丰商业广场停车场(海棠地铁站C2口步行390米),117.278224,31.883528,汽车服务;充电站;充电站,,新能源汽车充电桩,2026/1/27 20:38,3.5,10,2.944,2.5,2.5,2.5,3.174,2.5,2.5,2.5
291,站_267,汽车充电站(合肥充电徐桥苑菜市站),庐阳区,阜阳北路004号,117.2676,31.954255,汽车服务;充电站;充电站,,新能源汽车充电桩,2026/1/27 20:38,2.833333333333333,3,2.5,2.5,2.5,2.5,2.5,2.5,2.5,2.5
292,站_268,小朗充电汽车充电站(Fridin弗利汀酒店合肥淮河路步行街银泰中心店充电站),庐阳区,长江中路158号华都大厦1层Fridin弗利汀酒店,117.2855,31.86212,汽车服务;充电站;充电站,,新能源汽车充电桩,2026/1/27 20:38,1,1,2.5,2.5,2.5,2.5,2.5,2.5,2.5,2.5
293,站_269,小朗充电汽车充电站(合肥淮河路步行街市府广场亚朵酒店充电站),庐阳区,逍遥津街道花园街38号亚朵酒店,117.28569,31.86492,汽车服务;充电站;充电站,,新能源汽车充电桩,2026/1/27 20:38,5,1,2.5,2.5,2.5,2.5,2.5,2.5,2.5,2.5
294,站_270,白猿超级快充站,庐阳区,安徽工商职业学院庐阳校区西北门东140米,117.280079,31.897705,汽车服务;充电站;充电站,,新能源汽车充电桩,2026/1/27 20:38,3.55,10,2.581,2.333,2.5,2.5,2.5,2.5,2.5,2.5
295,站_271,小朗充电汽车充电站(庐阳区杏花国际共享充电站),庐阳区,林店街道合肥杏花国际广场A座,117.27215,31.939526,汽车服务;充电站;充电站,4008806700,新能源汽车充电桩,2026/1/27 20:38,3.5,10,3.704,3.432,3.267,2.897,3.285,2.5,2.5,2.5
296,站_272,合肥充电庐阳区藕塘公园充电站,庐阳区,界首路海亮红玺台,117.266891,31.890874,汽车服务;充电站;充电站,,新能源汽车充电桩,2026/1/27 20:38,4,2,4.342,2.5,2.5,0.28,2.5,2.5,2.5,2.5
297,站_273,星星充电汽车充电站(安畅电动汽车充电站)(暂停营业),庐阳区,海棠街道界首路安畅机动车检测站地面停车场,117.268654,31.888251,汽车服务;充电站;充电站,15105589802,新能源汽车充电桩,2026/1/27 20:38,2.6666666666666665,6,2.5,2.168,2.5,2.5,2.5,2.5,2.5,2.5
298,站_8156,特斯拉超级充电站(合肥四里河红星美凯龙)(暂停营业),庐阳区,红星美凯龙四里河店停车场,117.243164,31.878885,汽车服务;充电站;充电站,4009100707,新能源汽车充电桩,2026/1/27 20:38,4,9,3.887,3.634,3.023,3.508,3.535,2.977,2.632,3.146
299,站_274,庐阳区高压走廊充电站,庐阳区,停车场(太和路),117.275728,31.91848,汽车服务;汽车服务相关;汽车服务相关,,新能源汽车充电桩,2026/1/27 20:38,3.8,10,4.139,5.362,2.5,3.034,3.055,2.5,2.5,2.5
300,站_275,奥迪汽车充电站(合肥万科广场),庐阳区,"合肥四里河路599号B1层PA085,PA086,PA087(3个)车位",117.234059,31.892252,汽车服务;充电站;充电站,4001300001,新能源汽车充电桩,2026/1/27 20:38,4.2,10,3.905,2.5,2.5,3.07,3.458,2.5,2.5,2.5
301,站_276,特斯拉超级充电站(合肥北辰旭辉中心),庐阳区,固镇路与怀宁北路交口合肥北辰旭辉中心地下停车场负一层B区/入口固镇路,117.219696,31.889282,汽车服务;充电站;专用充电站,4009100707,新能源汽车充电桩,2026/1/27 20:38,4.2,10,3.659,2.965,2.5,3.1,3.143,2.5,2.5,2.5
302,站_277,新电途充电站(弘电e充超级充电站庐州公园站),庐阳区,冬青街与紫荆街交叉口西80米,117.233186,31.886066,汽车服务;充电站;充电站,,新能源汽车充电桩,2026/1/27 20:38,4.05,10,3.282,3.476,2.5,3.056,3.021,2.5,2.5,2.5
303,站_278,特来电充电站(特来电站都市广场停车楼),庐阳区,金都楼立体停车场,117.282468,31.866085,汽车服务;充电站;充电站,,新能源汽车充电桩,2026/1/27 20:38,3.5,8,2.5,3.229,2.5,3.137,3.099,2.5,2.5,2.5
304,站_279,能效邻里共享汽车充电站(橡树湾二期10911车位快充),庐阳区,"橡树湾二期地下车库10911东门进停车场,左手边第三个车位",117.26091,31.888243,汽车服务;充电站;充电站,18356966896,新能源汽车充电桩,2026/1/27 20:38,4.05,10,3.282,3.498,2.5,2.5,4.212,2.5,2.5,2.5
305,站_280,小豹充充汽车充电站(小豹充充合肥大杨花园),庐阳区,四里河路与大杨南路交口大杨花园,117.21538,31.915071,汽车服务;充电站;充电站,4008973688,新能源汽车充电桩,2026/1/27 20:38,3.9444444444444446,9,3.033,2.652,2.5,2.5,3.033,2.5,2.5,2.5
306,站_281,星星充电汽车充电站(天王巷4号充电桩),庐阳区,淮河路303号邮电大厦地面停车场,117.283093,31.865151,汽车服务;充电站;充电站,,新能源汽车充电桩,2026/1/27 20:38,1,2,2.5,2.5,2.5,2.5,2.5,2.5,2.5,2.5
307,站_282,小桔充电汽车充电站(翔孚快享充富源小区慢充站),庐阳区,富源小区,117.27347,31.890972,汽车服务;充电站;充电站,4000610999,新能源汽车充电桩,2026/1/27 20:38,3.8125,8,1.338,4.432,2.5,2.5,3.113,2.5,2.5,2.5
308,站_283,依威能源汽车充电站(恒盛·皇家花园3期),庐阳区,丽水路附近恒盛·皇家花园3期,117.26767,31.92284,汽车服务;充电站;充电站,4001800910,新能源汽车充电桩,2026/1/27 20:38,3.9,10,2.954,2.445,2.5,2.5,2.5,3.47,2.5,2.5
309,站_284,汽车充电站(星星充电华润万象汇站),庐阳区,凤凰山路与临泉路交口(四泉桥地铁站B口步行220米),117.259048,31.886795,汽车服务;充电站;充电站,4008288517,新能源汽车充电桩,2026/1/27 20:38,3.727272727272727,11,3.274,2.42,2.978,2.5,3.229,2.5,2.5,2.5
310,站_285,小朗充电汽车充电站(畅园新村西区充电站),庐阳区,"亳州路街道,畅园新村西区76栋西侧地面停车位",117.25476,31.885166,汽车服务;充电站;充电站,,新能源汽车充电桩,2026/1/27 20:38,3.7222222222222223,9,1.872,3.647,2.5,2.5,3.128,2.5,2.5,2.5
311,站_286,小朗充电汽车充电站(畅园新村东区充电站),庐阳区,"亳州路街道,畅园新村东区7栋南侧,5栋楼北侧单元门口停车位",117.25981,31.883816,汽车服务;充电站;充电站,,新能源汽车充电桩,2026/1/27 20:38,3.6666666666666665,9,3.099,3.099,2.5,2.5,3.085,2.5,2.5,2.5
312,站_287,小朗充电汽车充电站(置地汇丰广场充电站),庐阳区,置地·汇丰广场合肥柏景假日酒店地库负二层靠近出口位置2200-2208号车位,117.28258,31.880716,汽车服务;充电站;充电站,,新能源汽车充电桩,2026/1/27 20:38,3.8333333333333335,9,2.201,3.084,2.5,2.5,3.668,2.5,2.5,2.5
313,站_288,小朗充电汽车充电站(庐阳区金龙国际共享充电站),庐阳区,四里河街道肥西北路金龙国际地下车库负二层,117.25443,31.881529,汽车服务;充电站;充电站,4008806700,新能源汽车充电桩,2026/1/27 20:38,3.8,10,2.216,2.5,2.5,3.085,3.308,2.5,2.5,2.5
314,站_289,保时捷汽车充电站(合肥银泰中心保时捷快充站),庐阳区,"长江中路98号B2层,C297、C299车位",117.29198,31.863176,汽车服务;充电站;充电站,4006910911,新能源汽车充电桩,2026/1/27 20:38,4,9,7.589,2.5,2.5,4.458,2.5,2.5,2.5,2.5
315,站_290,小朗充电汽车充电站(思和苑充电站),庐阳区,四里河街道思和苑小区地面停车位,117.24862,31.876127,汽车服务;充电站;充电站,,新能源汽车充电桩,2026/1/27 20:38,3.7222222222222223,9,2.5,3.655,2.5,2.5,4.441,2.5,2.5,2.5
316,站_224,电动汽车充电站,庐阳区,荣城花园南苑对面,117.272363,31.914,汽车服务;充电站;充电站,,新能源汽车充电桩,2026/1/27 20:38,4,4,4.81,2.301,2.5,2.5,2.5,2.5,2.5,2.5
317,站_291,电动汽车充电站,庐阳区,荣城花园南苑对面,117.272363,31.914,汽车服务;充电站;充电站,,新能源汽车充电桩,2026/1/27 20:38,3.5625,8,1.792,2.5,2.5,2.5,1.294,2.5,2.5,2.5
318,站_292,蔚景云汽车充电站(崔岗村生态旅游区充电站),庐阳区,三十岗乡崔潭路庐阳区三十岗生态农业旅游区内(西侧),117.08285,31.946854,汽车服务;充电站;充电站,4006803880,新能源汽车充电桩,2026/1/27 20:38,3.5,7,3.364,2.5,2.5,3.214,3.364,2.5,2.5,2.5
319,站_293,蔚来目的地充电站(合肥万科中心),庐阳区,四里河街道万科中心地下停车场2488,117.24568,31.879336,汽车服务;充电站;充电站,,新能源汽车充电桩,2026/1/27 20:38,2.8125,8,2.5,2.5,2.5,2.5,2.714,2.5,2.5,2.5
320,站_294,汽车充电站(三只兔新能源合肥庐阳卫生厅机关宿舍站),庐阳区,丁家巷2号,117.28219,31.85996,汽车服务;充电站;充电站,19266461951,新能源汽车充电桩,2026/1/27 20:38,3.6,10,2.049,2.63,2.5,2.5,2.5,2.5,2.5,2.5
321,站_295,绿地派克公馆充电站,庐阳区,八公山路与瓦埠湖路交叉口南120米,117.220193,31.895213,购物服务;购物相关场所;购物相关场所|生活服务;生活服务场所;生活服务场所,,新能源汽车充电桩,2026/1/27 20:38,3.227272727272727,11,2.065,2.738,2.5,2.794,2.5,2.5,2.5,2.5
322,站_296,京联充电桩(清雅苑充电站),庐阳区,古城路24号,117.129744,31.925332,汽车服务;充电站;充电站,,新能源汽车充电桩,2026/1/27 20:38,3.5,6,2.5,3.043,2.5,2.5,2.776,2.5,2.5,2.5
323,站_297,小桔充电汽车充电站(合肥市罗兰苑小桔充电站),庐阳区,祥源·上城国际罗兰苑,117.27875,31.89619,汽车服务;充电站;充电站,4000610999,新能源汽车充电桩,2026/1/27 20:38,3.6818181818181817,11,2.148,3.772,2.5,3.085,2.5,2.5,2.5,2.5
324,站_298,京联充电桩(源祥广场充电站),庐阳区,阜阳北路432号,117.286083,31.896744,汽车服务;充电站;充电站,,新能源汽车充电桩,2026/1/27 20:38,1.9090909090909087,11,2.287,2.5,2.5,2.5,2.5,2.5,2.5,2.5
325,站_299,小朗充电汽车充电站(庐阳区四里河美凯龙共享充电站),庐阳区,红星美凯龙(安徽全球家居1号店)地下车库1层,117.242805,31.879412,汽车服务;充电站;充电站,4008806700,新能源汽车充电桩,2026/1/27 20:38,3.4166666666666665,12,2.625,2.584,2.5,2.5,2.625,2.5,2.5,2.5
326,站_300,友电目的地充电站(合肥罗兰德小区),庐阳区,罗兰德小区(杏花公园地铁站D口步行320米),117.27688,31.871714,汽车服务;充电站;充电站,17718180179,新能源汽车充电桩,2026/1/27 20:38,3.25,6,2.5,2.5,2.5,2.5,2.5,2.5,2.5,2.5
327,站_301,Zeekrpower北城旭辉中心汽车充电站,庐阳区,北辰旭辉中心B1层,117.219875,31.889276,汽车服务;充电站;充电站,,新能源汽车充电桩,2026/1/27 20:38,3.9,10,2.649,2.5,2.5,3.238,2.074,2.5,2.5,2.5
328,站_302,小桔充电汽车充电站(合肥市祥源翡丽城小桔充电站),庐阳区,亳州路街道祥源翡丽城(东2门),117.26603,31.880907,汽车服务;充电站;充电站,4000610999,新能源汽车充电桩,2026/1/27 20:38,2.5,2,2.5,2.5,2.5,2.5,2.5,2.5,2.5,2.5
329,站_303,依威能源汽车充电站(警泰苑),庐阳区,亳州路街道长丰路80号警泰苑,117.260635,31.872648,汽车服务;充电站;充电站,4001800910,新能源汽车充电桩,2026/1/27 20:38,1,3,2.5,2.5,2.5,2.5,1.827,2.5,2.5,2.5
330,站_304,小桔充电汽车充电站(合肥市上城国际百合苑小桔充电站),庐阳区,杏林街道上城国际百合苑,117.28301,31.896185,汽车服务;充电站;充电站,4000610999,新能源汽车充电桩,2026/1/27 20:38,3.409090909090909,11,2.634,2.786,2.5,2.5,2.661,2.5,2.5,2.5
331,站_305,嘉顿新能源汽车充电站,庐阳区,金池路985号,117.284181,31.924038,汽车服务;充电站;充电站,,新能源汽车充电桩,2026/1/27 20:38,3.2777777777777777,9,2.086,2.783,2.5,2.891,2.712,2.5,2.5,2.5
332,站_306,保时捷汽车充电站(合肥庐阳保时捷中心充电站),庐阳区,蒙城北路780号(蒙城北路与涡阳路交叉口),117.273396,31.905187,汽车服务;充电站;充电站,4008205911,新能源汽车充电桩,2026/1/27 20:38,3.6666666666666665,9,2.746,2.796,2.5,2.746,2.741,2.729,2.5,2.5
333,站_307,汽车充电站(三十岗东瞿村谢家),庐阳区,东瞿路37号,117.139524,31.928968,汽车服务;充电站;充电站,,新能源汽车充电桩,2026/1/27 20:38,3.1666666666666665,9,2.141,2.334,2.5,2.5,2.5,2.5,2.5,2.5
334,站_308,小朗充电汽车充电站(庐阳区正奇金融共享充电站),庐阳区,亳州路街道禹王亭路正奇金融广场,117.26156,31.88592,汽车服务;充电站;充电站,4008806700,新能源汽车充电桩,2026/1/27 20:38,3.3,10,2.5,2.797,2.5,2.5,2.643,2.5,2.5,2.5
335,站_309,小朗充电汽车充电站(畅园新村A区充电站),庐阳区,"亳州路街道,亳州路322号畅园新村63栋南侧地面停车位",117.25702,31.88447,汽车服务;充电站;充电站,,新能源汽车充电桩,2026/1/27 20:38,1,1,2.5,2.5,2.5,2.5,2.5,2.5,2.5,2.5
336,站_310,小朗充电汽车充电站(庐阳区华星大厦共享充电站),庐阳区,华星大厦停车场,117.21268,31.913898,汽车服务;充电站;充电站,4008806700,新能源汽车充电桩,2026/1/27 20:38,3.2916666666666665,12,2.084,2.09,2.5,2.5,2.5,2.5,2.5,2.5
337,站_311,京联充电桩(清水苑充电站),庐阳区,古城路168号,117.125769,31.929129,汽车服务;充电站;充电站,,新能源汽车充电桩,2026/1/27 20:38,3,8,2.5,2.5,2.5,1.839,2.5,2.5,2.5,2.5
338,站_312,小朗充电汽车充电站(晨欣园B区充电站),庐阳区,亳州路街道合肥市大西门幼儿园馨和分园晨欣园17栋18栋北侧停车位,117.25547,31.884527,汽车服务;充电站;充电站,,新能源汽车充电桩,2026/1/27 20:38,0.5,1,2.5,2.5,2.5,2.5,2.5,2.5,2.5,2.5
339,站_313,小朗充电汽车充电站(畅园新村B区充电站),庐阳区,亳州路322号畅园新村B区直行走到底靠左手侧36栋南侧地上停车位,117.25845,31.88446,汽车服务;充电站;充电站,,新能源汽车充电桩,2026/1/27 20:38,2.5625,8,1.824,2.5,2.5,1.924,2.5,2.5,2.5,2.5
340,站_314,小朗充电汽车充电站(晨欣园A区充电站),庐阳区,亳州路街道晨欣园7号楼东南角地面停车位,117.2558,31.883224,汽车服务;充电站;充电站,,新能源汽车充电桩,2026/1/27 20:38,2.357142857142857,14,2.5,2.5,2.5,2.067,2.5,2.5,2.5,2.5
341,站_315,万科学林雅苑闪开充电站,庐阳区,万科徽创学林雅苑2号楼,117.267183,31.90939,汽车服务;汽车服务相关;汽车服务相关,,新能源汽车充电桩,2026/1/27 20:38,3.15,10,3.244,3.516,2.5,3.132,2.5,2.5,2.5,2.5
342,站_316,汽车充电站(蓝鲤融侨悦里站),庐阳区,阜阳北路526号融侨悦里负一层,117.2826,31.918921,汽车服务;充电站;充电站,,新能源汽车充电桩,2026/1/27 20:38,3.409090909090909,11,2.695,2.932,2.5,2.5,2.5,2.5,2.5,2.5
343,站_317,依威能源汽车充电站(龙源丽景藕塘路),庐阳区,固镇路与藕塘路交叉口东南150米龙源丽景地面停车场,117.273936,31.893326,汽车服务;充电站;充电站,4001800910,新能源汽车充电桩,2026/1/27 20:38,1.9,10,2.188,2.883,2.5,2.5,2.5,2.5,2.232,2.5
344,站_318,依威能源汽车充电站(天赐园),庐阳区,蒙城北路与二环路交汇处向前300米天赐园地下停车场,117.27376,31.901855,汽车服务;充电站;充电站,4001800910,新能源汽车充电桩,2026/1/27 20:38,3,1,2.5,11.15,2.5,2.5,2.5,2.5,2.5,2.5
345,站_319,闪开汽车充电站,庐阳区,万科森林公园朗庭附近,117.236483,31.88841,汽车服务;充电站;充电站,13966311589,新能源汽车充电桩,2026/1/27 20:38,2.9,10,1.849,1.297,2.5,2.5,2.674,2.5,2.5,2.5
346,站_320,依威能源汽车充电站(幸福人家),庐阳区,界首路4号幸福人家,117.265175,31.884172,汽车服务;充电站;充电站,4001800910,新能源汽车充电桩,2026/1/27 20:38,2.0625,8,0.461,2.5,2.5,2.5,2.5,2.5,2.5,2.5
347,站_321,快电·能链充电站(财富广场店),庐阳区,北一环路辅路与界首路交叉口东南160米,117.267447,31.878321,汽车服务;充电站;充电站,,新能源汽车充电桩,2026/1/27 20:38,3.272727272727273,11,2.778,3.256,2.5,2.857,3.025,2.5,2.5,2.5
348,站_322,普天充电站(合肥宝利丰汽车销售服务有限公司),庐阳区,蒙城北路2100号合肥宝利丰汽车销售服务有限公司停车场,117.259654,31.941808,汽车服务;充电站;充电站,,新能源汽车充电桩,2026/1/27 20:38,3.5,5,2.777,2.5,2.5,4.822,2.953,2.5,2.5,2.5
349,站_323,汽车充电站(速停车大圣合肥万科广场站),庐阳区,四里河路599号合肥万科广场,117.234204,31.892245,汽车服务;充电站;充电站,,新能源汽车充电桩,2026/1/27 20:38,3.1666666666666665,9,2.511,3.072,2.5,2.5,2.5,2.5,2.5,2.5
350,站_324,依威能源汽车充电站(森林明珠小区),庐阳区,森林明珠小区地下停车场B1层,117.21948,31.895039,汽车服务;充电站;充电站,4001800910,新能源汽车充电桩,2026/1/27 20:38,2.0625,8,1.416,1.651,2.5,2.5,2.5,2.5,2.5,2.5
351,站_325,依威能源汽车充电站(北都花园),庐阳区,阜阳路631号北都花园(一里井地铁站E口步行420米),117.285355,31.8911,汽车服务;充电站;充电站,4001800910,新能源汽车充电桩,2026/1/27 20:38,2.7,10,0.973,2.676,2.5,2.5,2.5,2.5,2.5,2.5
352,站_326,依威能源汽车充电站(滨水嘉苑),庐阳区,清源路与兰花路交叉口东北160米,117.248396,31.903368,汽车服务;充电站;充电站,,新能源汽车充电桩,2026/1/27 20:38,2.1,10,0.812,2.354,2.5,2.5,2.5,2.5,2.5,2.5
353,站_327,依威能源汽车充电站(碧水家园),庐阳区,北一环与肥西路交口向西200米碧水家园地下停车场,117.252866,31.875656,汽车服务;充电站;充电站,4001800910,新能源汽车充电桩,2026/1/27 20:38,2.4545454545454546,11,0.93,2.5,2.5,2.5,2.5,2.5,2.5,2.5
354,站_328,依威能源汽车充电站(华安家园),庐阳区,颍上路28号华安家园立体停车场,117.274813,31.882718,汽车服务;充电站;充电站,,新能源汽车充电桩,2026/1/27 20:38,2.375,12,1.438,2.628,2.5,2.5,1.463,2.5,2.5,2.5
355,站_329,依威能源汽车充电站(上城国际·丁香苑),庐阳区,上城国际丁香苑停车场,117.281286,31.893029,汽车服务;充电站;充电站,,新能源汽车充电桩,2026/1/27 20:38,2.2333333333333334,15,1.3,1.706,2.5,2.5,2.259,2.5,2.5,2.5
356,站_330,依威能源汽车充电站(上城国际风荷苑二期),庐阳区,利辛路与固镇路交叉口西北150米上城国际·风荷苑2期地面停车场,117.281362,31.895367,汽车服务;充电站;充电站,4001800910,新能源汽车充电桩,2026/1/27 20:38,2.375,4,1.88,2.5,2.5,2.5,2.5,2.5,2.5,2.5
357,站_331,依威能源汽车充电站(警祥苑),庐阳区,长丰路69号警祥苑地下停车场053,117.262943,31.874002,汽车服务;充电站;充电站,4001800910,新能源汽车充电桩,2026/1/27 20:38,2.3,10,0.655,2.893,2.5,2.5,2.222,2.5,2.5,2.5
358,站_332,依威能源汽车充电站(水晶苑),庐阳区,肥西路1018号水晶苑,117.256359,31.874407,汽车服务;充电站;充电站,4001800910,新能源汽车充电桩,2026/1/27 20:38,2.1666666666666665,15,1.217,1.589,2.5,1.846,2.5,2.5,2.5,2.5
359,站_334,蔚尔加电充电场站,庐阳区,大杨镇怀宁北路国网安徽省电力公司北10米停车场,117.220109,31.891608,汽车服务;充电站;充电站,15155129709,新能源汽车充电桩,2026/1/27 20:38,3,1,2.5,2.5,2.5,2.5,2.5,2.5,2.5,2.5
360,站_335,依威能源汽车充电站(金荷苑),庐阳区,藕塘路257号金荷苑地下停车场,117.272844,31.893079,汽车服务;充电站;充电站,4001800910,新能源汽车充电桩,2026/1/27 20:38,2.25,4,0.21,4.449,2.5,2.5,2.5,2.5,2.5,2.5
361,站_336,智能充电桩,庐阳区,潜山北路12号,117.243192,31.877482,生活服务;生活服务场所;生活服务场所,,新能源汽车充电桩,2026/1/27 20:38,3.5545454545454547,11,2.193,2.5,2.5,3.69,3.57,2.993,2.5,2.5
362,站_337,中国石化汽车充电站(大众充电站),蜀山区,休宁路与合作化路交口西南角,117.25108,31.819872,汽车服务;充电站;充电站,95105888,新能源汽车充电桩,2026/1/27 20:39,4.706521739130435,46,4.81,4.369,2.258,3.385,3.644,2.5,2.5,2.5
363,站_338,中国石化汽车充电站(雪霁路充电站),蜀山区,英士博工业园南门旁,117.154338,31.859569,汽车服务;充电站;充电站,95105888,新能源汽车充电桩,2026/1/27 20:39,4.142857142857143,28,4.707,3.192,3.761,3.224,2.5,2.632,2.5,2.5
364,站_339,国家电网汽车充电站(黄山路),蜀山区,合肥科技园南地面停车场,117.206514,31.840805,汽车服务;充电站;充电站,0551-62391110;0551-63318110,新能源汽车充电桩,2026/1/27 20:39,4.372727272727273,55,3.997,4.394,2.716,2.901,3.009,2.773,2.5,2.5
365,站_340,星星充电汽车充电站(振规金属北区),蜀山区,锦绣社区合肥振规金属有限公司门口地面停车场,117.247388,31.725399,汽车服务;充电站;充电站,15155954210,新能源汽车充电桩,2026/1/27 20:39,4.111111111111111,9,3.732,3.057,2.5,2.5,3.135,3.135,2.5,2.5
366,站_341,国家电网汽车充电站(安徽省合肥市蜀山区鸡鸣山路量子科仪谷西门停车场充电站),蜀山区,鸡鸣山路与皖水路交叉口南180米,117.089229,31.844281,汽车服务;充电站;充电站,96529,新能源汽车充电桩,2026/1/27 20:39,4.333333333333333,18,5.539,3.951,2.773,2.5,1.57,2.5,2.5,2.5
367,站_342,中国石化汽车充电站(砂之船奥莱充电站),蜀山区,云飞路砂之船(合肥)奥莱,117.11942,31.83863,汽车服务;充电站;充电站,95105888,新能源汽车充电桩,2026/1/27 20:39,4.043478260869565,23,6.618,4.659,2.774,2.834,3.022,2.5,2.5,2.5
368,站_343,中国石化汽车充电站(彩虹路充电站),蜀山区,杨林路,117.14817,31.840458,汽车服务;充电站;充电站,95105888,新能源汽车充电桩,2026/1/27 20:39,2.6666666666666665,24,2.288,3.009,2.672,2.5,2.5,2.5,2.5,2.5
369,站_344,中国石化汽车充电站(市政务中心充电站),蜀山区,笔架山街道政务环路安徽省生态环境厅,117.2256,31.822859,汽车服务;充电站;充电站,95105888,新能源汽车充电桩,2026/1/27 20:39,3.730769230769231,39,3.353,3.244,2.74,3.015,2.5,2.997,2.5,2.5
370,站_345,国家电网汽车充电站(安徽省合肥市经开区始信路充电站),蜀山区,国家电网滨湖智慧能源服务站地面停车场,117.251384,31.711172,汽车服务;充电站;充电站,0551-63318110;96529,新能源汽车充电桩,2026/1/27 20:39,5,3,3.778,2.5,2.5,2.5,2.5,2.5,2.5,2.5
371,站_346,汽车充电站(行星翡翠路超充站),蜀山区,翡翠路17号,117.211418,31.79519,汽车服务;充电站;充电站,17756033790,新能源汽车充电桩,2026/1/27 20:39,4.5,11,5.932,3.563,2.5,2.5,3.92,2.5,2.5,2.5
372,站_347,皖小能汽车充电站(中安创谷二期停车场),蜀山区,西北角近孔雀台路与云飞路交口,117.0932,31.8341,汽车服务;充电站;充电站,4009961666,新能源汽车充电桩,2026/1/27 20:39,2.861111111111111,18,3.013,3.636,2.5,1.906,2.245,2.956,2.5,2.5
373,站_348,皖小能汽车充电站(嘉禾停车场),蜀山区,嘉和苑路嘉和苑东门,117.24181,31.802874,汽车服务;充电站;充电站,4009961666,新能源汽车充电桩,2026/1/27 20:39,3.5384615384615383,26,2.678,2.699,2.884,2.5,2.668,2.5,2.5,2.5
374,站_349,国家电网汽车充电站(安徽省合肥市蜀山区南艳湖习友路5号停车场快充站),蜀山区,习友路南艳湖公园5号停车场,117.26142,31.771015,汽车服务;充电站;充电站,96529,新能源汽车充电桩,2026/1/27 20:39,4.066666666666666,15,5.895,2.5,2.5,2.5,2.863,2.882,2.5,2.5
375,站_350,星星充电汽车充电站(星星充电-妇幼保健院西区充电站),蜀山区,南岗镇石镜路安徽省妇幼保健院西区地面停车场,117.121569,31.851746,汽车服务;充电站;充电站,15155954210,新能源汽车充电桩,2026/1/27 20:39,4.026315789473684,19,4.92,4.358,2.979,2.776,3.954,2.5,2.5,2.5
376,站_351,中国石化汽车充电站(桃花源充电站),蜀山区,紫云路与金寨路交口中石化桃花源加油站,117.203852,31.755089,汽车服务;充电站;充电站,95105888,新能源汽车充电桩,2026/1/27 20:39,4.053571428571429,28,4.028,3.906,3.443,3.296,2.5,2.5,2.5,2.5
377,站_352,星星充电汽车充电站(星星充电-经开区森隆超级充电站),蜀山区,经开区海恒社区芙蓉路166号合肥森隆工业园,117.25429,31.783644,汽车服务;充电站;充电站,15215694593,新能源汽车充电桩,2026/1/27 20:39,4.107142857142857,14,6.816,8.359,3.412,2.5,6.243,2.5,2.5,2.5
378,站_353,国家电网汽车充电站(安徽省合肥市蜀山区政务中心停车场快充站),蜀山区,合肥政务广场地面停车场,117.228085,31.823115,汽车服务;充电站;充电站,0551-63318110;96529,新能源汽车充电桩,2026/1/27 20:39,3.673076923076923,26,3.952,3.573,2.744,2.5,2.211,3.078,2.5,2.5
379,站_354,优充星汽车充电站(弘电e充超级充电站潜山路站),蜀山区,长江西路与潜山路交口向南100米,117.23057,31.850374,汽车服务;充电站;充电站,13339196919,新能源汽车充电桩,2026/1/27 20:39,3.272727272727273,11,3.268,1.371,2.5,2.5,3.268,2.5,2.5,2.5
380,站_355,星星充电汽车充电站(昌和检测超级快充站),蜀山区,蜀山区经开区莲花路昌和检测站院内,117.230552,31.738108,汽车服务;充电站;充电站,17354048776,新能源汽车充电桩,2026/1/27 20:39,4.388888888888889,18,3.049,4.468,3.627,2.848,2.5,2.5,2.5,2.5
381,站_356,星星汽车充电站(西二环超级),蜀山区,西二环路军源八一驾校(环东训练基地)内地面停车场,117.216263,31.845814,汽车服务;充电站;充电站,13966772082,新能源汽车充电桩,2026/1/27 20:39,4.714285714285714,7,3.857,3.936,3.168,3.219,2.5,2.937,2.5,2.5
382,站_357,中国石化汽车充电站(裕田充电站),蜀山区,裕田汽车科技产业园,117.26238,31.72711,汽车服务;充电站;充电站,95105888,新能源汽车充电桩,2026/1/27 20:39,3.5,10,2.758,3.184,2.5,2.5,3.094,2.5,2.5,2.5
383,站_358,云快充汽车充电站(百碳菜鸟网络合肥经开园区充电站),蜀山区,菜鸟网络(合肥经开园区),117.002798,31.977958,汽车服务;充电站;充电站,4008288517,新能源汽车充电桩,2026/1/27 20:39,4,17,5.531,2.5,2.5,2.859,2.5,2.754,2.5,2.5
384,站_359,中国石化汽车充电站(响洪甸路充电站),蜀山区,中国石化合肥响洪甸路加油站,117.080872,31.867708,汽车服务;充电站;充电站,95105888,新能源汽车充电桩,2026/1/27 20:39,1.9615384615384612,13,0.879,4.153,2.5,2.5,2.5,2.5,2.5,2.5
385,站_360,中国石化汽车充电站(高新区充电站),蜀山区,中国石化高新区加油站,117.2141,31.847914,汽车服务;充电站;充电站,95105888,新能源汽车充电桩,2026/1/27 20:39,2.85,10,4.113,3.329,2.5,2.5,2.5,2.5,2.5,2.5
386,站_361,星星充电汽车充电站(创新国际充电站),蜀山区,高新技术产业开发区创新大道2493号智选假日酒店地面停车场,117.135399,31.84209,汽车服务;充电站;充电站,4008280768,新能源汽车充电桩,2026/1/27 20:39,3.3125,16,3.489,3.228,2.5,2.5,2.668,2.5,2.5,2.5
387,站_362,皖小能电动汽车快充站(半岛公园充电站),蜀山区,半岛路1号,117.191119,31.854499,汽车服务;充电站;充电站,4009961666,新能源汽车充电桩,2026/1/27 20:39,3.730769230769231,13,6.238,3.935,2.5,2.5,2.821,2.5,2.5,2.5
388,站_363,星星充电汽车充电站(星星充电-蔚尔加电永和家园快充站),蜀山区,高新技术产业开发区永和家园三期C组团,117.11023,31.844223,汽车服务;充电站;充电站,17805659299,新能源汽车充电桩,2026/1/27 20:39,2.076923076923077,26,2.532,2.969,2.5,2.146,2.657,2.5,2.5,2.5
389,站_364,皖小能汽车充电站(皖小能轩辕路),蜀山区,海恒社区轩辕路安徽奥动,117.269531,31.77833,汽车服务;充电站;充电站,4009961666,新能源汽车充电桩,2026/1/27 20:39,3.6666666666666665,6,4.972,3.046,2.976,2.5,2.5,2.5,2.5,2.5
390,站_365,中国石化汽车充电站(潜山北路多彩充电站),蜀山区,井岗镇安瑞升能源潜山北路加气站龙凤嘉园,117.23126,31.866005,汽车服务;充电站;充电站,95105888,新能源汽车充电桩,2026/1/27 20:39,4.125,12,3.176,3.824,2.5,2.5,2.5,2.892,2.5,2.5
391,站_366,壳牌充电汽车充电站(壳牌合肥港汇广场地面快充站),蜀山区,南七街道潜山路167号港汇广场,117.23259,31.832458,汽车服务;充电站;充电站,4007160699,新能源汽车充电桩,2026/1/27 20:39,3.4166666666666665,12,3.99,3.878,3.524,4.547,2.675,4.547,2.5,2.5
392,站_367,星星充电汽车充电站(-经开美宿酒店西站),蜀山区,合肥经开外科医院地面停车场,117.240489,31.781061,汽车服务;充电站;充电站,15155954210,新能源汽车充电桩,2026/1/27 20:39,4.53125,16,2.501,3.741,3.112,3.817,4.071,3.112,2.5,2.5
393,站_368,科科超级充电站(蜀山区四季花海D区超充站),蜀山区,蜀山新产业园区皖山路四季花海公园C区内(西侧),117.157743,31.867156,汽车服务;充电站;充电站,0551-63711695;15855519768,新能源汽车充电桩,2026/1/27 20:39,0.5,2,-1.547,2.5,2.5,2.5,2.5,2.5,2.5,2.5
394,站_369,中国石化汽车充电站(国祯广场充电站),蜀山区,五里墩街道金牛路国祯广场,117.23434,31.853767,汽车服务;充电站;充电站,95105888,新能源汽车充电桩,2026/1/27 20:39,3.727272727272727,11,3.56,2.966,2.5,2.5,3.028,2.5,2.5,2.5
395,站_370,国家电网汽车充电站(沪陕高速新桥服务区充电站西安方向),蜀山区,沪陕高速新桥服务区西安方向,116.89489,31.920675,汽车服务;充电站;充电站,96529,新能源汽车充电桩,2026/1/27 20:39,3.6666666666666665,3,3.952,2.5,2.5,2.5,2.5,2.5,2.5,2.5
396,站_371,中国石化汽车充电站(五里墩充电站),蜀山区,西园街道中国石化五里墩加油站,117.245715,31.851032,汽车服务;充电站;充电站,95105888,新能源汽车充电桩,2026/1/27 20:39,3.7,15,3.769,4.535,2.5,3.073,3.516,3.329,2.5,2.5
397,站_372,星星充电汽车充电站(星星充电-妇幼保健院西区二期充电站),蜀山区,南岗镇石镜路安徽省妇幼保健院西区,117.12176,31.852291,汽车服务;充电站;充电站,15155954210,新能源汽车充电桩,2026/1/27 20:39,3.6,10,2.5,2.263,2.5,2.5,3.482,2.5,2.5,2.5
398,站_373,特来电汽车充电站(特来电杜岗游园超充站),蜀山区,杜岗游园地面停车场,117.256046,31.820985,汽车服务;充电站;充电站,4001300001,新能源汽车充电桩,2026/1/27 20:39,3.55,10,3.059,2.376,2.892,1.951,2.801,2.5,2.5,2.5
399,站_374,皖小能汽车充电站(经开公交宿松路停保场),蜀山区,合肥经济技术开发区宿松路与云谷路交口经开公交停保场,117.25293,31.711693,汽车服务;充电站;充电站,4009961666,新能源汽车充电桩,2026/1/27 20:39,2,5,0.998,2.5,2.5,2.5,2.5,2.5,2.5,2.5
400,站_375,壳牌充电汽车充电站(壳牌合肥源润大厦地面快充站),蜀山区,源润大厦停车场,117.276436,31.746607,汽车服务;充电站;充电站,4007160699,新能源汽车充电桩,2026/1/27 20:39,2.3,5,2.861,2.5,2.5,2.5,2.5,2.5,2.5,2.5
401,站_376,星星充电汽车充电站(星星充电-蔚尔加电卧云新村快充站),蜀山区,临湖社区管理管委会卧云路35号卧云新村地面停车场,117.262327,31.728516,汽车服务;充电站;充电站,17805659299,新能源汽车充电桩,2026/1/27 20:39,4.357142857142857,7,3.511,2.5,2.5,2.5,2.5,2.5,2.5,2.5
402,站_377,星星充电汽车充电站(星星充电-青阳路充电站),蜀山区,五里墩街道青阳路253号海亮·熙园立体停车场(淠河路),117.24145,31.85602,汽车服务;充电站;充电站,4009208050,新能源汽车充电桩,2026/1/27 20:39,4.333333333333333,6,5.152,4.98,2.5,2.5,2.5,2.5,2.5,2.5
403,站_378,星星充电汽车充电站(星星充电-长江西路充电站),蜀山区,蜀山新产业园区雪霁路合肥宝龙工业园地面停车场,117.15412,31.861025,汽车服务;充电站;充电站,13956942628,新能源汽车充电桩,2026/1/27 20:39,3.3846153846153846,13,2.707,2.882,3.154,2.5,2.5,2.5,2.5,2.5
404,站_379,小鹏超级充电站(小鹏S5超快充合肥科学大道翔孚站),蜀山区,科学大道77号合肥国家大学科技园创业孵化中心,117.20322,31.83531,汽车服务;充电站;充电站,4007836688,新能源汽车充电桩,2026/1/27 20:39,4.35,10,4.121,2.5,2.5,2.906,2.906,2.5,2.5,2.5
405,站_380,极氪能源超级充电站(合肥文锦新城极充站),蜀山区,书箱路97号文锦新城地面停车位,117.211555,31.795664,汽车服务;充电站;充电站,4000036036,新能源汽车充电桩,2026/1/27 20:39,4.75,4,3.344,4.502,2.5,2.5,2.5,2.5,2.5,2.5
406,站_381,汽车充电站(悦来电合肥国祯广场超充站),蜀山区,西七里塘地铁站A口步行400米,117.234414,31.85199,汽车服务;充电站;充电站,4000036036,新能源汽车充电桩,2026/1/27 20:39,4.642857142857143,7,2.924,3.494,2.5,2.5,2.5,2.5,2.5,2.5
407,站_382,爱电汽车充电站(爱电铭盛药厂充电站),蜀山区,高新技术产业开发区红枫路10号,117.205389,31.827908,汽车服务;充电站;充电站,4001300001,新能源汽车充电桩,2026/1/27 20:39,4,10,3.954,2.988,2.5,2.5,3.448,2.5,2.5,2.5
408,站_383,中国石化汽车充电站(紫石路充电站),蜀山区,临湖社区管理管委会中国石化紫石路加油站,117.217959,31.718444,汽车服务;充电站;充电站,95105888,新能源汽车充电桩,2026/1/27 20:39,3.1666666666666665,9,2.811,2.072,2.5,2.5,2.5,2.5,2.928,2.5
409,站_384,中国石化汽车充电站(清溪路充电站),蜀山区,中国石化清溪路加气站,117.242359,31.871397,汽车服务;充电站;充电站,95105888,新能源汽车充电桩,2026/1/27 20:39,2.636363636363636,11,3.5,2.734,2.5,2.5,2.5,2.5,2.5,2.5
410,站_385,特来电汽车充电站(特来电特来电昌河车城停车场超充站),蜀山区,蜀山区高新区玉兰大道与长安路交口西南角地面停车场(入口在车城小区西区门牌南侧),117.161135,31.807249,汽车服务;充电站;充电站,15555103656,新能源汽车充电桩,2026/1/27 20:39,4,10,3.88,3.128,2.878,2.5,3.474,2.5,2.5,2.5
411,站_386,昆仑网电汽车充电站(中国石油肥西县顺达充电站),蜀山区,金寨南路与汤口路交叉口往南50米,117.19468,31.74822,汽车服务;充电站;充电站,95700,新能源汽车充电桩,2026/1/27 20:39,3.3125,8,4.577,2.5,2.5,3.089,3.089,3.301,2.5,2.5
412,站_387,壳牌充电汽车充电站(壳牌合肥启迪创客空间地面快充站),蜀山区,近春园路与厚德路交叉口西北100米,117.274267,31.761087,汽车服务;充电站;充电站,4007160699,新能源汽车充电桩,2026/1/27 20:39,3.7,10,3.832,2.5,2.78,3.194,3.086,2.899,2.5,2.5
413,站_388,特来电汽车充电站(特来电特来电四季花海A区超充站),蜀山区,四季花海城市公园A区东出入口南100米,117.16478,31.853004,汽车服务;充电站;充电站,4001300001,新能源汽车充电桩,2026/1/27 20:39,4.45,12,3.449,2.5,2.5,2.5,3.218,2.905,2.5,2.5
414,站_389,星星充电汽车充电站(合肥港啤啤酒网约车充电站),蜀山区,合肥市经济技术开发区高刘社区南庄居委会北300米,117.04469,31.948301,汽车服务;充电站;充电站,15395187568,新能源汽车充电桩,2026/1/27 20:39,2.6666666666666665,3,2.177,2.5,2.5,2.5,2.5,2.5,2.5,2.5
415,站_390,特斯拉超级充电站(合肥置地广场),蜀山区,绿洲西路与龙图路交叉口西南侧合肥置地广场地下停车场B2层408-411车位/入口绿洲西路,117.225894,31.804768,汽车服务;充电站;专用充电站,,新能源汽车充电桩,2026/1/27 20:39,4.6,5,3.457,2.5,2.5,2.5,3.806,2.5,2.5,2.5
416,站_391,云快充汽车充电站(澄銧紫云路大型惠民超充站),蜀山区,紫云路245号金工投资大门传达室左侧,117.207103,31.746298,汽车服务;充电站;充电站,4008288517,新能源汽车充电桩,2026/1/27 20:39,2.6666666666666665,6,1.016,2.5,2.5,2.5,2.5,2.5,2.5,2.5
417,站_392,国家电网汽车充电站(安徽省合肥市蜀山区合欢路中石化加油站充电站),蜀山区,笔架山街道中国石化加油站地面停车场,117.211035,31.824844,汽车服务;充电站;充电站,96529,新能源汽车充电桩,2026/1/27 20:39,1.8,25,2.88,2.5,2.5,2.35,2.5,2.5,2.5,2.5
418,站_393,理想超级充电站(理想超充站合肥两淮天鹅湖大酒店),蜀山区,蜀山区高新技术产业开发区海棠路天鹅湖大酒店,117.20095,31.81617,汽车服务;充电站;充电站,4006860400,新能源汽车充电桩,2026/1/27 20:39,4.5,4,5.232,2.5,2.5,2.5,2.5,2.5,2.5,2.5
419,站_394,蔚来能源超级充电站(合肥新桥产业园),蜀山区,白塔路299号,116.99395,31.997047,汽车服务;充电站;充电站,,新能源汽车充电桩,2026/1/27 20:39,3.583333333333333,12,2.545,1.705,2.5,2.5,3.378,2.5,2.5,2.5
420,站_395,星星充电汽车充电站(星星充电-蜀山印象里液冷超充站),蜀山区,创业大道以北、蜀鑫路以西隐秀雅苑商业(蜀山印象里),117.208345,31.86338,汽车服务;充电站;充电站,18605812125,新能源汽车充电桩,2026/1/27 20:39,2.333333333333333,3,1.01,2.5,2.5,2.5,2.5,2.5,2.5,2.5
421,站_396,星星充电汽车充电站(翠微北园慢充充电站),蜀山区,芙蓉路799号,117.203646,31.788687,汽车服务;充电站;充电站,13355513698,新能源汽车充电桩,2026/1/27 20:39,4,4,2.554,2.5,2.5,2.5,2.5,2.5,2.5,2.5
422,站_397,中国石化汽车充电站(始信路充电站),蜀山区,临湖社区管理管委会中国石化始信路加油站,117.25135,31.710844,汽车服务;充电站;充电站,95105888,新能源汽车充电桩,2026/1/27 20:39,1.5,5,2.5,3.735,2.5,2.5,2.5,2.5,2.5,2.5
423,站_398,小鹏超级充电站(小鹏S4超快充合肥乐富强铂悦酒店站),蜀山区,创新大道229号(科大先研院地铁站C口步行380米)合肥乐富强铂悦酒店,117.13285,31.828731,汽车服务;充电站;充电站,4007836688,新能源汽车充电桩,2026/1/27 20:39,2.6666666666666665,6,3.618,2.021,2.5,2.5,2.5,2.5,2.5,2.5
424,站_399,合肥充电·充电综合体(始宿交口),蜀山区,合肥经开区始信路与宿松路交口东北角,117.251241,31.710015,汽车服务;充电站;充电站,,新能源汽车充电桩,2026/1/27 20:39,4.880952380952381,21,5.287,3.411,6.216,4.736,2.771,2.811,2.5,2.5
425,站_400,福充超级充电站,蜀山区,芙蓉路154号,117.25042,31.783784,汽车服务;充电站;充电站,18156076360,新能源汽车充电桩,2026/1/27 20:39,4.690476190476191,21,5.845,2.64,3.149,2.5,2.333,2.85,2.5,2.5
426,站_401,特来电汽车充电站(特来电客运西站超充站),蜀山区,南岗镇合肥汽车客运西站地面停车场15,117.137118,31.85123,汽车服务;充电站;充电站,4001300001,新能源汽车充电桩,2026/1/27 20:39,4.722222222222222,9,3.804,2.5,2.656,4.761,3.904,2.5,2.5,3.631
427,站_402,易佳电汽车充电站(易佳电蓝鲤玉兰大道充电站),蜀山区,蜀山区高新技术产业开发区兰舍商务酒店,117.1651,31.8112,汽车服务;充电站;充电站,0551-62100112,新能源汽车充电桩,2026/1/27 20:39,2.125,12,2.5,0.54,2.5,2.5,2.5,2.5,2.5,2.5
428,站_403,中国石油合肥大蜀山南部停车场充电站,蜀山区,望江西路573号,117.174755,31.831075,汽车服务;充电站;充电站,,新能源汽车充电桩,2026/1/27 20:39,4.75,4,2.5,3.615,2.5,2.5,2.679,2.5,2.5,2.5
429,站_404,易佳电汽车充电站(易佳电天之美西一环充电站),蜀山区,府台酒店地面停车场,117.2516,31.8602,汽车服务;充电站;充电站,0551-62100112,新能源汽车充电桩,2026/1/27 20:39,2,19,3.116,1.359,2.5,2.5,2.5,2.5,2.5,2.5
430,站_405,易佳电汽车充电站(易佳电蓝鲤客运西站充电站),蜀山区,长江西路与创新大道交口(汽车西站地铁站A口旁),117.1373,31.8515,汽车服务;充电站;充电站,0551-62100112,新能源汽车充电桩,2026/1/27 20:39,2.071428571428572,14,2.5,-0.478,2.5,2.5,2.715,2.5,2.5,2.5
431,站_406,易佳电汽车充电站(易佳电蓝鲤小庙光伏充电站),蜀山区,小庙镇长江西路辅路,117.0151,31.8436,汽车服务;充电站;充电站,0551-62100112,新能源汽车充电桩,2026/1/27 20:39,3.9375,8,2.188,2.669,2.5,2.5,2.5,2.5,2.5,2.5
432,站_407,易佳电汽车充电站(易佳电蓝鲤奥体充电站),蜀山区,荷叶地街道体育馆西路与习友西路交叉口,117.224449,31.797227,汽车服务;充电站;充电站,0551-62100112,新能源汽车充电桩,2026/1/27 20:39,3.022727272727273,22,3.468,2.729,2.5,2.5,2.5,2.5,2.5,2.5
433,站_408,易佳电蓝鲤翠微北园充电站,蜀山区,芙蓉路与石鼓路交口翠微北园小区物管区域停车场内部,117.203844,31.788524,汽车服务;充电站;充电站,0551-62100112,新能源汽车充电桩,2026/1/27 20:39,2.565217391304348,23,3.173,1.341,2.5,2.634,2.991,2.5,2.5,2.5
434,站_409,易佳电汽车充电站(易佳电蓝鲤彩虹西路充电站),蜀山区,方兴大道与彩虹路交口向西500米高新停保场,117.096195,31.84263,汽车服务;充电站;充电站,0551-62100112,新能源汽车充电桩,2026/1/27 20:39,4.055555555555555,9,5.408,3.264,2.5,3.637,2.5,2.5,2.5,2.5
435,站_410,汽车充电站(合肥充电空港长岗生态公园充电站),蜀山区,高刘镇长岗社区金莲花路经开区公安局交通巡逻队对面,117.035127,31.967726,汽车服务;充电站;充电站,,新能源汽车充电桩,2026/1/27 20:39,2.9615384615384617,13,2.278,1.643,2.5,2.5,2.659,2.5,2.608,2.5
436,站_411,特来电汽车充电站(安徽港啤智能充电站),蜀山区,高刘街道虹桥路,117.03962,31.961617,汽车服务;充电站;充电站,13856940204,新能源汽车充电桩,2026/1/27 20:39,2.5454545454545454,11,3.211,2.5,2.5,2.5,2.9,2.5,2.5,2.5
437,站_412,特来电充电站(同舟科技中环美术馆超充站),蜀山区,芙蓉社区繁华大道12603号百鸟路地面停车场,117.205423,31.781925,汽车服务;充电站;充电站,4006118876,新能源汽车充电桩,2026/1/27 20:39,4.092592592592593,27,2.22,2.786,2.5,2.973,2.66,2.5,2.5,2.5
438,站_413,皖河路光储充一体化超充站,蜀山区,皖河路与潜山路交叉口西140米,117.22988,31.836027,汽车服务;充电站;充电站,18019981685,新能源汽车充电桩,2026/1/27 20:39,4.1,5,3.277,2.5,3.998,2.5,2.5,2.5,2.5,2.5
439,站_414,特来电充电站(合肥港啤啤酒店),蜀山区,刘小店百斯特家居院内,117.045067,31.948734,汽车服务;充电站;充电站,13856940204,新能源汽车充电桩,2026/1/27 20:39,2.7857142857142856,7,1.774,3.042,2.5,2.004,2.5,2.5,2.5,2.5
440,站_415,易佳电汽车充电站(易佳电蓝鲤天鹅湖充电站),蜀山区,市政务文化新区天鹅湖路与聚云路交叉口停车场负一层,117.21969,31.813515,汽车服务;充电站;充电站,0551-62100112,新能源汽车充电桩,2026/1/27 20:39,2.333333333333333,18,2.5,3.355,2.5,2.5,2.5,2.5,2.5,2.5
441,站_416,易佳电汽车充电站(易佳电蓝鲤杜岗游园充电站),蜀山区,杜岗游园停车场,117.2564,31.8211,汽车服务;充电站;充电站,,新能源汽车充电桩,2026/1/27 20:39,1.25,8,1.291,2.5,2.5,2.5,2.5,2.5,2.5,2.5
442,站_417,合肥充电高新区王咀湖公园充电站,蜀山区,彩虹路与长宁大道交口王咀湖公园地面停车场,117.118815,31.839571,汽车服务;充电站;充电站,,新能源汽车充电桩,2026/1/27 20:39,3.6,15,1.553,3.157,2.5,2.5,2.5,2.5,2.5,2.5
443,站_418,特来电充电站(特来电长安六号),蜀山区,长宁大道长安汽车地面停车场内,117.11477,31.864246,汽车服务;充电站;充电站,,新能源汽车充电桩,2026/1/27 20:39,3.4375,8,4.072,2.755,2.5,3.129,2.894,2.5,2.5,2.5
444,站_419,合肥市经开区锦绣大道汽车充电站,蜀山区,经开区锦绣大道与天都路交口,117.240074,31.754532,汽车服务;充电站;充电站,,新能源汽车充电桩,2026/1/27 20:39,4.057692307692308,26,3.058,2.431,2.845,2.5,2.719,2.5,2.5,2.5
445,站_420,小桔充电汽车充电站(合肥市新粮仓小桔充电站),蜀山区,达克云汽车充电站(新粮仓商业合集充电站),117.221245,31.837873,汽车服务;充电站;充电站,4000610999,新能源汽车充电桩,2026/1/27 20:39,4.5,4,3.4,0.801,2.5,2.5,2.5,2.5,2.5,2.5
446,站_421,特来电汽车充电站(港啤启航充电站),蜀山区,,117.039677,31.962056,汽车服务;充电站;充电站,13856940204,新能源汽车充电桩,2026/1/27 20:39,2.375,24,2.552,2.402,2.5,2.5,2.76,2.5,2.5,2.5
447,站_422,易佳电汽车充电站(易佳电蓝鲤卧云路充电站),蜀山区,卧云路临湖社区管理委员会龙蟠路3-1号卧云菜市场充电站,117.2562,31.7296,汽车服务;充电站;充电站,0551-62100112,新能源汽车充电桩,2026/1/27 20:39,2.5,7,2.5,1.946,2.5,2.5,2.5,2.5,2.5,2.5
448,站_423,汽车充电站(能量驰东海花园芙蓉路直流快充站),蜀山区,芙蓉路431号,117.221188,31.787715,汽车服务;充电站;充电站,15868449932;4008288517,新能源汽车充电桩,2026/1/27 20:39,3.34375,16,3.105,2.506,2.5,2.556,2.5,2.5,2.5,2.5
449,站_424,合肥新桥国际机场P2停车场充电站,蜀山区,合肥新桥国际机场P2停车场,116.97501,31.985213,汽车服务;充电站;充电站,,新能源汽车充电桩,2026/1/27 20:39,3.4166666666666665,6,2.472,-0.037,2.5,3.492,3.814,2.5,2.5,2.5
450,站_425,小桔充电汽车充电站(合肥鑫辉国能离子医学中心充电站),蜀山区,长宁大道888号(离子医院内),117.116377,31.824419,汽车服务;充电站;充电站,4006717555,新能源汽车充电桩,2026/1/27 20:39,3.2142857142857144,7,3.696,2.308,2.5,2.5,2.5,2.5,2.5,2.5
451,站_426,合肥充电合肥绿轴停车场充电站,蜀山区,习友路与绿轴东路交口绿轴停车场,117.228526,31.79918,汽车服务;充电站;充电站,,新能源汽车充电桩,2026/1/27 20:39,3,6,2.5,2.5,2.5,2.5,2.5,2.5,2.5,2.5
452,站_427,汽车充电站(团肥路停车场充电站),蜀山区,团肥路临时地面停车场,117.031152,31.971233,汽车服务;充电站;充电站,,新能源汽车充电桩,2026/1/27 20:39,3.7857142857142856,7,2.22,4.209,2.5,2.5,3.431,2.5,2.5,3.675
453,站_428,小桔充电汽车充电站(超翔史河路超充站),蜀山区,超翔汽车充电站(超翔史河路超充站),117.2503,31.862408,汽车服务;充电站;充电站,4000610999,新能源汽车充电桩,2026/1/27 20:39,4.333333333333333,3,2.847,2.5,2.5,2.5,2.5,2.5,2.5,2.5
454,站_429,易佳电汽车充电站(易佳电蓝鲤时光名庭充电站),蜀山区,创业大道时光名庭地面停车场,117.208969,31.860693,汽车服务;充电站;充电站,0551-62100112,新能源汽车充电桩,2026/1/27 20:39,2.611111111111111,9,2.628,2.939,2.5,2.5,2.5,2.5,2.5,2.5
455,站_430,弘电e充潜山路充电站,蜀山区,潜山北路275号(西七里塘地铁站C口步行150米),117.230828,31.850321,汽车服务;充电站;充电站,,新能源汽车充电桩,2026/1/27 20:39,4,4,2.5,3.398,2.5,2.5,4.15,2.5,2.5,2.5
456,站_6205,国家电网汽车充电站(杨林路店)(暂停营业),蜀山区,蜀山区高新技术产业开发区杨林路13号地面停车场,117.149439,31.836259,汽车服务;充电站;充电站,,新能源汽车充电桩,2026/1/27 20:39,4.2,20,3.873,3.818,3.658,4.168,4.5,4.364,4.24,3.34
457,站_431,易佳电汽车充电站(易佳电香馨创谷充电站),蜀山区,"汤口2766号,香馨创谷园地下停车场D区",117.2033,31.7431,汽车服务;充电站;充电站,0551-62100112,新能源汽车充电桩,2026/1/27 20:39,2.125,12,2.463,2.593,2.5,2.5,3.417,2.5,3.193,2.5
458,站_432,惠利充汽车充电站(乐客来山扬超充),蜀山区,蜀山新产业园区田埠东路乐客来国际商业中心,117.170006,31.853718,汽车服务;充电站;充电站,15665567806;4006189730,新能源汽车充电桩,2026/1/27 20:39,4,3,5.062,2.5,2.5,2.5,3.493,2.5,2.5,2.5
459,站_433,汽车充电站(合肥充电方兴大道充电站),蜀山区,卧云路45号,117.260073,31.726835,汽车服务;充电站;充电站,,新能源汽车充电桩,2026/1/27 20:39,3,9,2.953,2.5,4.276,2.5,1.993,2.5,2.5,2.5
460,站_434,小鹏超级充电站(小鹏S4超快充合肥经开区文锦新城站),蜀山区,翡翠路46号文锦新城(入口翡翠路),117.211365,31.795132,汽车服务;充电站;充电站,4007836688,新能源汽车充电桩,2026/1/27 20:39,3.928571428571429,7,4.439,2.583,2.5,2.5,3.096,2.5,2.5,2.5
461,站_435,国家电网汽车充电站(安徽省合肥市蜀山区南岗镇乡镇充电站),蜀山区,蜀山区高新技术产业开发区消防站,117.109276,31.850054,汽车服务;充电站;充电站,96529,新能源汽车充电桩,2026/1/27 20:39,1.2,5,2.5,3.349,2.5,2.5,2.5,2.5,2.5,2.5
462,站_436,国家电网汽车充电站(安徽省合肥市蜀山区南艳湖清潭路2号停车场交流充电站),蜀山区,南艳湖清潭路2号停车场,117.256134,31.763275,汽车服务;充电站;充电站,0551-63318110,新能源汽车充电桩,2026/1/27 20:39,2.571428571428572,7,2.5,1.943,2.5,2.5,2.5,2.5,2.5,2.5
463,站_437,小桔充电汽车充电站(帕沃充电合肥市万象城小桔充电站),蜀山区,万象城地下停车场B3层R区R950,117.230754,31.799481,汽车服务;充电站;充电站,4000610999,新能源汽车充电桩,2026/1/27 20:39,2.9375,8,1.8,1.926,2.5,3.003,2.5,2.5,2.5,2.5
464,站_438,小桔充电汽车充电站(帕沃充电合肥市大铺头小桔充电站),蜀山区,蜀山新产业园区井岗路与山湖路交叉口天猫养车后地面停车场,117.177605,31.857498,汽车服务;充电站;充电站,4000610999,新能源汽车充电桩,2026/1/27 20:39,3,9,2.688,2.668,2.5,2.5,2.668,2.5,2.5,2.5
465,站_439,小桔充电汽车充电站(帕沃充电合肥市祥源城小桔充电站),蜀山区,祥源城四期停车场地下停车场,117.13309,31.834953,汽车服务;充电站;充电站,4000610999,新能源汽车充电桩,2026/1/27 20:39,1.875,4,2.5,2.992,2.5,2.5,2.5,2.5,2.5,2.5
466,站_440,极氪能源超级充电站(合肥蜀山唯品会城市奥莱超充站),蜀山区,金寨南路811号唯品会城市奥莱地下停车场006,117.25337,31.818474,汽车服务;充电站;充电站,4000036036,新能源汽车充电桩,2026/1/27 20:39,3.2,5,2.5,3.231,2.5,2.5,2.379,2.5,2.5,2.5
467,站_441,汽车充电站(翠微北园充电站),蜀山区,芙蓉社区芙蓉路799号翠微北园,117.203611,31.78861,汽车服务;充电站;充电站,13355513698;18715009887,新能源汽车充电桩,2026/1/27 20:39,4.666666666666667,3,2.5,2.5,2.5,2.5,2.5,2.5,2.5,2.5
468,站_442,特来电汽车充电站(柘鑫科技园超充站),蜀山区,蜀山新产业园区白莲岩路御联行·柘鑫科技园,117.144931,31.874954,汽车服务;充电站;充电站,18956081127,新能源汽车充电桩,2026/1/27 20:39,3.625,8,2.219,2.5,2.5,2.5,2.5,2.5,2.5,2.93
469,站_558,特来电汽车充电站(柘鑫科技园超充站),蜀山区,蜀山新产业园区白莲岩路御联行·柘鑫科技园,117.144931,31.874954,汽车服务;充电站;充电站,18956081127,新能源汽车充电桩,2026/1/27 20:39,5,2,2.5,2.5,2.5,2.5,2.5,2.5,2.5,2.5
470,站_443,特来电汽车充电站(新月归心充电站),蜀山区,经开区壶天路与棋石路交口东南角50米地面停车场,117.197308,31.795016,汽车服务;充电站;充电站,18756940087,新能源汽车充电桩,2026/1/27 20:39,4,6,2.923,2.5,2.5,2.5,2.5,2.698,2.5,2.5
471,站_444,合肥市经开区创业园路停车场充电站,蜀山区,经开区金寨路与创业园路交口停车场,117.230608,31.789898,汽车服务;充电站;充电站,,新能源汽车充电桩,2026/1/27 20:39,3.375,8,2.018,2.628,2.5,2.5,2.5,2.5,2.5,2.5
472,站_445,易佳电汽车充电站(易佳电蓝鲤能源新城国际充电站),蜀山区,齐云路和天鹅湖路交叉口新城国际负三楼,117.234571,31.815779,汽车服务;充电站;充电站,0551-62100112,新能源汽车充电桩,2026/1/27 20:39,2.125,8,1.737,1.512,2.5,2.315,2.5,2.5,2.5,2.5
473,站_446,云快充汽车充电站(瓦特能源浙里充超级充电站),蜀山区,科学大道浙商大厦A座南侧(车库),117.208181,31.852221,汽车服务;充电站;充电站,4008288517,新能源汽车充电桩,2026/1/27 20:39,3.6666666666666665,12,6.041,3.662,2.5,2.5,2.5,2.5,2.5,2.5
474,站_447,小鹏超级充电站(小鹏S4超快充合肥翔孚玉兰大道站),蜀山区,蜀山区高新技术产业开发区兰舍商务酒店,117.16429,31.810675,汽车服务;充电站;充电站,4007836688,新能源汽车充电桩,2026/1/27 20:39,3.875,8,2.132,2.5,2.5,3.262,3.262,2.5,2.5,2.5
475,站_448,理想超级充电站(理想超充站合肥蜀山天之美府台酒店),蜀山区,琥珀街道西一环路132号合肥市琥珀中学旁府台酒店停车场,117.25165,31.860264,汽车服务;充电站;充电站,4006860400,新能源汽车充电桩,2026/1/27 20:39,4.333333333333333,3,4.797,2.5,2.5,2.5,2.5,2.5,2.5,2.5
476,站_449,理想超级充电站(理想超充站合肥蜀山区凤凰国际),蜀山区,莲花社区松谷路凤凰国际A座,117.22054,31.780094,汽车服务;充电站;充电站,4006860400,新能源汽车充电桩,2026/1/27 20:39,1.5,2,2.5,2.5,2.5,2.5,2.5,2.5,2.5,2.5
477,站_450,极氪能源超级充电站(合肥正大广场极充站),蜀山区,芙蓉路291号正大广场地下停车场负二层D区,117.230225,31.781286,汽车服务;充电站;充电站,4000036036,新能源汽车充电桩,2026/1/27 20:39,2.25,4,3.032,2.5,2.5,2.5,2.5,2.5,2.5,2.5
478,站_451,易佳电汽车充电站(易佳电蓝鲤西二环充电站),蜀山区,西二环路军源八一驾校(环东训练基地)内,117.216306,31.845668,汽车服务;充电站;充电站,0551-62100112,新能源汽车充电桩,2026/1/27 20:39,2,4,2.5,-2.189,2.5,2.5,2.5,2.5,2.5,2.5
479,站_452,星星充电汽车充电站(合肥必达经贸有限公司),蜀山区,高新区科学大道与红枫路交口往西250米地面停车场,117.198426,31.827577,汽车服务;充电站;充电站,15155954210,新能源汽车充电桩,2026/1/27 20:39,2.7,5,1.835,1.908,2.5,2.5,3.039,2.5,2.5,2.5
480,站_453,国家电网汽车充电站(安徽省合肥市蜀山区长江西路中石化合六路加气站充电站),蜀山区,井岗镇长江西路301号中国石化合六路CNG加气站地面停车场,117.180829,31.852171,汽车服务;充电站;充电站,0551-63318110;96529,新能源汽车充电桩,2026/1/27 20:39,3.25,4,2.704,2.328,2.5,2.5,2.5,2.5,2.5,2.5
481,站_454,星星充电汽车充电站(星星充电-中翰幸福时光名庭充电站),蜀山区,井岗镇中翰幸福时光名庭维也纳国际酒店,117.208974,31.860731,汽车服务;充电站;充电站,15256919026,新能源汽车充电桩,2026/1/27 20:39,1,3,2.5,1.64,2.5,2.5,2.5,2.5,2.5,2.5
482,站_455,国家电网汽车充电站(沪陕高速新桥服务区充电站上海方向2),蜀山区,沪陕高速新桥服务区充电站(上海方向),116.893255,31.918457,汽车服务;充电站;充电站,0551-63881234;96529,新能源汽车充电桩,2026/1/27 20:39,3.25,4,1.971,2.5,2.5,2.5,2.5,2.5,2.5,2.1
483,站_456,易佳电汽车充电站(易佳电企融大厦场站),蜀山区,西二环路辅路,117.2123,31.8358,汽车服务;充电站;充电站,0551-62100112,新能源汽车充电桩,2026/1/27 20:39,2.071428571428572,7,1.768,3.606,2.5,2.5,1.394,2.5,2.5,2.5
484,站_457,小鹏超级充电站(小鹏S5超快充合肥蜀山国祯广场站),蜀山区,长江西路与陈村路交汇处(入口半店站),117.23618,31.853676,汽车服务;充电站;充电站,4007836688,新能源汽车充电桩,2026/1/27 20:39,1,1,2.5,-6,2.5,2.5,2.5,2.5,2.5,2.5
485,站_458,特来电汽车充电站(合肥经开区尚泽大都会充电站),蜀山区,莲花社区尚泽大都会,117.23086,31.773355,汽车服务;充电站;充电站,15201797650,新能源汽车充电桩,2026/1/27 20:39,3.071428571428572,7,6.085,3.433,2.5,2.5,2.5,2.5,2.5,2.5
486,站_459,小桔充电汽车充电站(翔孚快享充玉兰大道小桔充电站),蜀山区,兰舍商务酒店合肥高新区店停车点,117.164743,31.810901,汽车服务;充电站;充电站,18055117159,新能源汽车充电桩,2026/1/27 20:39,4.4,5,5.218,4.514,2.5,5.533,3.722,4.514,2.5,2.5
487,站_460,小鹏汽车充电站(小鹏超充合肥天鹅湖万达广场站),蜀山区,万达广场天鹅湖店地下停车场,117.220281,31.819478,汽车服务;充电站;充电站,4007836688,新能源汽车充电桩,2026/1/27 20:39,3.75,6,3.298,1.933,2.5,2.5,3.022,2.5,2.5,2.5
488,站_461,广汽能源汽车充电站(广汽能源合肥源润大厦超充站),蜀山区,源润大厦停车场,117.275935,31.746349,汽车服务;充电站;充电站,4006665330,新能源汽车充电桩,2026/1/27 20:39,3.2142857142857144,7,3.044,4.214,2.5,2.5,2.5,2.5,2.5,2.5
489,站_462,云快充汽车充电站(大电官合肥安高开元酒店广场站),蜀山区,安高广场地面停车场,117.251985,31.829427,汽车服务;充电站;充电站,4008288517,新能源汽车充电桩,2026/1/27 20:39,2.625,20,3.286,2.485,2.5,2.5,2.5,2.5,2.5,2.5
490,站_463,中国石化汽车充电站(运河新城充电站),蜀山区,中国石化运河新城加油站,117.008534,31.829872,汽车服务;充电站;充电站,95105888,新能源汽车充电桩,2026/1/27 20:39,2.6,10,3.259,2.5,2.5,2.5,2.5,3.564,2.5,2.5
491,站_464,汽车充电站(蔚来目充站合肥弘阳广场),蜀山区,长江西路478号弘阳广场三层停车场,117.236604,31.852524,汽车服务;充电站;充电站,13721060267,新能源汽车充电桩,2026/1/27 20:39,3.125,4,2.988,2.5,2.5,2.716,2.5,2.5,2.5,2.5
492,站_465,捷顺充汽车充电站(兴园北区),蜀山区,蜀山区高新技术产业开发区兴园北区,117.20642,31.821058,汽车服务;充电站;充电站,4007005305,新能源汽车充电桩,2026/1/27 20:39,1.6111111111111112,9,2.796,2.5,2.5,2.5,2.5,2.5,2.5,2.5
493,站_466,小鹏超级充电站(小鹏S4超快充合肥南七天地站),蜀山区,地下停车场,117.263374,31.828665,汽车服务;充电站;充电站,4007836688,新能源汽车充电桩,2026/1/27 20:39,4.2,10,3.18,2.5,2.5,2.5,2.976,2.5,2.5,2.5
494,站_467,理想汽车充电站(理想超充站合肥名邦大厦),蜀山区,繁华大道与芙蓉路交叉口名邦大厦,117.26401,31.782417,汽车服务;充电站;充电站,4006860400,新能源汽车充电桩,2026/1/27 20:39,2.75,4,2.5,2.5,2.5,2.5,2.5,2.5,2.5,2.5
495,站_468,理想超级充电站(理想5C超充站合肥蜀山区玉兰大道停车场),蜀山区,高新技术产业开发区玉兰大道兰舍商务酒店东南侧停车场,117.164505,31.810976,汽车服务;充电站;充电站,4006860400,新能源汽车充电桩,2026/1/27 20:39,3.9444444444444446,9,3.711,3.202,2.5,3.202,2.939,2.5,2.5,2.5
496,站_469,汽车充电站(中国石油加油站合作化南路辅路站),蜀山区,合作化南路8号,117.252175,31.823217,汽车服务;充电站;充电站,0551-63524537,新能源汽车充电桩,2026/1/27 20:39,1.5,10,2.5,2.5,2.5,2.5,2.5,2.5,2.5,2.5
497,站_470,理想超级充电站(理想5C超充站合肥蜀山第六空间潜山路店),蜀山区,南七街道潜山路第六空间潜山路店,117.2313,31.828627,汽车服务;充电站;充电站,4006860400,新能源汽车充电桩,2026/1/27 20:39,5,3,7.298,2.5,2.5,2.5,2.5,2.5,2.5,2.5
498,站_471,蔚来能源汽车充电站(合肥政务红星美凯龙),蜀山区,南二环路与潜山路交叉口处政务红星美凯龙北门东侧地面停车场,117.240584,31.816254,汽车服务;充电站;充电站,,新能源汽车充电桩,2026/1/27 20:39,3,5,2.313,2.053,2.5,2.5,2.5,2.5,2.5,2.5
499,站_472,极氪能源超级充电站(合肥万达广场天鹅湖店超充站),蜀山区,笔架山街道南二环路3818号万达广场(天鹅湖店)地下停车场负二层D区D054号车位旁,117.22017,31.819485,汽车服务;充电站;充电站,4000036036,新能源汽车充电桩,2026/1/27 20:39,4,9,3.017,2.826,2.5,2.931,3.321,2.5,2.5,2.5
500,站_473,捷顺充汽车充电站(合肥万象生活广场室内地下充电站),蜀山区,三里庵街道槽郢路27号省外贸绩溪新村,117.26601,31.843866,汽车服务;充电站;充电站,4007005305,新能源汽车充电桩,2026/1/27 20:39,3.9444444444444446,9,4.424,2.078,2.5,2.429,3.05,2.5,2.5,2.5
501,站_474,小桔充电汽车充电站(翔孚快享充科学大道充电站),蜀山区,高新技术产业开发区合肥国家大学科技园创业孵化中心,117.20321,31.835123,汽车服务;充电站;充电站,18055117159,新能源汽车充电桩,2026/1/27 20:39,1.5,2,2.5,2.5,2.5,2.5,2.5,2.5,2.5,2.5
502,站_475,国家电网汽车充电站(安徽省合肥市蜀山区高刘镇乡镇充电站),蜀山区,羽绒街与肥水路交叉口南140米,116.932031,31.928904,汽车服务;充电站;充电站,96529,新能源汽车充电桩,2026/1/27 20:39,3.5,2,2.5,2.5,2.5,2.5,2.5,2.5,2.5,2.5
503,站_476,小桔充电汽车充电站(倍来充合肥西二环小桔充电站),蜀山区,笔架山街道西二环路3号亿诺商务中心停车场入口50米右转,117.21089,31.82513,汽车服务;充电站;充电站,4000610999,新能源汽车充电桩,2026/1/27 20:39,3.1,5,3.333,2.5,3.274,3.333,3.359,2.5,2.5,2.5
504,站_477,特斯拉超级充电站(合肥中新网安大厦),蜀山区,启航路与秋实路交叉口合肥中新网安大厦地下停车场负二层/入口创新大道,117.13499,31.833155,汽车服务;充电站;专用充电站,4009100707,新能源汽车充电桩,2026/1/27 20:39,2.5,4,2.5,3.07,2.5,2.5,2.5,2.5,2.5,2.5
505,站_478,理想超级充电站(理想超充站合肥文锦新城停车场),蜀山区,芙蓉社区翡翠路文锦新城,117.21191,31.795815,汽车服务;充电站;充电站,4006860400,新能源汽车充电桩,2026/1/27 20:39,3.5,6,3.462,2.128,2.5,3.007,3.152,2.5,2.5,2.5
506,站_479,蔚来换电站(G40沪陕高速新桥服务区上海方向),蜀山区,G40沪陕高速,116.892897,31.918432,汽车服务;换电站;换电站,,新能源汽车充电桩,2026/1/27 20:39,4,5,2.5,2.5,2.5,2.5,2.5,2.5,2.5,2.5
507,站_480,易佳电汽车充电站(易佳电蓝鲤弘阳广场充电站),蜀山区,"长江西路高架合肥弘阳广场,长江西路高架由东向西行驶至半店路出口右转驶入立体停车场F3层",117.236605,31.852529,汽车服务;充电站;充电站,0551-62100112,新能源汽车充电桩,2026/1/27 20:39,2,4,2.5,3.814,2.5,3.814,3.814,2.5,2.5,2.5
508,站_481,星星充电汽车充电站(星星充电-滨湖比亚迪充电站),蜀山区,临湖社区管理管委会宿松路裕田汽车科技产业园地面停车场,117.26625,31.727766,汽车服务;充电站;充电站,15155954210,新能源汽车充电桩,2026/1/27 20:39,3.5,3,5.688,2.5,2.5,4.095,2.5,4.095,2.5,2.5
509,站_482,特来电汽车充电站(安智行恒悦国际外商俱乐部充电站),蜀山区,蜀山区高新区科学大道83号外商俱乐部酒店地面停车场,117.204388,31.839484,汽车服务;充电站;充电站,15255737091,新能源汽车充电桩,2026/1/27 20:39,2.7777777777777777,9,1.813,2.872,2.5,2.5,2.5,2.5,2.5,2.5
510,站_483,小桔充电汽车充电站(帕沃充电合肥市丁香家园小桔充电站),蜀山区,黄山花园地面停车场(东至路),117.24508,31.826761,汽车服务;充电站;充电站,4000610999,新能源汽车充电桩,2026/1/27 20:39,2.2,10,2.642,1.202,2.5,0.471,1.191,2.5,2.5,2.5
511,站_484,阳光充电汽车充电站(合肥潜山路第六空间),蜀山区,潜山路与庙岗路交口(洪岗地铁站4号口步行300米),117.231387,31.829653,汽车服务;充电站;充电站,19863936166,新能源汽车充电桩,2026/1/27 20:39,4.416666666666667,6,2.642,2.5,2.5,2.5,3.792,2.5,2.5,2.5
512,站_485,小桔充电汽车充电站(翔孚快享充香枫创意园小桔充电站),蜀山区,合肥高新区香樟大道211号香枫创意园A座一楼左侧香枫创意园香枫创意园地面停车场,117.19368,31.826567,汽车服务;充电站;充电站,18055117159,新能源汽车充电桩,2026/1/27 20:39,3.7222222222222223,9,4.947,2.5,3.478,2.5,3.263,2.5,2.5,2.5
513,站_486,理想超级充电站(理想超充站合肥蜀山区亚夏汽车城),蜀山区,高新技术产业开发区天智路669号,117.20973,31.830654,汽车服务;充电站;充电站,4006860400,新能源汽车充电桩,2026/1/27 20:39,4.5,8,2.5,3.431,2.5,3.434,3.434,2.5,2.5,2.5
514,站_487,理想超级充电站(理想5C超充站沪陕高速新桥服务区上海方向),蜀山区,高刘街道新桥服务区(沪陕高速上海方向),116.893715,31.918856,汽车服务;充电站;充电站,4006860400,新能源汽车充电桩,2026/1/27 20:39,0.75,2,2.5,0.72,2.5,2.5,2.5,2.5,2.5,2.5
515,站_488,国家电网汽车充电站(安徽省合肥市蜀山区南艳湖石门路4号停车场交流充电站),蜀山区,青龙潭路与石门路交口向东4号停车场东侧,117.257171,31.772163,汽车服务;充电站;充电站,96529,新能源汽车充电桩,2026/1/27 20:39,5,2,-0.682,2.5,2.5,8.862,2.5,2.5,2.5,2.5
516,站_489,(对外开放)蔚来超充站合肥蜀山蔚来服务中心,蜀山区,花峰路与玉蕾路交口往东北方向120米地面停车场,117.142217,31.869034,汽车服务;充电站;充电站,,新能源汽车充电桩,2026/1/27 20:39,4.727272727272728,11,5.412,3.441,2.5,2.5,2.734,2.5,2.5,2.5
517,站_490,开迈斯汽车充电站(合肥市金隅南七天地站),蜀山区,金寨路与望江路交口西南角金隅南七天地B3层D区,117.263345,31.828695,汽车服务;充电站;充电站,4006657666,新能源汽车充电桩,2026/1/27 20:39,4.5,1,2.5,2.5,2.5,2.5,2.5,2.5,2.5,2.5
518,站_491,巧克力换电站(高新客运西站),蜀山区,南岗镇合肥汽车客运西站,117.137997,31.851466,汽车服务;充电站;充电站,4000152025,新能源汽车充电桩,2026/1/27 20:39,4.7,5,3.994,5.488,3.694,3.89,3.853,2.5,2.5,2.5
519,站_492,小桔充电汽车充电站(倍来充安之酒店小桔充电站),蜀山区,合肥安之酒店停车场(科学大道地铁站B口步行100米),117.208275,31.854689,汽车服务;充电站;充电站,4000610999,新能源汽车充电桩,2026/1/27 20:39,4.2,10,5.547,3.949,2.5,3.073,3.085,2.5,2.5,2.5
520,站_493,理想超级充电站(理想超充站合肥蜀山区安之酒店),蜀山区,高新技术产业开发区长江西路679号合肥安之酒店,117.20764,31.85471,汽车服务;充电站;充电站,4006860400,新能源汽车充电桩,2026/1/27 20:39,1,2,2.5,2.5,2.5,2.5,2.5,2.5,2.5,2.5
521,站_494,蔚来换电站(合肥中石油中环站),蜀山区,潜山北路68号,117.239725,31.874988,汽车服务;汽车服务相关;汽车服务相关,,新能源汽车充电桩,2026/1/27 20:39,5,1,4.46,0.76,2.5,2.5,2.5,2.5,2.5,2.5
522,站_495,汽车充电站(开迈斯充电站合肥市华邦ICC银泰城直流站),蜀山区,潜山路190号银泰城地下停车场B-380,117.232963,31.818059,汽车服务;充电站;充电站,4006657666,新能源汽车充电桩,2026/1/27 20:39,4,7,2.5,2.838,2.5,2.5,2.924,2.5,2.5,2.5
523,站_496,蔚来能源汽车充电站(西安方向G40沪陕高速新桥服务区B),蜀山区,蔚来超充站(G40沪陕高速新桥服务区西安方向),116.895039,31.920544,汽车服务;充电站;充电站,,新能源汽车充电桩,2026/1/27 20:39,4.75,6,3.728,3.728,3.566,2.5,2.5,2.5,2.5,2.5
524,站_497,蔚来换电站(合肥国网智慧能源服务站),蜀山区,始信路与云谷路交口往南200米国家电网能源中心内,117.251966,31.711828,汽车服务;汽车服务相关;汽车服务相关,,新能源汽车充电桩,2026/1/27 20:39,4.625,8,5.525,2.5,2.5,2.931,2.5,2.5,2.5,2.5
525,站_498,特斯拉超级充电站(合肥国耀星达城),蜀山区,宝纶路与丹霞路交叉路口北100米路西合肥国耀星达城地下停车场B2层D1区/入口宝纶路,117.212395,31.775614,汽车服务;充电站;专用充电站,4009100707,新能源汽车充电桩,2026/1/27 20:39,4.428571428571429,7,4.126,2.066,2.5,2.5,4.306,2.5,2.5,2.5
526,站_499,特来电目的地充电站(特来电特来电高校三创园充电站),蜀山区,芙蓉社区高校三创园内(4号楼前地面停车场),117.18339,31.776474,汽车服务;充电站;充电站,4001300001,新能源汽车充电桩,2026/1/27 20:39,3,6,0.746,1.978,2.5,2.5,2.5,2.5,2.5,2.5
527,站_500,壳牌蚁族公寓超级汽车充电站,蜀山区,西二环路388号,117.21305,31.824414,汽车服务;充电站;充电站,17760889747,新能源汽车充电桩,2026/1/27 20:39,2.25,8,4.059,1.454,2.5,2.5,2.5,2.5,2.5,2.5
528,站_501,汽车充电站(开迈斯充电站合肥市尚泽大都会直流站),蜀山区,莲花路690号尚泽大都会地下停车场B1层(1299-1304),117.230874,31.772349,汽车服务;充电站;充电站,4008806700,新能源汽车充电桩,2026/1/27 20:39,5,1,2.5,2.5,2.5,2.5,2.5,2.5,2.5,2.5
529,站_502,特来电汽车充电站(特来电合肥广汽埃安超充站),蜀山区,蜀山区经开区地面停车场,117.19935,31.751501,汽车服务;充电站;充电站,4001300001,新能源汽车充电桩,2026/1/27 20:39,2.333333333333333,6,2.5,2.5,2.657,2.5,2.5,2.056,2.5,2.5
530,站_503,奥迪汽车充电站(合肥正大广场),蜀山区,芙蓉路291号负一层??B167、B168、B169,117.228994,31.781269,汽车服务;充电站;充电站,4001300001,新能源汽车充电桩,2026/1/27 20:39,2.1666666666666665,6,3.917,2.5,2.5,2.5,2.5,2.5,2.5,2.5
531,站_504,特来电汽车充电站(毅威出行政务区天珑广场),蜀山区,天珑广场地下停车场,117.234306,31.800684,汽车服务;充电站;充电站,4001300001,新能源汽车充电桩,2026/1/27 20:39,3.6666666666666665,3,2.5,2.5,2.5,1.942,3.058,2.5,2.5,2.5
532,站_505,小桔充电汽车充电站(帕沃充电合肥市橄榄酒店小桔充电站),蜀山区,橄榄酒店(大铺头店)地面停车场,117.183324,31.857039,汽车服务;充电站;充电站,4000610999,新能源汽车充电桩,2026/1/27 20:39,3.4,10,3.247,2.398,2.5,2.898,2.976,2.824,2.5,2.5
533,站_506,开迈斯汽车充电站(合肥市中新网安大厦站),蜀山区,创新大道2688号中新网安大厦地下停车场001,117.134926,31.833347,汽车服务;充电站;充电站,,新能源汽车充电桩,2026/1/27 20:39,2.6,5,2.5,4.86,2.5,2.004,2.682,2.5,2.5,2.5
534,站_507,小桔充电汽车充电站(兆电启迪科技城小桔充电站),蜀山区,海恒社区至善路合肥启迪科技城北侧停车场,117.272766,31.76099,汽车服务;充电站;充电站,4000610999,新能源汽车充电桩,2026/1/27 20:39,3.6,5,4.032,2.5,2.5,2.5,3.216,4.131,2.5,2.5
535,站_508,特斯拉超级充电站(合肥市银泰百货高新店),蜀山区,创新大道与望江西路交叉口西北角合肥银泰百货(高新店)地下停车场B2层A区/入口创新大道,117.13266,31.831865,汽车服务;充电站;充电站,4009100707,新能源汽车充电桩,2026/1/27 20:39,3.7,10,2.5,2.5,2.5,2.5,3.057,2.5,2.5,2.5
536,站_509,云快充汽车充电站(天之美西一环超充站),蜀山区,合作化北路蜀山区琥珀街道社区卫生服务中心停车场,117.251396,31.860191,汽车服务;充电站;充电站,4008288517,新能源汽车充电桩,2026/1/27 20:39,1.75,2,0.602,-0.892,2.5,2.5,2.5,2.5,2.5,2.5
537,站_4269,云快充汽车充电站(澄光金昌惠民充电站),蜀山区,金昌轴承有限公司西北门旁,117.20334,31.747812,汽车服务;充电站;充电站,4008288517,新能源汽车充电桩,2026/1/27 20:39,3.9,28,3.646,3.604,3.981,3.02,2.497,3.231,3.696,2.913
538,站_511,枫林路停车场充电站,蜀山区,望江西路与枫林路交口,117.162331,31.829129,汽车服务;充电站;充电站,,新能源汽车充电桩,2026/1/27 20:39,3.875,8,3.691,2.5,2.5,2.5,2.5,2.5,2.5,2.5
539,站_512,国家电网汽车充电站(安徽省合肥市蜀山区省立医院交流充电桩群充电站),蜀山区,茗香路省立医院南区2号楼地下车库2层D区,117.248914,31.813574,汽车服务;充电站;充电站,96529,新能源汽车充电桩,2026/1/27 20:39,3.5625,8,0.334,2.5,2.5,2.5,2.5,3.532,2.5,2.5
540,站_513,云快充汽车充电站(桔子水晶合肥明珠广场酒店充电桩),蜀山区,芙蓉路与莲花路交叉口置地汇金商务中心S8栋107号地下室停车位,117.231679,31.782456,汽车服务;充电站;充电站,13155426633;4008288517,新能源汽车充电桩,2026/1/27 20:39,2.8,5,2.5,2.5,2.5,2.5,2.5,2.5,2.5,2.5
541,站_514,合肥充电新桥机场社会停车场汽车充电站,蜀山区,合肥新桥国际机场社会停车场内,116.973762,31.985868,汽车服务;充电站;充电站,,新能源汽车充电桩,2026/1/27 20:39,4.666666666666667,3,3.763,2.5,2.5,2.5,2.5,2.5,2.5,2.5
542,站_515,理想超级充电站(理想5C超充站沪陕高速新桥服务区西安方向),蜀山区,新桥服务区,116.89518,31.920582,汽车服务;充电站;充电站,4006860400,新能源汽车充电桩,2026/1/27 20:39,3.625,8,0.924,2.5,2.5,2.5,3.014,2.5,2.5,2.5
543,站_516,络络充电汽车充电站(合肥创新院电站),蜀山区,合肥创新院地面停车场,117.123535,31.822725,汽车服务;充电站;充电站,0551-65695301,新能源汽车充电桩,2026/1/27 20:39,0.75,2,2.5,2.5,2.5,2.5,2.5,2.5,2.5,2.5
544,站_517,洪石公园电动汽车充电站,蜀山区,洪石公园西北门旁,117.238024,31.829583,汽车服务;充电站;充电站,,新能源汽车充电桩,2026/1/27 20:39,3.8,5,3.535,2.5,2.5,2.5,4.282,2.5,2.5,2.5
545,站_518,特斯拉超级充电站(合肥蜀山万象汇),蜀山区,望江西路123号蜀山万象汇地下停车场1A(合作化南路辅路),117.251016,31.828852,汽车服务;充电站;充电站,,新能源汽车充电桩,2026/1/27 20:39,3.75,6,3.953,1.819,2.5,2.5,3.265,2.5,3.287,2.5
546,站_519,小鹏超级充电站(小鹏S4超快充合肥蜀山名车广场销服中心站),蜀山区,井岗镇长江西路1078号小鹏汽车合肥蜀山名车广场销售服务中心,117.17576,31.853683,汽车服务;充电站;充电站,4007836688,新能源汽车充电桩,2026/1/27 20:39,4.071428571428571,7,3.528,3.921,3.528,2.5,2.5,2.5,2.5,2.5
547,站_520,汽车充电站(蔚来超充站合肥智能科技园),蜀山区,宿松路3963号智能科技园F栋门口,117.277087,31.778609,汽车服务;充电站;充电站,,新能源汽车充电桩,2026/1/27 20:39,2,4,2.5,3.14,2.5,2.5,2.5,2.5,2.5,2.5
548,站_521,特来电充电站(金经源酒店),蜀山区,经开发区繁华大道258号明珠广场欧风街东段地面停车场,117.230423,31.779811,汽车服务;充电站;充电站,,新能源汽车充电桩,2026/1/27 20:39,3.8,5,3.528,0.544,5.268,2.5,3.5,2.5,2.5,2.5
549,站_522,蔚享天成汽车充电站(北大墩充电站),蜀山区,小东郢小区柿园路南150米,116.941925,31.94443,汽车服务;充电站;充电站,15755125015,新能源汽车充电桩,2026/1/27 20:39,1,1,6.895,2.5,2.5,2.5,2.5,2.5,2.5,2.5
550,站_523,国家电网汽车充电站(沪蓉高速新桥服务区充电站成都方向2),蜀山区,合六叶高速新桥服务区,116.894983,31.920661,汽车服务;充电站;充电站,,新能源汽车充电桩,2026/1/27 20:39,4,6,3.051,2.5,2.5,2.5,2.5,2.5,2.5,2.5
551,站_524,理想超级充电站(理想超充站合肥蜀山区井岗路希莱酒店),蜀山区,希莱酒店合肥大蜀山地铁站店地面停车场,117.18087,31.856855,汽车服务;充电站;充电站,4006860400,新能源汽车充电桩,2026/1/27 20:39,3,2,2.5,2.5,2.5,2.5,2.5,2.5,2.5,2.5
552,站_525,小桔充电汽车充电站(帕沃充电合肥市南二环潜山路新城国际充电站),蜀山区,荷叶地街道新城国际(齐云山路)地下停车场D座负三层左转,117.234691,31.81594,汽车服务;充电站;充电站,4000610999,快充桩,2026/1/27 20:39,2.4,5,2.5,2.5,2.5,2.5,2.5,2.5,2.5,2.5
553,站_526,小桔充电汽车充电站(合肥市天鹅湖大酒店充电站),蜀山区,笔架山街道天鹅湖东路124号天鹅湖大酒店西门进,117.22856,31.817581,汽车服务;充电站;充电站,4000610999,快充桩,2026/1/27 20:39,4.5,2,3.318,4.2,2.5,2.5,2.5,2.5,2.5,2.5
554,站_527,汽车充电站(毅威电动天珑广场站),蜀山区,潜山路596号,117.234129,31.803128,汽车服务;充电站;充电站,,快充桩,2026/1/27 20:39,1.9,5,1.833,1.802,2.5,-0.928,0.819,2.5,2.5,2.5
555,站_528,特来电汽车充电站(蚁聚天鹅湖全民健身中心站),蜀山区,笔架山街道飞弧保龄球馆天鹅湖公园,117.220976,31.814132,汽车服务;充电站;充电站,18019584040,快充桩,2026/1/27 20:39,3.25,4,3.454,2.5,2.5,1.799,2.5,2.5,2.5,2.5
556,站_529,星星充电汽车充电站(星星充电-振规金属北区充电站),蜀山区,锦绣社区合肥振规金属有限公司(南门)星星充电汽车充电站,117.24755,31.725443,汽车服务;充电站;充电站,15155954210,快充桩,2026/1/27 20:39,4.111111111111111,9,3.732,2.666,2.5,2.5,2.749,2.749,2.5,2.5
557,站_530,千寻院士大厦汽车充电站,蜀山区,玉兰大道与习友路交口院士大厦内停车场,117.177313,31.821271,汽车服务;充电站;充电站,,快充桩,2026/1/27 20:39,5,3,5.398,2.5,2.5,2.5,2.5,2.5,2.5,2.5
558,站_531,小桔充电汽车充电站(奕筱桔卧云农贸市场超充站),蜀山区,临湖社区管理管委会龙幡路3-1号卧云菜市场,117.25617,31.729567,汽车服务;充电站;充电站,15255562769,快充桩,2026/1/27 20:39,3.75,10,3.512,2.75,2.5,2.5,2.759,2.5,2.5,2.5
559,站_532,小桔充电汽车充电站(合肥继远软件园充电站),蜀山区,继远软件园,117.18284,31.81932,汽车服务;充电站;充电站,4000610999,快充桩,2026/1/27 20:39,1.875,4,2.5,1.934,2.5,2.5,2.5,2.5,2.5,2.5
560,站_533,汽车充电站(鼎斛合肥1号),蜀山区,长宁大道516号,117.114845,31.798801,汽车服务;充电站;充电站,18521525986,快充桩,2026/1/27 20:39,1,3,2.5,1.532,2.5,2.5,2.5,2.5,2.5,2.5
561,站_534,蔚景云汽车充电站(十里庙地铁B口电动汽车充电站),蜀山区,井岗镇长江西路549号(十里庙地铁站B口步行140米),117.222916,31.853659,汽车服务;充电站;充电站,4006803880,快充桩,2026/1/27 20:39,3.875,8,2.832,2.812,2.971,2.5,3.588,2.5,2.5,2.5
562,站_8718,蔚来能源目的地充电站(内部使用合肥中国移动习友路),蜀山区,习友路与金桂路交叉口西150米安徽移动合肥习友路四号生产楼停车场,117.183815,31.815186,汽车服务;充电站;充电站,,快充桩,2026/1/27 20:39,3.7,8,3.403,4.308,3.395,2.998,2.889,3.018,4.04,3.105
563,站_535,小桔充电汽车充电站(光宇智充-合肥滨湖凡高公寓小桔充电站),蜀山区,临湖社区管理管委会及早酒店,117.275276,31.743492,汽车服务;充电站;充电站,13776665605,快充桩,2026/1/27 20:39,1.5,4,2.5,1.656,2.5,2.5,2.5,2.5,2.5,2.5
564,站_536,云快充汽车充电站(合肥市轨道交通科学城充电站),蜀山区,小蜀山东路与崇德东路交叉口正东方向430米左右,117.074455,31.825071,汽车服务;充电站;充电站,4008288517,快充桩,2026/1/27 20:39,0.875,4,3.564,2.5,2.5,2.5,2.5,2.5,2.5,2.5
565,站_537,优充星汽车充电站(助行充电远大尚林苑站),蜀山区,远大尚林苑,117.25127,31.726648,汽车服务;充电站;充电站,13339196919,快充桩,2026/1/27 20:39,3.625,8,2.5,3.154,2.5,2.5,3.756,2.5,2.5,2.5
566,站_538,国家电网始信路电动汽车充电站,蜀山区,始信路与云谷路交叉口南160米,117.251151,31.711403,汽车服务;充电站;充电站,96529,快充桩,2026/1/27 20:39,3.857142857142857,7,2.79,3.391,2.5,2.72,2.5,2.5,2.5,2.5
567,站_539,蔚来能源目的地充电站(内部使用合肥中国移动黄山路),蜀山区,黄山路通信生产楼停车场,117.20775,31.839848,汽车服务;充电站;充电站,,快充桩,2026/1/27 20:39,4,1,21.85,2.5,2.5,21.85,12.18,2.5,2.5,2.5
568,站_540,汽车充电站(开迈斯充电站合肥市安通商业广场直流站),蜀山区,紫云路与金寨南路交口安通商业广场缘梦大厦B座地下停车场B1017,117.202228,31.753033,汽车服务;充电站;充电站,4006657666,快充桩,2026/1/27 20:39,3.2,5,4.57,1.345,2.5,2.5,4.581,2.5,2.5,2.5
569,站_541,蔚来能源目的地充电站(内部使用合肥中国移动长江西路),蜀山区,长江西路高架与南一环路交叉口西北方向60米,117.24351,31.852507,汽车服务;充电站;充电站,,快充桩,2026/1/27 20:39,3.2,5,3.537,2.5,2.5,3.537,2.5,2.5,2.5,2.5
570,站_542,蔚来能源目的地充电站(内部使用合肥中国联通大厦),蜀山区,中国联通大厦停车场(图书馆地铁站E2口步行240米),117.21347,31.807846,汽车服务;充电站;充电站,,快充桩,2026/1/27 20:39,1,3,2.5,2.5,2.5,2.5,2.5,2.5,2.5,2.5
571,站_543,云快充目的地充电站(能量驰合肥金隅南七天地交流站),蜀山区,金寨路与仰光街交叉口西120米,117.26228,31.82799,汽车服务;充电站;充电站,4008288517,快充桩,2026/1/27 20:39,3.2857142857142856,7,0.973,3.446,2.5,2.5,3.446,2.5,2.5,2.5
572,站_544,蔚景云汽车充电站(安徽工研院),蜀山区,高新技术产业开发区安徽工业技术创新研究院安徽医科大学附属口腔医院新院区,117.12982,31.85018,汽车服务;充电站;充电站,4006803880,快充桩,2026/1/27 20:39,3.357142857142857,7,3.71,3.479,2.5,2.5,3.23,2.5,2.5,2.5
573,站_545,云快充目的地充电站(捷韬控股总部基地),蜀山区,习友路与文曲路交叉口捷通大厦,117.139435,31.820925,汽车服务;充电站;充电站,4008288517,快充桩,2026/1/27 20:39,3.357142857142857,7,3.884,3.482,2.5,2.5,3.233,2.5,2.5,2.5
574,站_546,云快充汽车充电站(南岗畅园东区店)(内部专用),蜀山区,南岗镇磨子潭路南岗畅园东区,117.139992,31.853154,汽车服务;充电站;充电站,4008288517,快充桩,2026/1/27 20:39,3.230769230769231,13,3.692,2.877,2.5,2.5,2.984,2.5,2.5,2.5
575,站_547,云快充汽车充电站(中瑞大厦充电站),蜀山区,中瑞大厦(红枫路),117.20383,31.827065,汽车服务;充电站;充电站,4008288517,快充桩,2026/1/27 20:39,3.8333333333333335,6,4.842,1.498,2.5,2.5,3.763,2.5,2.5,2.5
576,站_548,国家电网汽车充电站(安徽派河小庙镇五十墩小区北区交流充电站),蜀山区,小庙镇小高路五十墩小区停车场,117.01616,31.856705,汽车服务;充电站;充电站,18326635047,交流桩,2026/1/27 20:39,3.571428571428572,7,-1.301,2.5,2.5,3.682,3.538,2.5,2.5,2.5
577,站_549,特斯拉超级充电站(合肥红星美凯龙),蜀山区,南二环路辅路红星美凯龙商场地面停车场(南二环辅路入口),117.237162,31.816114,汽车服务;充电站;充电站,4009100707,特斯拉超充站,2026/1/27 20:39,3.0357142857142856,14,3.39,1.669,2.5,2.5,4.782,2.5,2.5,2.5
578,站_550,特斯拉超级充电站(合肥蜀山高新特斯拉中心),蜀山区,环湖东路19号合肥蜀山特斯拉中心地面停车场/入口西二环路辅路,117.211975,31.830666,汽车服务;充电站;专用充电站,4009100707,特斯拉超充站,2026/1/27 20:39,4.277777777777778,9,4.356,5.366,3.464,3.492,2.5,2.5,2.5,2.5
579,站_551,蔚来超充站亚夏汽车城,蜀山区,天智路669号,117.210052,31.830573,汽车销售;汽车销售;汽车销售,,蔚来超充站,2026/1/27 20:39,3.875,8,2.291,5.217,2.5,2.5,3.516,2.5,2.5,2.5
580,站_552,小鹏汽车充电站(交流电7千瓦),蜀山区,福禄园北院A区118栋后停车场248号停车位,117.26016,31.783884,汽车服务;充电站;充电站,15156595884,小鹏超充站,2026/1/27 20:39,3.857142857142857,7,-3.626,4.312,2.5,2.5,2.5,2.5,2.5,2.5
581,站_553,理想超级充电站(理想超充站合肥皇冠假日酒店),蜀山区,合肥皇冠假日酒店地面停车场,117.21497,31.841496,汽车服务;充电站;充电站,4006860400,理想超充站,2026/1/27 20:39,5,1,2.5,2.5,2.5,2.5,2.5,2.5,2.5,2.5
582,站_554,理想超级充电站(理想5C超充站沪陕高速合肥蜀山凡高公寓),蜀山区,南岗镇长江西路蜀山凡高公寓,117.124596,31.851187,汽车服务;充电站;充电站,4006860400,理想超充站,2026/1/27 20:39,3.875,8,3.712,2.597,2.5,2.5,2.148,2.5,2.5,2.5
583,站_555,特来电充电站(安智行安粮唯品会),蜀山区,金寨路与南二环路交口安粮唯品会地下停车场B3层B区B102,117.25398,31.817738,汽车服务;充电站;充电站,,特来电充电站,2026/1/27 20:39,1.8461538461538465,13,2.595,2.5,2.5,2.5,2.379,2.5,2.5,2.5
584,站_556,特来电汽车充电站(合肥众国宝融充电站),蜀山区,高新技术产业开发区安徽亚旗汽车销售服务有限公司安徽奔飞汽车销售服务有限公司,117.21169,31.83127,汽车服务;充电站;充电站,4001300001,特来电充电站,2026/1/27 20:39,3.230769230769231,13,1.935,2.809,2.5,2.5,2.614,2.5,2.5,2.5
585,站_8782,合肥特来电汽车充电有限公司,蜀山区,宿松路3693号智能装备科技园区内E栋301,117.278229,31.776723,汽车服务;汽车服务相关;汽车服务相关,17756435061,特来电充电站,2026/1/27 20:39,4,9,3.06,4.425,3.198,3.091,2.645,3.522,3.537,3.575
586,站_557,特来电汽车充电站(毅威出行海恒美食街充电站),蜀山区,海恒街与繁华大道交口海恒美食街立体停车场301,117.260278,31.77729,汽车服务;充电站;充电站,4008806700,特来电充电站,2026/1/27 20:39,3.230769230769231,13,2.042,2.794,2.5,2.5,2.666,2.5,2.5,2.5
587,站_442,特来电汽车充电站(柘鑫科技园超充站),蜀山区,蜀山新产业园区白莲岩路御联行·柘鑫科技园,117.161332,31.858758,汽车服务;充电站;充电站,18956081127,特来电充电站,2026/1/27 20:39,3.625,8,2.219,2.5,2.5,2.5,2.5,2.5,2.5,2.93
588,站_558,特来电汽车充电站(柘鑫科技园超充站),蜀山区,蜀山新产业园区白莲岩路御联行·柘鑫科技园,117.161332,31.858758,汽车服务;充电站;充电站,18956081127,特来电充电站,2026/1/27 20:39,5,2,2.5,2.5,2.5,2.5,2.5,2.5,2.5,2.5
589,站_559,特来电目的地充电站(民生大厦充电站),蜀山区,民生大厦地下停车场,117.223076,31.863749,汽车服务;充电站;充电站,4001300001,特来电充电站,2026/1/27 20:39,1.875,4,2.5,2.5,2.5,2.5,2.5,2.5,2.5,2.5
590,站_9954,星星充电汽车充电站(磬苑小区站)(暂停营业),蜀山区,容成路与九龙路交叉口东南280米,117.189797,31.777307,汽车服务;充电站;充电站,,星星充电,2026/1/27 20:39,3.5,15,3.298,4.369,2.772,3.194,3.037,3.351,2.679,3.11
591,站_560,星星充电汽车充电站(信达·银信广场),蜀山区,黄山路与科学大道交叉口,117.20439,31.839499,汽车服务;充电站;充电站,13866112247,星星充电,2026/1/27 20:39,3.125,8,2.664,2.5,2.5,2.5,3.12,2.5,2.5,2.5
592,站_561,乾润新能源汽车充电站,蜀山区,蜀山新产业园区蜀苑路合肥塞纳河畔井岗六号酒店内部地面停车场57,117.179662,31.857175,汽车服务;充电站;充电站,13721098069,星星充电,2026/1/27 20:39,3.45,10,3.649,2.9,3.038,2.5,2.774,2.5,2.5,2.5
593,站_562,星星充电汽车充电站(星星充电-蔚尔加电卧云新村交流站),蜀山区,临湖社区管理管委会卧云新村42栋,117.26152,31.728382,汽车服务;充电站;充电站,17805659299,星星充电,2026/1/27 20:39,3.5,10,2.022,3.08,2.5,2.5,2.5,2.5,2.5,2.5
594,站_563,星星充电汽车充电站(蜀山区丽枫酒店),蜀山区,迎客松特产超市停车场(大蜀山地铁站B口步行110米),117.187314,31.852059,汽车服务;充电站;充电站,,星星充电,2026/1/27 20:39,3.625,8,2.958,1.921,2.5,2.5,2.5,2.819,2.5,2.5
595,站_564,星星充电汽车充电站(34A50-广汽丰田合肥俊诚滨湖店),蜀山区,合肥市经济技术开发区宿松路与方兴大道交口西北角裕田汽车科技产业园4号厂房,117.26068,31.726156,汽车服务;充电站;充电站,4008280768,星星充电,2026/1/27 20:39,3.625,8,3.775,2.5,2.5,2.5,2.781,2.824,2.5,2.5
596,站_9855,星星充电汽车充电站(优路新能源租售中心)(暂停营业),蜀山区,莲花路1351号新亚车辆检测院内,117.231573,31.756253,汽车服务;充电站;充电站,18297974537,星星充电,2026/1/27 20:39,3.4,20,2.993,3.88,3.765,2.992,3.425,3.367,2.854,3.883
597,站_565,国家电网汽车充电站(安徽省合肥市蜀山区省立医院南区交流充电站),蜀山区,政务区合作华路与天鹅湖路交口省立医院南区地下停车场E区626,117.249289,31.816041,汽车服务;充电站;充电站,96529,国家电网充电站,2026/1/27 20:39,2.25,4,2.5,2.5,2.5,2.5,2.5,2.5,2.5,2.5
598,站_566,国家电网汽车充电站(天都路),蜀山区,天都路与紫蓬路交叉口南80米,117.241084,31.746564,汽车服务;充电站;充电站,,国家电网充电站,2026/1/27 20:39,3.555555555555556,9,3.534,2.5,2.5,2.5,2.673,2.5,2.5,2.5
599,站_2436,国家电网南艳湖8号快充站,蜀山区,习友路与慈光路交叉口西北120米,117.267933,31.764357,生活服务;生活服务场所;生活服务场所,,国家电网充电站,2026/1/27 20:39,3.5,21,2.746,4.061,3.041,3.802,3.044,3.745,3.995,3.82
600,站_5627,国家电网汽车充电站(安徽省合肥市蜀山区科学岛强磁场停车场充电站),蜀山区,科学岛强磁场停车场,117.16035,31.906563,汽车服务;充电站;充电站,96529,国家电网充电站,2026/1/27 20:39,3.6,16,3.586,3.682,3.492,3.765,3.171,3.242,3.742,3.004
601,站_3717,国家电网汽车充电站(安徽省合肥市蜀山区科学岛交叉科研楼停车场充电站),蜀山区,合肥科学岛交叉科研楼停车场,117.160324,31.908876,汽车服务;充电站;充电站,96529,国家电网充电站,2026/1/27 20:39,3.7,18,2.675,3.863,3.296,3.576,3.368,3.245,3.141,2.874
602,站_2769,国家电网汽车充电站(安徽省合肥市蜀山区科学岛智能所停车场充电站),蜀山区,科学岛智能所停车场,117.17256,31.902292,汽车服务;充电站;充电站,96529,国家电网充电站,2026/1/27 20:39,3.6,15,2.719,3.81,2.646,2.947,2.697,3.049,2.713,3.306
603,站_567,国家电网汽车充电站(安徽派河小庙镇五十墩小区南区充电站),蜀山区,小庙镇小高路五十墩小区停车场,117.016655,31.853289,汽车服务;充电站;充电站,18326635047,国家电网充电站,2026/1/27 20:39,3.555555555555556,9,1.889,3.207,2.5,2.5,2.699,2.5,2.5,2.5
604,站_568,国家电网始信路电动汽车换电站,蜀山区,始信路与云谷路交叉口南220米,117.251318,31.711346,汽车服务;汽车服务相关;汽车服务相关,,国家电网充电站,2026/1/27 20:39,4.05,10,3.517,2.5,2.5,2.5,2.726,2.5,2.5,2.5
605,站_569,国家电网汽车充电站(安徽省合肥市蜀山区高新机电产业园南区公共充电点充电站),蜀山区,北二路与北三路交叉口西北80米,117.161134,31.819068,汽车服务;充电站;充电站,,国家电网充电站,2026/1/27 20:39,3.5625,8,1.984,2.519,2.5,2.5,2.359,2.5,2.5,2.5
606,站_6290,国家电网汽车充电站(安徽省合肥市蜀山区科学岛东家属区停车场充电站),蜀山区,合肥科学岛东家属区停车场,117.17072,31.904427,汽车服务;充电站;充电站,96529,国家电网充电站,2026/1/27 20:39,4.4,25,3.046,3.573,3.887,3.954,2.433,2.877,3.311,3.623
607,站_4212,国家电网汽车充电站(安徽省合肥市蜀山区科学岛安光所停车场充电站),蜀山区,安光所停车场,117.16558,31.902943,汽车服务;充电站;充电站,96529,国家电网充电站,2026/1/27 20:39,4.5,28,3.107,4.136,2.889,3.321,2.319,3.836,3.574,3.432
608,站_570,国家电网汽车充电站(安徽省合肥市经开区金寨南路中石化桃花源加油站充电站),蜀山区,桃花工业园金寨南路中国石化桃花源加油站,117.204254,31.75498,汽车服务;充电站;充电站,96529,国家电网充电站,2026/1/27 20:39,3.5,8,2.74,3.528,2.851,2.5,2.74,2.5,2.5,2.5
609,站_8697,国家电网汽车充电站(安徽省合肥市蜀山区南艳湖习友路6号停车场快充站)(暂停营业),蜀山区,习友路和与观海路交口,117.265405,31.767016,汽车服务;充电站;充电站,96529,国家电网充电站,2026/1/27 20:39,3.6,11,3.629,3.567,3.712,3.323,3.778,3.363,3.564,3.988
610,站_6527,国家电网汽车充电站(安徽省合肥市蜀山区科学岛固体所停车场交流充电站),蜀山区,科学岛固体所停车场,117.15717,31.908691,汽车服务;充电站;充电站,96529,国家电网充电站,2026/1/27 20:39,4,22,3.042,3.797,3.218,3.792,2.608,3.826,2.507,2.838
611,站_571,云快充汽车充电站(鼎斛合肥充电站),蜀山区,长宁大道519号,117.113952,31.798996,汽车服务;充电站;充电站,4008288517,云快充充电站,2026/1/27 20:40,5,2,2.5,2.5,2.5,2.5,2.5,2.5,2.5,2.5
612,站_572,云快充目的地充电站(合肥联信电源有限公司停车场充电站),蜀山区,机电产业园杨林路与西四路交口西60米,117.16805,31.818312,汽车服务;充电站;专用充电站,4008288517,云快充充电站,2026/1/27 20:40,1.6666666666666667,6,3.228,1.902,2.5,2.5,2.5,2.5,2.5,2.5
613,站_573,云快充汽车充电站(合肥英特厂区充电站),蜀山区,英特电力停车场,117.16552,31.819529,汽车服务;充电站;充电站,4008288517,云快充充电站,2026/1/27 20:40,3.4285714285714284,7,2.432,2.5,2.5,2.5,2.936,2.5,2.5,3.386
614,站_9651,云快充目的地充电站(李充电站),蜀山区,金寨路71号美第阳光大厦,117.264755,31.835358,汽车服务;充电站;个人充电站,4008288517,云快充充电站,2026/1/27 20:40,3.6,23,3.759,4.452,2.806,2.808,3.021,3.213,4.067,3.851
615,站_1953,云快充汽车充电站(中科美络实验室电站),蜀山区,习友路创新工程院10楼,117.122933,31.821717,汽车服务;充电站;充电站,4008288517,云快充充电站,2026/1/27 20:40,4.2,12,3.667,3.591,3.079,3.169,3.309,3.727,3.911,3.572
616,站_574,云快充汽车充电站(顺丰合肥产业园充电站),蜀山区,振兴路666号顺丰产业园地面停车场051,117.150089,31.868186,汽车服务;充电站;充电站,4008288517,云快充充电站,2026/1/27 20:40,1.6666666666666667,6,2.82,2.204,2.5,1.592,2.5,2.5,2.5,2.5
617,站_575,云快充汽车充电站(合肥市明发桃源名著小区),蜀山区,香溪路与青龙潭路交叉口东南320米,117.210029,31.749736,汽车服务;充电站;充电站,,云快充充电站,2026/1/27 20:40,2.5,7,1.171,2.5,2.5,2.5,1.979,2.5,2.5,2.5
618,站_576,云快充汽车充电站(国网滨湖智慧能源服务站充电站),蜀山区,始信路与云谷路交叉口南160米,117.25119,31.711836,汽车服务;充电站;充电站,4008288517,云快充充电站,2026/1/27 20:40,3.9375,8,2.872,2.5,2.646,2.5,2.5,2.5,2.5,2.5
619,站_4860,云快充汽车充电站(中安创谷中安创谷地上停车场),蜀山区,中安创谷科技园二期望江西路920号,117.098642,31.834792,汽车服务;充电站;充电站,,云快充充电站,2026/1/27 20:40,4.2,5,3.13,3.56,2.779,3.417,3.06,3.592,2.574,2.931
620,站_577,云快充目的地充电站(望樾台邻享慢充),蜀山区,旭辉望樾台地库15栋B1115车位,117.037,31.842,汽车服务;充电站;充电站,4008288517,云快充充电站,2026/1/27 20:40,3,2,-0.285,2.5,2.5,2.5,2.5,2.5,2.5,2.5
621,站_578,云快充汽车充电站(车闪电今夜烧烤充电站),蜀山区,高刘街道高洪街46号,116.93646,31.93786,汽车服务;充电站;充电站,4008288517,云快充充电站,2026/1/27 20:40,2,1,2.5,2.5,2.5,2.5,2.5,2.5,2.5,2.5
622,站_579,开迈斯汽车充电站(合肥市蜀山万象汇站),蜀山区,望江西路123号蜀山万象汇地下停车场B031,117.25097,31.82883,汽车服务;充电站;充电站,4006657666,商场充电站,2026/1/27 20:40,4.666666666666667,6,3.136,2.866,2.5,2.5,2.5,2.5,2.5,2.5
623,站_580,小朗充电汽车充电站(经开区百乐门共享充电站),蜀山区,百乐门广场百乐门店地下停车场,117.22913,31.775763,汽车服务;充电站;充电站,4008806700,商场充电站,2026/1/27 20:40,2,2,2.5,2.5,2.5,2.5,2.5,2.5,2.5,2.5
624,站_581,奥迪汽车充电站(合肥万达广场天鹅湖店),蜀山区,南二环路3818号B2层3个停车位(E183、E184、E185),117.220857,31.820099,汽车服务;充电站;充电站,4001300001,商场充电站,2026/1/27 20:40,5,2,2.5,4.402,2.5,2.5,2.5,2.5,2.5,2.5
625,站_582,特斯拉目的地充电站(合肥华地金融中心目的地充电站),蜀山区,潜山路与皖河路交口向西100米华地金融中心A座停车场B3层3105-3108,117.230358,31.83553,汽车服务;充电站;充电站,4009100707,商场充电站,2026/1/27 20:40,4.2,5,1.931,3.069,2.5,2.5,3.453,2.5,2.5,2.5
626,站_583,特斯拉目的地充电站(合肥华邦ICC写字楼),蜀山区,潜山路190号华邦ICC写字楼地库负一层鼠区A073-A075,117.2337,31.817883,汽车服务;充电站;充电站,4009100707,商场充电站,2026/1/27 20:40,3.8,5,1.16,2.92,2.5,2.5,3.646,2.5,2.5,2.5
627,站_584,蔚来换电站G40沪陕高速新桥服务区西安方向,蜀山区,G40沪陕高速新桥服务区(六安方向),116.895196,31.920698,汽车服务;换电站;换电站,,高速服务区充电桩,2026/1/27 20:40,4.428571428571429,7,4.013,2.5,2.5,2.5,2.681,2.5,2.5,2.5
628,站_585,蔚来能源汽车充电站(上海方向G40沪陕高速新桥服务区),蜀山区,新桥服务区(G40南),116.893036,31.918552,汽车服务;充电站;充电站,,高速服务区充电桩,2026/1/27 20:40,4.285714285714286,7,3.412,3.261,2.5,2.5,2.675,2.5,2.5,2.5
629,站_586,合肥充电经开区大学城地下空间西广场充电站,蜀山区,松林路203号大学城地下空间西广场停车场,117.201816,31.777732,汽车服务;充电站;充电站,,高速服务区充电桩,2026/1/27 20:40,4.666666666666667,3,4.647,2.5,3.12,6.793,4.495,2.5,2.5,2.5
630,站_587,汽车充电桩兴园北区,蜀山区,银杏路8号,117.208635,31.820196,汽车服务;充电站;充电站,,高速服务区充电桩,2026/1/27 20:40,3.5,6,1.539,2.23,2.5,2.5,2.828,2.5,2.5,2.5
631,站_588,合肥充电蜀山区洪石公园停车场汽车充电站,蜀山区,停车场(石台路),117.238045,31.829526,汽车服务;充电站;充电站,,高速服务区充电桩,2026/1/27 20:40,4.142857142857143,7,3.178,2.964,2.5,2.5,2.5,2.5,2.5,2.5
632,站_589,合肥充电高新区开福寺停车场充电站,蜀山区,望江西路与玉兰大道交口向北约150米,117.187455,31.833528,汽车服务;充电站;充电站,,高速服务区充电桩,2026/1/27 20:40,4.125,8,3.945,2.988,2.5,2.5,3.362,2.5,2.5,2.5
633,站_590,蜀山区石台路停车场充电站,蜀山区,石台路洪岗路交叉口东北角停车楼3层,117.238216,31.827623,汽车服务;充电站;充电站,,高速服务区充电桩,2026/1/27 20:40,4.125,8,1.334,2.5,2.5,2.5,2.442,2.5,2.5,2.5
634,站_591,合肥充电经开区蓬莱路停车场充电站,蜀山区,蓬莱路地面停车场,117.216418,31.744212,汽车服务;充电站;充电站,,高速服务区充电桩,2026/1/27 20:40,4.125,8,3.919,3.153,2.5,2.5,3.336,2.5,2.5,2.5
635,站_592,微来充合肥惠尔乐酒店充电桩,蜀山区,高洪街与羽绒街交叉口东20米,116.93284,31.933587,汽车服务;充电站;充电站,,高速服务区充电桩,2026/1/27 20:40,4.285714285714286,7,4.182,2.521,2.5,2.5,2.5,2.5,2.5,2.5
636,站_593,合肥市蜀山区小庙镇五十墩南区停车场充电站,蜀山区,小庙镇五十墩小区南区停车场,117.016673,31.853411,汽车服务;充电站;充电站,,高速服务区充电桩,2026/1/27 20:40,4,7,3.991,2.5,2.5,2.5,3.647,2.5,2.5,2.5
637,站_594,科大能通省高院蜀山区办公区充电站,蜀山区,长江西路476号(五里墩地铁站C口步行260米),117.239074,31.851605,汽车服务;充电站;充电站,,高速服务区充电桩,2026/1/27 20:40,4.285714285714286,7,4.223,2.5,2.5,2.5,2.5,3.231,2.5,2.5
638,站_595,中辰国际大厦地上停车场汽车充电桩,蜀山区,金寨路157号中辰国际大厦地上停车场西南角,117.233122,31.791427,汽车服务;充电站;充电站,,高速服务区充电桩,2026/1/27 20:40,4.285714285714286,7,3.458,2.5,2.5,2.5,2.214,2.5,2.5,2.5
639,站_9101,汽车充电桩高新联东U谷,蜀山区,孔雀台路3167号,117.091563,31.861697,汽车服务;充电站;充电站,,高速服务区充电桩,2026/1/27 20:40,3.2,10,2.727,3.75,3.011,2.892,3.26,3.197,3.587,2.827
640,站_596,中国石化汽车充电站(武云支路充电站),包河区,烟墩街道武汉路滨湖向上城,117.277909,31.715699,汽车服务;充电站;充电站,95105888,新能源汽车充电桩,2026/1/27 20:40,4.125,36,2.334,3.526,2.86,2.806,3.048,2.5,2.5,2.5
641,站_597,中国石化汽车充电站(宜车城充电站),包河区,绿地城际空间站停车场(合肥南站地铁站F口步行420米),117.28732,31.801842,汽车服务;充电站;充电站,95105888,新能源汽车充电桩,2026/1/27 20:40,3.5,14,4.521,2.616,2.757,2.937,3.764,2.5,2.5,2.5
642,站_598,国家电网汽车充电站(安徽省合肥市包河区白金汉爵大酒店充电站),包河区,白金汉爵大酒店南侧朱雀街北侧,117.284963,31.745543,汽车服务;充电站;充电站,96529,新能源汽车充电桩,2026/1/27 20:40,3.1,5,2.5,3.359,2.5,2.5,2.5,2.5,2.5,2.5
643,站_599,中国石化汽车充电站(广西路充电站),包河区,滨湖世纪社区印象滨湖体育中心(东2门)滨湖塘西河公,117.293396,31.730185,汽车服务;充电站;充电站,95105888,新能源汽车充电桩,2026/1/27 20:40,4.315789473684211,19,3.752,3.832,2.5,3.233,3.574,3.233,2.5,2.5
644,站_600,皖小能汽车充电站(骆岗公园P5停车场),包河区,骆岗公园P5地下停车场,117.313616,31.786323,汽车服务;充电站;充电站,4009961666,新能源汽车充电桩,2026/1/27 20:40,4.75,16,6.389,5.529,4.067,2.948,3.465,3.185,2.5,2.5
645,站_601,星星充电汽车充电站(星星充电葛大店充电站),包河区,淝河镇葛大店路,117.31172,31.805277,汽车服务;充电站;充电站,15155954210,新能源汽车充电桩,2026/1/27 20:40,4.477272727272728,22,6.375,4.948,3.388,3.16,4.175,2.5,2.5,2.5
646,站_602,皖小能汽车充电站(骆岗公园P9停车场),包河区,骆岗街道黄河路合肥园博园(东南角),117.314998,31.767375,汽车服务;充电站;充电站,4009961666,新能源汽车充电桩,2026/1/27 20:40,2.6666666666666665,24,1.823,3.814,2.703,2.718,2.5,2.5,2.5,2.5
647,站_603,星星充电汽车充电站(美丽充包河内蒙路超级),包河区,骆岗街道繁华大道与内蒙路交叉口向南300米骆岗消防救援站对面地面停车场,117.334459,31.792089,汽车服务;充电站;充电站,15155954210,新能源汽车充电桩,2026/1/27 20:40,4,10,2.5,1.918,4.991,2.668,2.5,2.5,2.5,2.5
648,站_604,星星充电汽车充电站(星星充电-福充马鞍山路快充站),包河区,马鞍山路777号地面停车场,117.300449,31.84118,汽车服务;充电站;充电站,18096629797,新能源汽车充电桩,2026/1/27 20:40,4.125,16,3.377,3.413,2.5,4.147,3.324,2.5,2.5,2.5
649,站_605,特来电汽车充电站(特来电特来电九华山路超充站),包河区,芜湖路街道九华山路九华山庄地面停车场,117.28342,31.83935,汽车服务;充电站;充电站,4001300001,新能源汽车充电桩,2026/1/27 20:40,4.2,15,3.697,3.799,2.5,1.907,2.5,2.598,2.5,2.5
650,站_606,星星充电汽车充电站(上海路超级充电站),包河区,骆岗街道大连路合肥泰裕公司地面停车场,117.339808,31.785409,汽车服务;充电站;充电站,13866159055,新能源汽车充电桩,2026/1/27 20:40,4.361111111111111,18,2.683,3.495,2.997,2.5,2.5,3.19,2.5,2.5
651,站_607,特来电汽车充电站(特来电特来电融创茂超充站),包河区,融创茂停车场B区,117.305527,31.701773,汽车服务;充电站;充电站,4001300001,新能源汽车充电桩,2026/1/27 20:40,3.6538461538461537,39,2.498,3.285,2.622,2.974,3.525,2.5,2.5,2.5
652,站_608,壳牌充电汽车充电站(壳牌合肥美桐生态停车场地面快充站),包河区,南二环与桐城路交口东北角美桐停车场内,117.277877,31.814955,汽车服务;充电站;充电站,4007160699,新能源汽车充电桩,2026/1/27 20:40,3.4375,8,3.003,2.5,2.5,2.5,3.272,2.811,2.5,2.5
653,站_609,壳牌充电汽车充电站(壳牌合肥临滨苑地面快充站),包河区,滨湖世纪社区万泉河路滨湖cbd写字楼地面停车场,117.287285,31.747152,汽车服务;充电站;充电站,4007160699,新能源汽车充电桩,2026/1/27 20:40,4.3125,8,6.161,5.668,3.715,2.5,3.808,2.5,2.5,2.5
654,站_610,中国石化汽车充电站(兰州路充电站),包河区,骆岗街道河北路,117.335668,31.778576,汽车服务;充电站;充电站,95105888,新能源汽车充电桩,2026/1/27 20:40,4.433333333333334,15,3.694,3.307,4.123,3.026,2.985,2.761,2.5,2.5
655,站_611,中国石化汽车充电站(金中环广场充电站),包河区,同安街道金中环广场,117.304651,31.828389,汽车服务;充电站;充电站,95105888,新能源汽车充电桩,2026/1/27 20:40,2.534482758620689,29,2.659,2.223,2.5,2.203,2.797,2.5,2.5,2.5
656,站_612,昆仑网电汽车充电站(中国石油合肥卫乡充电站),包河区,淝河路与郎溪路交叉口,117.343453,31.822099,汽车服务;充电站;充电站,19955145596,新能源汽车充电桩,2026/1/27 20:40,4.038461538461538,13,2.382,3.873,3.471,2.5,2.902,2.5,2.5,2.5
657,站_613,中国石化汽车充电站(珠江路充电站),包河区,烟墩街道玉龙路48号中国石化珠江路加油站,117.25043,31.703362,汽车服务;充电站;充电站,95105888,新能源汽车充电桩,2026/1/27 20:40,4.3125,16,2.818,2.336,2.5,2.5,2.5,2.5,2.5,2.5
658,站_614,星星充电汽车充电站(福充超级快充站),包河区,淝河镇东二环路淝河佳苑东南2门地面停车场,117.315219,31.827651,汽车服务;充电站;充电站,18096629797,新能源汽车充电桩,2026/1/27 20:40,3.892857142857143,14,5.387,2.5,2.791,3.991,2.75,2.5,2.5,2.5
659,站_615,星星充电汽车充电站(金水坊充电站),包河区,芜湖路街道知府私厨(金水坊文化产业园店)金水坊文化产业园,117.28202,31.829262,汽车服务;充电站;充电站,13856974485,新能源汽车充电桩,2026/1/27 20:40,2.75,4,2.804,2.5,2.5,2.5,2.5,2.5,2.5,2.5
660,站_616,广汽能源汽车充电站(昊铂合肥玉龙路超充站),包河区,烟墩街道玉龙路停车场,117.28193,31.75369,汽车服务;充电站;充电站,4006665330,新能源汽车充电桩,2026/1/27 20:40,3.3076923076923075,13,3.437,4,2.95,2.5,2.889,2.5,2.5,2.5
661,站_617,宝馨智慧能源超级充电站(合肥市包河区园博园液冷超充站·华为超充技术支持),包河区,包河大道骆岗中央公园,117.31532,31.78054,汽车服务;充电站;充电站,13082325529,新能源汽车充电桩,2026/1/27 20:40,1.7,25,2.33,2.255,2.5,2.5,2.5,2.5,2.5,2.5
662,站_618,广汽能源汽车充电站(昊铂合肥南站超充站),包河区,徽州大道与繁华大道交口西北角淝南汽车工业园,117.285186,31.793518,汽车服务;充电站;充电站,4006665330,新能源汽车充电桩,2026/1/27 20:40,2.9545454545454546,11,2.228,3.062,2.5,2.135,2.5,2.5,2.5,2.5
663,站_619,中国石化汽车充电站(裕和充电站),包河区,裕和检测中心地面停车场(盛大地铁站C口步行490米),117.29938,31.791256,汽车服务;充电站;充电站,95105888,新能源汽车充电桩,2026/1/27 20:40,4.6,5,2.5,3.257,2.5,2.5,3.257,2.5,2.5,2.5
664,站_620,皖小能汽车充电站(工人文化宫),包河区,"负一楼C区,请大家到厕所小便,厕所在旁边体育馆里,夏天不热冬天不冷的充电环境请大家爱惜,不能随地小便,拜托大家电话",117.264114,31.82407,汽车服务;充电站;充电站,18855126118,新能源汽车充电桩,2026/1/27 20:40,2.607142857142857,14,1.025,3.832,2.5,2.5,2.5,2.5,2.5,2.5
665,站_621,国家电网汽车充电站(安徽省合肥市包河区省体委交流充电站二),包河区,芜湖路177号安徽省古井贡体育场5号地面停车场,117.297207,31.853593,汽车服务;充电站;充电站,0551-63318110;96529,新能源汽车充电桩,2026/1/27 20:40,3.375,8,2.309,2.5,2.5,2.5,2.5,2.5,2.5,2.5
666,站_7957,中国铁塔汽车充电站(安徽合肥省卫健委充电站-仅内部用),包河区,省卫健委,117.27382,31.846176,汽车服务;充电站;专用充电站,10096,新能源汽车充电桩,2026/1/27 20:40,3.6,5,3.7,4.009,2.773,3.355,3.646,3.932,2.693,3.944
667,站_622,星星充电汽车充电站(星星充电-安徽智飞集散中心充电站),包河区,望湖街道合肥小时代公寓盛大德馨府小区地面停车场,117.299977,31.794018,汽车服务;充电站;充电站,15155954210,新能源汽车充电桩,2026/1/27 20:40,4.333333333333333,6,2.5,2.822,2.5,2.5,2.5,3.048,2.5,2.5
668,站_623,国家电网汽车充电站(安徽省合肥市滨湖新区合肥市文化馆快充站),包河区,合肥市文化馆地面停车场54,117.294277,31.725204,汽车服务;充电站;充电站,0551-63318110;96529,新能源汽车充电桩,2026/1/27 20:40,4.026315789473684,19,2.672,3.416,2.595,2.5,2.5,2.5,2.5,2.5
669,站_624,星星充电汽车充电站(大宁缤购充电站),包河区,包公街道宁国南路大宁缤购商业广场,117.29155,31.840374,汽车服务;充电站;充电站,15105589802,新能源汽车充电桩,2026/1/27 20:40,2.892857142857143,14,2.666,2.7,2.5,2.393,2.896,2.5,2.5,2.5
670,站_625,国家电网汽车充电站(合肥市滨湖顺园派河充电站),包河区,贵阳路与西藏路交口格美酒店门前停车场,117.280686,31.698051,汽车服务;充电站;充电站,18326176405,新能源汽车充电桩,2026/1/27 20:40,1.375,8,1.941,1.594,2.5,2.5,2.5,2.5,2.5,2.5
671,站_626,国家电网汽车充电站(安徽省合肥市包河区中石油乌鲁木齐路加油站充电站),包河区,乌鲁木齐路与河北路交口西北角地面停车场,117.329107,31.790767,汽车服务;充电站;充电站,96529,新能源汽车充电桩,2026/1/27 20:40,2.1666666666666665,3,3.643,2.5,2.5,2.5,2.5,2.5,2.5,2.5
672,站_627,星星充电汽车充电站(蔚尔加电南翔茗座充电站),包河区,黄河路与北京路交叉口南翔茗座,117.329489,31.768499,汽车服务;充电站;充电站,17805659299,新能源汽车充电桩,2026/1/27 20:40,2.333333333333333,15,3.065,2.5,2.5,1.93,2.5,2.5,2.5,2.5
673,站_628,新电途汽车充电站(小黄峰超充站(53度广场负一层)),包河区,常青街道极越合肥包河交付中心(澳福时代广场店)汉庭酒店合肥火车南站南广场店,117.28806,31.79399,汽车服务;充电站;充电站,4001100835,新能源汽车充电桩,2026/1/27 20:40,3.15,10,3.586,2.51,2.5,2.824,2.883,2.5,2.5,2.5
674,站_629,中国石化汽车充电站(太原路充电站),包河区,中国石化太原路加油站,117.364573,31.775447,汽车服务;充电站;充电站,95105888,新能源汽车充电桩,2026/1/27 20:40,2.571428571428572,7,3.739,3.166,2.5,2.5,2.5,2.07,2.5,2.5
675,站_630,昆仑网电汽车充电站(中国石油合肥祁门路充电站),包河区,祁门路与徽山路交叉口东南角处中石油祁门路加油站内,117.26174,31.80753,汽车服务;充电站;充电站,19955145596,新能源汽车充电桩,2026/1/27 20:40,2.4722222222222223,18,2.5,2.767,2.5,2.767,2.5,2.703,2.5,2.5
676,站_631,中国石化汽车充电站(新淝充电站),包河区,中国石化新淝加油站,117.32973,31.830627,汽车服务;充电站;充电站,95105888,新能源汽车充电桩,2026/1/27 20:40,1.5,2,2.5,2.5,2.5,2.5,2.5,2.5,2.5,2.5
677,站_632,皖小能汽车充电站(骆岗公园P3停车场),包河区,合肥园博园P3停车场合肥园博园(西北角),117.30161,31.78478,汽车服务;充电站;充电站,4009961666,新能源汽车充电桩,2026/1/27 20:40,4.5,6,2.533,2.5,2.5,2.5,2.5,2.5,3.309,2.5
678,站_633,理想超级充电站(理想超充站合肥包河区烟墩街道融创铂尔曼酒店),包河区,烟墩街道合肥融创铂尔曼酒店,117.3115,31.705252,汽车服务;充电站;充电站,4006860400,新能源汽车充电桩,2026/1/27 20:40,2.333333333333333,3,2.5,3.568,2.5,2.5,2.5,2.5,2.5,2.5
679,站_634,星星充电汽车充电站(星星充电-合肥市周谷堆汽车城),包河区,周谷堆建材家具批发市场地面停车场,117.309925,31.845504,汽车服务;充电站;充电站,15155954210,新能源汽车充电桩,2026/1/27 20:40,1.8571428571428568,7,2.5,1.818,2.5,2.5,2.5,2.5,2.5,2.5
680,站_635,中国石化汽车充电站(花园大道充电站),包河区,花园大道与河南路交口向东约200米,117.344818,31.772523,汽车服务;充电站;充电站,95105888,新能源汽车充电桩,2026/1/27 20:40,1.9666666666666663,15,3.117,2.057,2.688,2.5,2.5,2.597,2.5,2.5
681,站_636,小鹏超级充电站(小鹏S4超快充合肥宝盈广场站),包河区,巢湖南路88号宝盈商业广场(入口巢湖南路),117.316271,31.844975,汽车服务;充电站;充电站,4007836688,新能源汽车充电桩,2026/1/27 20:40,4.5,2,5.06,2.5,2.5,2.5,2.5,2.5,2.5,2.5
682,站_637,小鹏超级充电站(小鹏S4超快充合肥滨湖百大心悦城站),包河区,滨湖新区包河大道与紫云路交口百心大悦城,117.317184,31.741505,汽车服务;充电站;充电站,4007836688,新能源汽车充电桩,2026/1/27 20:40,3.8,5,1.991,2.5,2.5,2.5,3.314,2.5,2.5,2.5
683,站_638,理想汽车充电站(理想超充站合肥罍街公园西充电站),包河区,常青街道徽州大道1236号菱水苑南区,117.28524,31.818378,汽车服务;充电站;充电站,4006860400,新能源汽车充电桩,2026/1/27 20:40,3.8,5,2.277,2.5,2.5,2.5,2.5,2.5,2.5,2.5
684,站_639,皖小能汽车充电站(骆岗公园P11停车场),包河区,停车场(庐州大道)庐州大道,117.307017,31.781124,汽车服务;充电站;充电站,4009961666,新能源汽车充电桩,2026/1/27 20:40,3.928571428571429,7,2.089,2.5,2.5,2.5,2.5,2.5,2.5,2.5
685,站_640,壳牌充电汽车充电站(壳牌合肥星海城地下快充站),包河区,九子岩路与新青年路交叉口往东50米星海龙御湾地下车库负一层D区,117.300809,31.822525,汽车服务;充电站;充电站,4007160699,新能源汽车充电桩,2026/1/27 20:40,2.4375,8,2.5,3.865,2.5,2.5,2.5,2.5,2.5,2.5
686,站_641,中国石化汽车充电站(铜陵南路充电站),包河区,同安街道铜陵南路171号中国石化铜陵南路加油加气站,117.313172,31.841724,汽车服务;充电站;充电站,95185888,新能源汽车充电桩,2026/1/27 20:40,1.8888888888888888,9,3.296,2.928,2.5,2.5,2.5,2.5,2.5,2.5
687,站_642,极氪能源超级充电站(合肥万达广场包河店超充站),包河区,包公街道万达广场(包河店)地下停车场负二层N区051号车位旁,117.301814,31.856317,汽车服务;充电站;充电站,4000036036,新能源汽车充电桩,2026/1/27 20:40,3.5,4,3.367,2.5,2.5,3.367,3.084,2.5,2.5,2.5
688,站_643,小鹏超级充电站(小鹏S4超快充合肥包河罍街公园西站),包河区,徽州大道1206号兴业大厦南侧地面停车场,117.28498,31.818504,汽车服务;充电站;充电站,4007836688,新能源汽车充电桩,2026/1/27 20:40,3.571428571428572,7,4.869,2.5,2.5,3.061,2.5,2.5,2.5,2.5
689,站_644,特来电汽车充电站(特来电特来电滨湖阳光里充电站),包河区,骆岗街道河南路滨湖阳光里小区西门商业街陆大村党群服务中心门前,117.342489,31.76924,汽车服务;充电站;充电站,4001300001,新能源汽车充电桩,2026/1/27 20:40,2.25,4,3.097,2.5,2.5,2.5,2.5,2.5,2.5,2.5
690,站_645,皖小能汽车充电站(骆岗公园P1停车场),包河区,地面停车场庐州大道与大连路交叉口南120米,117.3071,31.784283,汽车服务;充电站;充电站,4009961666,新能源汽车充电桩,2026/1/27 20:40,3.1,5,2.914,2.5,2.5,3.327,2.914,2.5,2.5,2.5
691,站_646,理想超级充电站(理想超充站合肥包河区百大心悦城),包河区,义城街道紫云路辅路合肥百大心悦城,117.3186,31.741234,汽车服务;充电站;充电站,4006860400,新能源汽车充电桩,2026/1/27 20:40,3.333333333333333,6,4.702,2.5,2.5,2.5,3.685,2.5,2.5,2.5
692,站_647,极氪能源超级充电站(合肥骆岗1977文创园极充站),包河区,繁华大道与包河大道交叉口西南角骆岗1977地面停车位,117.31135,31.791431,汽车服务;充电站;充电站,4000036036,新能源汽车充电桩,2026/1/27 20:40,5,2,8.147,2.5,2.5,2.5,5.745,2.5,2.5,2.5
693,站_648,壳牌充电汽车充电站(壳牌合肥茶博城地面快充站),包河区,华夏国际茶博城地面停车场,117.32237,31.76928,汽车服务;充电站;充电站,4007160699,新能源汽车充电桩,2026/1/27 20:40,2.333333333333333,6,2.5,2.085,2.5,2.5,2.5,2.5,2.5,2.5
694,站_649,国家电网汽车充电站(安徽省合肥市包河区潜口路与龙川路交口中石化加油站快充站),包河区,潜口路与龙川路交口中石化加油站地面停车场,117.27995,31.801642,汽车服务;充电站;充电站,0551-63318110;96529,新能源汽车充电桩,2026/1/27 20:40,3.8,5,2.392,2.5,2.5,2.5,3.861,2.5,2.5,2.5
695,站_650,平高智联汽车充电站(启美1号充电站),包河区,北京路与西宁路交叉口西北80米合肥启美智创产业园,117.326614,31.788244,汽车服务;充电站;充电站,15155736017,新能源汽车充电桩,2026/1/27 20:40,4,5,4.312,3.81,1.776,2.5,2.5,2.5,3.81,2.5
696,站_651,国家电网汽车充电站(安徽省合肥市包河区白金汉爵大酒店交流充电站),包河区,徽州大道白金汉爵大酒店地下停车场负一层A区06,117.28555,31.746511,汽车服务;充电站;充电站,96529,新能源汽车充电桩,2026/1/27 20:40,3.1,5,2.5,3.359,2.5,2.5,2.5,2.5,2.5,2.5
697,站_652,美丽充包河内蒙路超级快充站,包河区,骆岗街道内蒙路地面停车场,117.334677,31.791992,汽车服务;充电站;充电站,18715145805,新能源汽车充电桩,2026/1/27 20:40,4.833333333333333,6,2.923,2.786,2.5,2.5,2.5,2.742,2.5,2.5
698,站_653,易佳电汽车充电站(易佳电蓝鲤金寨路充电站),包河区,金寨路282号嘉禾停车场,117.243803,31.801607,汽车服务;充电站;充电站,0551-62100112,新能源汽车充电桩,2026/1/27 20:40,4.40625,16,4.822,3.629,3.351,2.953,3.642,2.5,2.5,2.5
699,站_654,易佳电汽车充电站(易佳电蓝鲤徽韵充电站),包河区,庐州大道18号智慧交通科技有限责任公司,117.293883,31.804189,汽车服务;充电站;充电站,0551-62100112;13966697328,新能源汽车充电桩,2026/1/27 20:40,2.789473684210526,19,3.801,4.492,2.955,2.5,2.5,2.5,2.5,2.5
700,站_655,特来电汽车充电站(合肥市包河区梁园路充电站),包河区,淝河镇郎溪路与大强路交口向北50米员工集资住宅楼旁停车场,117.31083,31.819498,汽车服务;充电站;充电站,4001300001,新能源汽车充电桩,2026/1/27 20:40,3.3,15,3.454,2.131,2.5,2.725,2.804,2.5,2.5,2.5
701,站_656,合肥充电玉龙路停车场充电站,包河区,锦绣大道与玉龙路交口向南300米地面停车场,117.282143,31.754471,汽车服务;充电站;充电站,,新能源汽车充电桩,2026/1/27 20:40,3.75,10,3.371,2.932,2.5,2.5,2.968,2.5,2.5,2.5
702,站_657,易佳电汽车充电站(易佳电融创茂充电站),包河区,融创茂停车场B区,117.3059,31.7016,汽车服务;充电站;充电站,0551-62100112,新能源汽车充电桩,2026/1/27 20:40,2.48,25,2.886,2.963,2.5,2.683,2.784,2.5,2.5,2.5
703,站_658,小桔充电汽车充电站(河滨停车场一期小桔充电站),包河区,包公街道巢湖路(大东门地铁站G口步行180米),117.30019,31.861897,汽车服务;充电站;充电站,4000610999,新能源汽车充电桩,2026/1/27 20:40,3.571428571428572,21,3.949,2.916,2.314,2.5,2.945,2.5,2.5,2.5
704,站_659,易佳电汽车充电站(易佳电蓝鲤滨湖爱琴海充电站),包河区,庐州大道与洞庭湖路交叉口滨湖爱琴海购物公园(负一层),117.3008,31.73382,汽车服务;充电站;充电站,0551-62100112,新能源汽车充电桩,2026/1/27 20:40,2.4166666666666665,12,2.762,3,2.728,2.5,2.5,2.5,2.5,2.5
705,站_660,易佳电汽车充电站(易佳电星光天地充电站),包河区,星光天地停车场,117.29229,31.834696,汽车服务;充电站;充电站,0551-62100112,新能源汽车充电桩,2026/1/27 20:40,2.4,20,1.976,3.349,2.288,2.03,2.682,3.024,2.5,2.5
706,站_661,合肥高铁南站P4停车场汽车充电站,包河区,高铁路合肥高铁南站P4停车场,117.297066,31.797516,汽车服务;充电站;充电站,,新能源汽车充电桩,2026/1/27 20:40,4.4,10,5.751,2.63,3.71,4.92,3.71,6.129,2.5,2.5
707,站_662,小桔充电汽车充电站(翔孚快享充常青小桔快充站),包河区,祁门路与桐城南路交口北100米地面停车场,117.276325,31.810351,汽车服务;充电站;充电站,13645604080,新能源汽车充电桩,2026/1/27 20:40,4.142857142857143,7,2.5,2.5,3.172,2.801,2.5,2.5,2.5,2.5
708,站_663,特来电汽车充电站(徽韵充电站),包河区,望城湖街道庐州大道18号智慧交通科技有限责任公司,117.293785,31.80399,汽车服务;充电站;充电站,18756579801,新能源汽车充电桩,2026/1/27 20:40,4.2,10,4.258,2.5,2.741,2.648,3.012,2.907,2.5,2.5
709,站_664,易佳电汽车充电站(易佳电蓝鲤洁电充电站),包河区,天津路与沈阳路交叉口上汽名爵1385号内,117.348796,31.790412,汽车服务;充电站;充电站,0551-62100112,新能源汽车充电桩,2026/1/27 20:40,3.083333333333333,6,2.5,1.727,2.5,2.5,2.5,2.5,2.5,2.5
710,站_665,小桔充电汽车充电站(翔孚快享充方圆荟小桔充电站),包河区,方圆荟5号门旁,117.287025,31.74376,汽车服务;充电站;充电站,13956050167,新能源汽车充电桩,2026/1/27 20:40,3.333333333333333,6,5.853,1.261,2.5,1.318,3.382,2.5,2.5,2.5
711,站_666,云快充汽车充电站(飞猪快充南二环站),包河区,常青街道凌大塘社区南二环路170号地面停车场,117.279548,31.813484,汽车服务;充电站;充电站,4008288517,新能源汽车充电桩,2026/1/27 20:40,4.476190476190476,21,4.993,3.156,2.901,2.5,2.71,2.5,2.5,2.5
712,站_667,合肥充电(塘西河公园充电站),包河区,方兴大道与包河大道交口往北约650米塘西河公园停车场,117.312395,31.725293,汽车服务;充电站;充电站,,新能源汽车充电桩,2026/1/27 20:40,3.923076923076923,13,5.591,2.357,2.5,2.5,2.758,2.5,2.5,2.5
713,站_668,易佳电汽车充电站(易佳电蓝鲤梁园充电站),包河区,淝河镇郎溪路与大强路交口向北50米员工集资住宅楼旁停车场,117.3108,31.8196,汽车服务;充电站;充电站,0551-62100112,新能源汽车充电桩,2026/1/27 20:40,3.923076923076923,13,4.305,3.683,2.5,2.5,3.004,2.677,2.5,2.5
714,站_669,小桔充电汽车充电站(平顺滨湖云谷创新园小桔充电站),包河区,烟墩街道四川路滨湖云谷创新园,117.275957,31.70329,汽车服务;充电站;充电站,4000610999,新能源汽车充电桩,2026/1/27 20:40,3.555555555555556,9,2.5,2.742,2.5,2.5,2.841,2.5,2.5,2.5
715,站_670,易佳电汽车充电站(易佳电蓝鲤玉龙路充电站),包河区,烟墩街道玉龙路停车场,117.282,31.7528,汽车服务;充电站;充电站,0551-62100112,新能源汽车充电桩,2026/1/27 20:40,3.555555555555556,9,2.954,3.102,2.5,2.5,3.094,2.5,2.5,2.5
716,站_671,皖小能汽车充电站(芜湖路超充),包河区,包公街道芜湖路合肥市少年宫,117.29178,31.854876,汽车服务;充电站;充电站,4009961666,新能源汽车充电桩,2026/1/27 20:40,3.555555555555556,9,3.002,2.5,2.5,2.5,2.859,2.5,2.5,2.5
717,站_672,特来电充电站(捷豹超级充电站宝文美家站),包河区,庐州大道与漓江路交叉口西北角(万达城地铁站C口旁),117.301749,31.704967,汽车服务;充电站;充电站,13083054757,新能源汽车充电桩,2026/1/27 20:40,3.6666666666666665,12,2.873,2.152,2.5,2.5,2.654,2.5,2.5,2.5
718,站_673,易佳电汽车充电站(易佳电蓝鲤亿通充电站),包河区,徽州大道1253号,117.283875,31.816126,汽车服务;充电站;充电站,0551-62100112,新能源汽车充电桩,2026/1/27 20:40,3.555555555555556,9,3.531,2.471,2.5,2.5,3.134,3.046,2.5,2.5
719,站_674,合肥充电包河区包河苑停车场充电站,包河区,哈尔滨路与山西路交口东北侧包河苑地面停车场,117.3199,31.79844,汽车服务;充电站;充电站,,新能源汽车充电桩,2026/1/27 20:40,4.3,10,3.412,2.874,2.5,2.5,2.5,3.095,2.5,2.5
720,站_675,小桔充电汽车充电站(河滨停车场二期小桔充电站),包河区,巢湖路287号河滨地面停车场,117.30027,31.86093,汽车服务;充电站;充电站,4000610999,新能源汽车充电桩,2026/1/27 20:40,3.555555555555556,9,2.5,2.5,2.5,2.5,2.638,2.5,2.5,2.5
721,站_676,罍街公园停车场电动汽车充电站,包河区,宁国路与殷汇路交叉口向东一百米南侧,117.293751,31.816426,汽车服务;充电站;充电站,,新能源汽车充电桩,2026/1/27 20:40,4,10,2.778,3.189,2.5,2.5,2.704,2.5,2.5,2.5
722,站_677,易佳电汽车充电站(易佳电蓝鲤曙宏广场充电站),包河区,望江东路199号,117.2772,31.8278,汽车服务;充电站;充电站,0551-62100112,新能源汽车充电桩,2026/1/27 20:40,4.111111111111111,9,3.454,2.5,2.5,2.5,2.965,3.916,2.5,2.5
723,站_678,蔚景云汽车充电站(毛毛充汽车城超充站),包河区,"大连路南翔汽车智慧新城,南翔车都地下停车场南入口",117.36084,31.786077,汽车服务;充电站;充电站,15005514000;4000826699,新能源汽车充电桩,2026/1/27 20:40,4,10,3.176,2.5,2.5,2.5,2.867,2.5,2.5,2.5
724,站_5720,蔚来换电站合肥塘西河公园,包河区,方兴大道滨湖塘西河公园(东侧),117.312116,31.72513,汽车服务;汽车服务相关;汽车服务相关,,新能源汽车充电桩,2026/1/27 20:40,3.7,16,3.666,4.01,3.153,3.417,2.313,3.364,3.525,3.393
725,站_680,易佳电汽车充电站(易佳电顺孚享充电安百苑站),包河区,淝河安百苑A区北(郎溪路与唐模路交口西南角),117.319791,31.819064,汽车服务;充电站;充电站,0551-62100112,新能源汽车充电桩,2026/1/27 20:40,4.111111111111111,9,3.539,2.5,2.5,3.064,3.057,3.942,2.5,2.5
726,站_681,特来电汽车充电站(特来电洁电超充站),包河区,天津路与沈阳路交叉口上汽名爵1385号内,117.348434,31.79052,汽车服务;充电站;充电站,13655555566,新能源汽车充电桩,2026/1/27 20:40,4,10,2.986,2.5,2.5,2.5,2.907,2.5,2.5,2.5
727,站_682,易佳电汽车充电站(易佳电蓝鲤金泉充电站),包河区,滨湖区长沙路于广西路交口西南角金泉小区北门停车场,117.2905,31.7375,汽车服务;充电站;充电站,0551-62100112,新能源汽车充电桩,2026/1/27 20:40,4,10,1.936,2.728,2.5,3.232,2.922,2.5,2.5,2.5
728,站_683,蔚景云汽车充电站(合肥鑫辉国能合肥市第三人民医院新区中医院北充电站),包河区,淝河镇祁门路合肥市第三人民医院,117.331696,31.81463,汽车服务;充电站;充电站,4006803880,新能源汽车充电桩,2026/1/27 20:40,4.285714285714286,7,4.885,3.157,2.5,3.131,4.854,3.308,2.5,2.5
729,站_684,易佳电汽车充电站(易佳电蓝鲤骆岗充电站),包河区,骆岗街道繁华大道辅路骆岗中央公园内小桔充电站,117.3114,31.7913,汽车服务;充电站;充电站,0551-62100112,新能源汽车充电桩,2026/1/27 20:40,4,10,2.382,2.728,2.5,3.22,2.951,2.5,2.5,2.5
730,站_685,小桔充电汽车充电站(倍来充滨湖中翔广场小桔充电站),包河区,滨湖世纪社区中翔商业中心中翔城B座大门口,117.2877,31.736261,汽车服务;充电站;充电站,4000610999,新能源汽车充电桩,2026/1/27 20:40,4,10,2.56,3.341,2.5,3.19,2.894,2.5,2.5,2.5
731,站_686,易佳电汽车充电站(易佳电蓝鲤质谷充电站),包河区,北京路与大连路交口质谷检测园,117.3288,31.7831,汽车服务;充电站;充电站,0551-62100112,新能源汽车充电桩,2026/1/27 20:40,4.2,10,3.049,3.372,2.5,3.126,3.024,2.5,2.5,2.5
732,站_687,壳牌充电汽车充电站(壳牌合肥麦德龙商场地面快充站),包河区,华东乐汇城北门旁,117.286982,31.813306,汽车服务;充电站;充电站,4007160699,新能源汽车充电桩,2026/1/27 20:40,3.9,10,2.643,2.901,2.5,3.153,2.862,3.101,2.5,2.5
733,站_688,易佳电汽车充电站(易佳电蓝鲤翔孚龙川路充电站),包河区,龙川路淝南家园公交站南100米,117.2747,31.8,汽车服务;充电站;充电站,0551-62100112,新能源汽车充电桩,2026/1/27 20:40,3.555555555555556,9,2.5,3.082,2.5,2.5,2.688,2.5,2.5,2.5
734,站_689,国家电网汽车充电站(安徽省合肥市包河区滨湖名人馆交流充电站),包河区,金斗东路路口滨湖名人馆,117.327233,31.712588,汽车服务;充电站;充电站,96529,新能源汽车充电桩,2026/1/27 20:40,3.3,10,2.534,2.925,2.5,2.5,2.5,2.5,2.5,2.5
735,站_690,小桔充电汽车充电站(顺孚享充电安百苑小桔慢充站),包河区,小桔充电汽车充电站(顺孚享充电安百苑小桔快充站),117.320145,31.81935,汽车服务;充电站;充电站,4000610999,新能源汽车充电桩,2026/1/27 20:40,3.3,10,1.134,1.93,2.5,2.802,2.5,2.5,2.5,2.5
736,站_691,星星充电汽车充电站(杉杉奥莱直流站),包河区,龙川路和上海路交口合肥杉杉奥特莱斯地下停车库,117.33928,31.81356,汽车服务;充电站;充电站,17356518876,新能源汽车充电桩,2026/1/27 20:40,3.3,10,2.439,2.5,2.5,2.5,2.5,2.5,2.5,2.5
737,站_8517,易佳电汽车充电站(易佳电蓝鲤神力充电站),包河区,淝河路与二环路交口(五里庙地铁站2号口步行380米),117.3211,31.8354,汽车服务;充电站;充电站,0551-62100112,新能源汽车充电桩,2026/1/27 20:40,3.9,5,3.671,4.035,2.582,3.185,2.355,3.278,3.463,3.681
738,站_7994,易佳电汽车充电站(易佳电蓝鲤南翔汽车城充电站),包河区,骆岗街道翔孚快享充汽车充电站,117.3597,31.7901,汽车服务;充电站;充电站,0551-62100112,新能源汽车充电桩,2026/1/27 20:40,4,26,3.989,3.672,2.679,3.526,2.364,2.904,3.57,2.913
739,站_3284,小鹏超级充电站(小鹏S4超快充合肥滨湖爱琴海购物中心站),包河区,爱琴海购物中心地下停车场,117.300735,31.73419,汽车服务;充电站;充电站,4007836688,新能源汽车充电桩,2026/1/27 20:40,3.6,12,2.762,4.007,4.188,3.785,3.273,3.5,3.376,3.878
740,站_5189,易佳电汽车充电站(易佳电园博园P3地下停车场充电站),包河区,"骆岗公园P3地下A区停车场,安徽省合肥市包河区大连路与庐州大道交叉口西南方向",117.3015,31.7848,汽车服务;充电站;充电站,0551-62100112,新能源汽车充电桩,2026/1/27 20:40,4.3,14,3.875,4.162,2.83,3.928,4.5,4.221,4.5,3.51
741,站_5952,极氪能源超级充电站(合肥百大心悦城极充站),包河区,滨湖新区包河大道与紫云路交口合肥百大心悦城地下停车场负一层A区,117.31712,31.742012,汽车服务;充电站;充电站,4000036036,新能源汽车充电桩,2026/1/27 20:40,4,28,3.401,3.378,3.156,3.377,4.5,3.649,3.987,3.856
742,站_1317,极氪能源超级充电站(合肥滨湖红星美凯龙极充站),包河区,滨湖红星美凯龙地下停车场负一层A区入口处,117.30197,31.75388,汽车服务;充电站;充电站,4000819993,新能源汽车充电桩,2026/1/27 20:40,4.3,6,3.36,3.642,3.745,2.933,2.201,3.375,2.633,3.503
743,站_8811,云快充汽车充电站(合肥国驰超充站),包河区,同安街道屯溪路49号,117.30521,31.84787,汽车服务;充电站;充电站,4008288517,新能源汽车充电桩,2026/1/27 20:40,3.7,7,2.582,3.567,3.928,3.049,3.36,3.959,3.391,3.786
744,站_3048,国家电网汽车充电站(安徽省合肥市包河区滨湖渡江战役纪念馆交流充电站),包河区,金斗东路路口渡江战役纪念馆内地面停车场24(北侧),117.329016,31.712431,汽车服务;充电站;充电站,96529,新能源汽车充电桩,2026/1/27 20:40,4.5,14,3.839,4.008,3.058,3.545,2.576,3.166,3.143,3.593
745,站_9145,小桔充电汽车充电站(顺孚享充电安百苑小桔快充站),包河区,淝河镇郎溪路辅路,117.320143,31.81935,汽车服务;充电站;充电站,4000610999,新能源汽车充电桩,2026/1/27 20:40,4.3,22,2.664,3.995,3.997,3.089,2.999,3.439,3.349,3.692
746,站_8529,汽车充电站(极氪能源合肥融创茂极充站),包河区,庐州大道800号(万年埠地铁站1口步行410米)融创茂地面停车位A区,117.305161,31.704585,汽车服务;充电站;充电站,4000036036,新能源汽车充电桩,2026/1/27 20:40,4,26,3.424,3.617,3.326,3.037,3.581,2.944,2.562,3.836
747,站_5359,易佳电汽车充电站(易佳电蓝鲤睿柏云酒店充电站),包河区,醉高楼兰亭宴,117.2898,31.8144,汽车服务;充电站;充电站,0551-62100112,新能源汽车充电桩,2026/1/27 20:40,4.2,6,2.797,4.318,2.712,3.463,3.205,3.628,3.876,2.828
748,站_1503,蔚来换电站(金寨南路加气站),包河区,金寨路282号,117.243488,31.801656,汽车服务;充电站;充电站,,新能源汽车充电桩,2026/1/27 20:40,3.3,5,3.271,4.355,2.749,3.115,3.077,3.639,3.451,3.769
749,站_6343,极氪能源超级充电站(合肥罍街公园西极充站),包河区,徽州大道1222号地面停车位,117.285,31.81839,汽车服务;充电站;充电站,4000036036,新能源汽车充电桩,2026/1/27 20:40,4.3,10,3.98,3.827,2.511,3.324,2.653,2.825,3.887,3.668
750,站_9897,中国石化汽车充电站(泰山路充电站),包河区,骆岗街道中国石化泰山路加油站,117.37325,31.797981,汽车服务;充电站;充电站,95105888,新能源汽车充电桩,2026/1/27 20:40,3.8,11,3.818,3.833,3.032,3.922,3.562,3.986,3.726,3.902
751,站_8705,特来电汽车充电站(合肥同舟要素大市场超充站),包河区,烟墩街道滨湖要素大市场地面停车场,117.285038,31.752876,汽车服务;充电站;充电站,4006118876,新能源汽车充电桩,2026/1/27 20:40,4.5,21,3.107,4.415,3.353,3.701,2.711,3.859,3.142,3.197
752,站_6146,特来电汽车充电站(特来电金泉充电站),包河区,金泉小区北门东80米,117.290724,31.737626,汽车服务;充电站;充电站,18956081127,新能源汽车充电桩,2026/1/27 20:40,4.4,26,3.161,4.222,3.973,3.447,2.643,3.613,2.935,3.991
753,站_7039,特斯拉超级充电站(合肥市包河福朋喜来登酒店),包河区,北京路与大连路交叉口西北160米地下停车场(入口),117.326317,31.786202,汽车服务;充电站;专用充电站,,新能源汽车充电桩,2026/1/27 20:40,4.1,23,3.973,4.098,2.812,3.233,3.343,3.063,2.848,3.594
754,站_9434,星星充电汽车充电站(捷豹超级充电站北),包河区,滨湖一号北门西180米,117.318601,31.772806,汽车服务;充电站;充电站,13866133272,新能源汽车充电桩,2026/1/27 20:40,3.3,7,3.664,4.155,3.079,3.651,3.121,2.854,3.333,2.89
755,站_9914,巧克力换电站(滨湖玉龙路站),包河区,锦绣大道与玉龙路交叉口向南300米停车场,117.28193,31.754026,汽车服务;充电站;充电站,4000152025,新能源汽车充电桩,2026/1/27 20:40,3.6,11,3.759,3.858,3.856,3.316,3.546,3.862,2.818,2.815
756,站_5986,易佳电汽车充电站(易佳电蓝鲤昊铂南站充电站),包河区,徽州大道与繁华大道交叉口西北角淝南汽车工业园,117.285201,31.793512,汽车服务;充电站;充电站,0551-62100112,新能源汽车充电桩,2026/1/27 20:40,4.6,22,3.433,4.232,3.859,3.265,2.48,3.669,4.124,3.327
757,站_5916,易佳电汽车充电站(易佳电徽州大道充电站),包河区,,117.28523,31.818327,汽车服务;充电站;充电站,0551-62100112,新能源汽车充电桩,2026/1/27 20:40,3.6,25,2.706,4.48,3.243,3.142,2.67,2.84,3.237,3.124
758,站_6480,特来电目的地充电站(方兴社区慢充站),包河区,义城街道方兴社区,117.310676,31.743179,汽车服务;充电站;充电站,17354132652,新能源汽车充电桩,2026/1/27 20:40,4.5,29,2.587,3.647,3.719,3.811,3.688,3.169,3.438,3.8
759,站_4635,特斯拉超级充电站(合肥市百大心悦城),包河区,包河大道和紫云路交汇处西北角合肥市百大心悦城地下停车场负二层/入口紫云路,117.31748,31.74177,汽车服务;充电站;专用充电站,4009100707,新能源汽车充电桩,2026/1/27 20:40,4.6,12,3.495,3.475,3.824,3.963,4.111,3.636,4.5,3.505
760,站_5468,理想汽车充电站(理想超充站合肥望湖美家居建材市场),包河区,望湖美家居建材市场停车场,117.26857,31.817154,汽车服务;充电站;充电站,4006860400,新能源汽车充电桩,2026/1/27 20:40,4.2,23,3.055,3.58,3.062,3.885,2.296,3.129,4.004,3.584
761,站_9605,小桔充电汽车充电站(倍来充望湖美家居小桔超充站),包河区,望湖美家居建材市场停车场,117.268486,31.8172,汽车服务;充电站;充电站,4000610999,新能源汽车充电桩,2026/1/27 20:40,4.6,17,2.553,4.102,3.703,3.952,3.05,3.725,2.725,3.113
762,站_3024,特斯拉超级充电站(合肥市包河特斯拉中心),包河区,天津路2号14幢合肥包河特斯拉服务中心地面停车场/入口天津路,117.348755,31.800955,汽车服务;充电站;专用充电站,4009100707,新能源汽车充电桩,2026/1/27 20:40,3.3,14,3.315,3.56,4.236,3.74,4.072,4.063,4.127,3.558
763,站_5035,特来电汽车充电站(利乾新能源亿通超级),包河区,徽州大道1253号地面停车场,117.283597,31.816179,汽车服务;充电站;充电站,13909696360,新能源汽车充电桩,2026/1/27 20:40,4.6,27,2.783,3.588,2.788,3.789,2.636,3.299,4.122,3.602
764,站_9029,特来电汽车充电站(理想城充电站),包河区,骆岗街道北京路领域格里,117.32706,31.787464,汽车服务;充电站;充电站,18756940087,新能源汽车充电桩,2026/1/27 20:40,4.3,10,3.416,3.845,3.134,3.003,3.24,2.889,2.741,3.97
765,站_2879,小黄峰超充站,包河区,53度广场负一层,117.288003,31.793783,汽车服务;充电站;充电站,19159109963,新能源汽车充电桩,2026/1/27 20:40,3.9,15,3.363,3.66,3.51,3.943,2.484,3.942,2.974,3.605
766,站_3967,易佳电汽车充电站(易佳电蓝鲤53度广场充电站),包河区,常青街道繁华大道53度广场负一层,117.288,31.794,汽车服务;充电站;充电站,0551-62100112,新能源汽车充电桩,2026/1/27 20:40,4.1,17,3.404,3.769,3.19,3.889,3.736,3.297,3.308,3.276
767,站_3920,特来电汽车充电站(蚁聚爱琴海超级充电站),包河区,社区合肥滨湖爱琴海购物公园B1层,117.30082,31.734243,汽车服务;充电站;充电站,4001300001,新能源汽车充电桩,2026/1/27 20:40,4.6,29,3.968,4.171,3.506,3.005,3.551,2.852,3.172,2.889
768,站_4948,理想超级充电站(理想超充站合肥西勤科技中心),包河区,骆岗街道西勤科技合肥亿天中芯数字科技产业园,117.32637,31.772348,汽车服务;充电站;充电站,4006860400,新能源汽车充电桩,2026/1/27 20:40,3.3,8,2.568,3.973,4.5,3.429,2.05,3.76,3.747,3.589
769,站_1365,小桔充电汽车充电站(帕沃充电合肥市盛大小桔充电站),包河区,庐州大道三角岛地面停车场(盛大地铁站A口步行310米),117.30313,31.793024,汽车服务;充电站;充电站,4000610999,新能源汽车充电桩,2026/1/27 20:40,4.4,6,3.704,4.037,3.25,2.925,2.062,3.702,2.557,3.715
770,站_9579,易佳电汽车充电站(易佳电蓝鲤能源加侨国际充电站),包河区,马鞍山路停车场入口下去-2层右拐即可,117.30187,31.814882,汽车服务;充电站;充电站,0551-62100112,新能源汽车充电桩,2026/1/27 20:40,4.2,6,3.177,4.202,2.682,3.321,2.761,3.412,3.432,3.019
771,站_9390,理想超级充电站(理想超充站合肥天琅百老汇),包河区,烟墩街道扬子江路天琅百老汇,117.283005,31.753372,汽车服务;充电站;充电站,4006860400,新能源汽车充电桩,2026/1/27 20:40,4.5,24,3.713,3.748,2.792,2.841,2.015,3.793,3.921,3.778
772,站_4414,合肥充电包河区望湖城地铁站充电站,包河区,望湖中路与庐州大道交口东南测停车场内,117.292498,31.805952,汽车服务;汽车服务相关;汽车服务相关,,新能源汽车充电桩,2026/1/27 20:40,3.6,28,3.415,4.294,3.553,3.14,3.268,2.995,3.085,2.838
773,站_7739,合肥充电王下份停车场汽车充电站,包河区,宿松路与水阳江路交口东北角,117.271101,31.822368,汽车服务;充电站;充电站,,新能源汽车充电桩,2026/1/27 20:40,4.4,28,2.777,4.253,2.787,3.036,2.313,3.402,2.572,3.704
774,站_6708,吉利汽车易易互联合肥市玉龙路换电站,包河区,,117.281602,31.752476,汽车服务;充电站;充电站,,新能源汽车充电桩,2026/1/27 20:40,4.5,12,3.448,4.115,2.944,2.98,3.201,2.817,2.639,2.93
775,站_6172,特来电汽车充电站(捷豹充电站宝文财富中心二期),包河区,骆岗街道花园大道宝文财富中心,117.31837,31.772943,汽车服务;充电站;充电站,4001300001,新能源汽车充电桩,2026/1/27 20:40,3.6,14,3.829,3.764,3.639,2.884,2.831,3.339,3.002,4.417
776,站_2260,易佳电汽车充电站(易佳电蓝鲤理想城充电站),包河区,西宁路与北京路交叉口西南20米地面停车场,117.3268,31.7872,汽车服务;充电站;充电站,0551-62100112,新能源汽车充电桩,2026/1/27 20:40,3.8,8,3.158,4.085,3.384,3.541,3.612,3.996,3.076,3.989
777,站_7133,奥迪汽车充电站(合肥万达广场包河店),包河区,马鞍山路130号合肥包河万达广场B1层G006、G007、G008,117.302736,31.857029,汽车服务;充电站;充电站,4001300001,新能源汽车充电桩,2026/1/27 20:40,3.3,16,3.9,3.399,3.706,3.995,4.5,3.782,4.5,3.025
778,站_2794,中国铁塔汽车充电站(安徽合肥淝河镇派出所充电站),包河区,淝河派出所,117.321915,31.816265,汽车服务;充电站;专用充电站,10096,新能源汽车充电桩,2026/1/27 20:40,3.8,15,2.936,3.514,3.915,2.882,2.086,3.007,3.764,3.908
779,站_6853,特斯拉超级充电站(合肥市麦德龙包河商场店),包河区,庐州大道90号华东乐汇城1楼合肥麦德龙地面停车场/入口南二环路辅路,117.28814,31.813381,汽车服务;充电站;专用充电站,4009100707,新能源汽车充电桩,2026/1/27 20:40,3.9,13,3.173,3.82,3.581,3.996,2.666,3.266,3.269,2.968
780,站_2877,理想超级充电站(理想超充站合肥金泉小区北门),包河区,滨湖世纪社区长沙路金泉小区,117.29024,31.73757,汽车服务;充电站;充电站,4006860400,新能源汽车充电桩,2026/1/27 20:40,4.1,5,3.532,3.922,3.473,3.8,2.802,3.334,3.144,2.95
781,站_6961,蚁聚爱琴海充电站,包河区,洞庭湖路与庐州大道交叉口西120米,117.300817,31.734298,汽车服务;充电站;充电站,,新能源汽车充电桩,2026/1/27 20:40,3.4,15,2.52,4.342,3.232,3.512,2.92,3.417,3.412,2.822
782,站_7120,皖小能汽车充电站(安徽省粮食局),包河区,芜湖路与宁国路交叉口西南120米,117.28869,31.85326,汽车服务;充电站;充电站,,新能源汽车充电桩,2026/1/27 20:40,4,17,3.034,4.231,3.704,3.743,3.569,3.06,2.761,2.832
783,站_9691,大电官超充站,包河区,金斗路与韶山路交叉口东60米,117.300674,31.723043,汽车服务;汽车服务相关;汽车服务相关,,新能源汽车充电桩,2026/1/27 20:40,3.7,8,3.257,3.922,3.149,3.536,2.696,3.459,3.165,3.088
784,站_8929,顺孚享充电包河站,包河区,梁园路与唐模路交叉口西40米,117.320308,31.819304,汽车服务;汽车服务相关;汽车服务相关,,新能源汽车充电桩,2026/1/27 20:40,4.3,28,3.039,4.122,3.292,3.257,2.569,3.588,2.566,3.285
785,站_5526,蔚来换电站(合肥珠光绿地),包河区,梁园路6号,117.309939,31.820427,汽车服务;汽车服务相关;汽车服务相关,,新能源汽车充电桩,2026/1/27 20:40,4.4,23,3.113,3.572,3.468,3.382,3.653,3.727,3.491,3.234
786,站_8495,小桔充电汽车充电站(奕筱桔北京路质谷超充站),包河区,骆岗街道安徽质谷检验检测科技产业园安徽碧华汽车零部件有限公司,117.328753,31.782938,汽车服务;充电站;充电站,15255562769,新能源汽车充电桩,2026/1/27 20:40,4.4,11,2.879,4.325,2.938,2.851,2.372,3.228,2.889,3.959
787,站_8951,开迈斯汽车充电站(合肥市融创美居酒店直流站),包河区,万年埠路356号融创美居酒店地面停车场,117.306737,31.702613,汽车服务;充电站;充电站,4006657666,新能源汽车充电桩,2026/1/27 20:40,4.1,14,3.35,4.195,3.227,3.073,2.647,3.467,3.031,3.764
788,站_6837,阳光充电汽车充电站(合肥神力商业中心电站),包河区,淝河路与二环路交口(五里庙地铁站2号口步行380米),117.32112,31.835415,汽车服务;充电站;充电站,19863936166,新能源汽车充电桩,2026/1/27 20:40,4.2,25,3.847,4.327,4.13,3.127,3.128,2.916,2.543,4.254
789,站_2793,小桔充电汽车充电站(飞特充金融港小桔充电站),包河区,滨湖世纪社区广西路光谷联合合肥金融港B2栋负一楼,117.2915,31.751207,汽车服务;充电站;充电站,4000610999,新能源汽车充电桩,2026/1/27 20:40,3.7,6,2.729,4.022,2.774,3.339,3.048,2.808,2.667,3.927
790,站_1581,星星充电汽车充电站(睦邻中心充电站),包河区,淝河镇大强路民康·葛大店花园,117.314748,31.805431,汽车服务;充电站;充电站,13956942628,新能源汽车充电桩,2026/1/27 20:40,3.7,28,2.989,3.609,4.378,2.911,2.055,3.688,2.608,3.811
791,站_9061,理想超级充电站(理想超充站合肥包河区纵横高科),包河区,骆岗街道延安路72号纵横园区,117.33867,31.780678,汽车服务;充电站;充电站,4006860400,新能源汽车充电桩,2026/1/27 20:40,3.5,27,2.972,4.381,3.632,2.868,3.428,3.706,4.066,3.972
792,站_6994,宁充充汽车充电站(合肥招商雍和府充电站),包河区,紫云路与泉州路交叉口招商雍和府西门对面卞老大五金,117.341034,31.740023,汽车服务;充电站;充电站,4006568997,新能源汽车充电桩,2026/1/27 20:40,4.3,12,2.92,3.679,3.312,3.847,2.139,3.35,3.556,3.435
793,站_9753,国家电网汽车充电站(安徽派河滨湖家园小区东区停车场充电站),包河区,中山路与西藏路交口西北角家园小区东门停车场,117.28047,31.732784,汽车服务;充电站;充电站,18326635047,新能源汽车充电桩,2026/1/27 20:40,3.7,6,2.679,4.349,3.869,3.115,3.412,3.741,3.059,3.322
794,站_9349,福充超级快充站,包河区,安徽国强钢材交易中心东1门旁,117.315465,31.827606,汽车服务;汽车服务相关;汽车服务相关,,新能源汽车充电桩,2026/1/27 20:40,3.6,9,3.125,3.592,3.775,3.601,2.704,3.605,3.312,2.962
795,站_6374,星星充电汽车充电站(星星充电-淝河大厦充电站),包河区,淝河镇南淝河路淝河大厦地面停车场,117.329173,31.829866,汽车服务;充电站;充电站,15105589802,新能源汽车充电桩,2026/1/27 20:40,3.3,18,3.3,3.825,3.221,3.064,2.123,3.94,3.135,3.334
796,站_7072,小桔充电充电站(丽阳兰庭),包河区,同安街道万振·城市广场B1车库临停区域,117.303912,31.821715,汽车服务;充电站;充电站,18226140996,新能源汽车充电桩,2026/1/27 20:40,3.3,19,3.973,4.453,3.758,3.657,2.725,3.803,2.843,3.459
797,站_5252,科大智能充电桩合肥运营中心,包河区,南淝河路6号,117.360675,31.79001,汽车服务;汽车服务相关;汽车服务相关,18656044862,新能源汽车充电桩,2026/1/27 20:40,4.3,12,3.754,3.775,4.5,3.152,2.206,3.55,2.73,3.974
798,站_6926,易佳电汽车充电站(易佳电蓝鲤淝河大厦充电站),包河区,淝河镇南淝河路淝河大厦,117.3292,31.8299,汽车服务;充电站;充电站,0551-62100112,新能源汽车充电桩,2026/1/27 20:40,4.3,24,2.894,4.138,2.884,2.954,3.647,2.936,3.792,2.997
799,站_1182,小桔充电汽车充电站(合肥市倍来充金融港小桔充电站),包河区,"滨湖世纪社区OVU国际服务公寓酒店(合肥滨湖会展中心中央公园店)OVU国际服务公寓负二层,东侧",117.290344,31.752666,汽车服务;充电站;充电站,4000610999,新能源汽车充电桩,2026/1/27 20:40,3.7,21,3.618,4.471,3.256,3.825,3.432,3.268,2.593,3.463
800,站_7206,蔚来换电站(安徽省汽车办),包河区,包安北路与安徽路交叉口西120米,117.323629,31.743153,汽车服务;换电站;换电站,,新能源汽车充电桩,2026/1/27 20:40,3.2,9,3.592,3.562,2.892,3.162,2.692,3.89,3.492,2.96
801,站_5628,包河汽车城停车场充电站,包河区,车城支路与长春街交叉口北180米,117.346488,31.799063,汽车服务;充电站;充电站,,新能源汽车充电桩,2026/1/27 20:40,3.6,19,2.561,3.992,3.043,3.652,2.873,3.426,2.741,3.244
802,站_4788,小桔充电汽车充电站(合肥滨湖琼林苑充电站),包河区,滨湖cbd公寓C座,117.28765,31.748766,汽车服务;充电站;充电站,4000610999,新能源汽车充电桩,2026/1/27 20:40,4.3,26,2.951,3.562,3.8,3.948,2.873,3.897,4.005,2.83
803,站_9028,理想超级充电站(理想超充站合肥包河福朋喜来登酒店),包河区,骆岗街道卡门·AI·影宿(万基店)合肥包河福朋喜来登酒店,117.326385,31.786013,汽车服务;充电站;充电站,4006860400,新能源汽车充电桩,2026/1/27 20:40,3.2,13,3.768,3.901,2.769,3.359,4.5,3.935,4.157,3.915
804,站_5893,易佳电汽车充电站(易佳电蓝鲤望湖城充电站),包河区,常青街道宿松路辅路望湖美家居建材市场倍来充望湖美家居超充站,117.2686,31.817,汽车服务;充电站;充电站,0551-62100112,新能源汽车充电桩,2026/1/27 20:40,3.7,23,3.439,4.25,2.709,3.332,2.33,3.026,4.196,2.817
805,站_7092,合肥充电南淝河码头公园充电站,包河区,巢湖南路与李成路西北,117.343212,31.829609,汽车服务;充电站;充电站,,新能源汽车充电桩,2026/1/27 20:40,4.5,23,2.913,3.639,3.919,2.917,3.438,3.204,3.07,3.163
806,站_8192,国家电网汽车充电站(安徽省合肥市包河区大圩镇晓南村乡镇充电站),包河区,大圩镇晓南路与环圩西路交口,117.38897,31.76636,汽车服务;充电站;充电站,96529,新能源汽车充电桩,2026/1/27 20:40,4.1,22,3.565,3.9,2.892,3.929,3.771,3.861,3.483,3.033
807,站_9710,理想超级充电站(理想5C超充站理想汽车合肥包河零售中心),包河区,天津路5号理想汽车零售中心,117.34912,31.798952,汽车服务;充电站;充电站,4006860400,新能源汽车充电桩,2026/1/27 20:40,4.2,7,2.644,4.208,4.5,3.764,2.107,3.384,2.562,3.572
808,站_2222,蔚来能源目的地充电站(内部使用合肥交通银行省分行),包河区,徽州大道与嘉陵江路交叉路口,117.284164,31.70213,汽车服务;充电站;充电站,,新能源汽车充电桩,2026/1/27 20:40,4,15,3.514,4.311,3.165,3.927,3.1,2.961,3.503,3.638
809,站_1817,特来电汽车充电站(捷豹充电宝文财富中心超级充电站南),包河区,包河大道与花园大道交口东南角(入口在花园大道东100米)内有洗车休息室,117.31874,31.7728,汽车服务;充电站;充电站,4001300001,新能源汽车充电桩,2026/1/27 20:40,4.2,24,3.944,3.926,4.28,3.6,4.5,3.987,4.467,4.071
810,站_3464,宁充充汽车充电站(中辰未来港充电站),包河区,包河大道与大连路交叉口中辰未来港C座宜尚酒店,117.31681,31.785454,汽车服务;充电站;充电站,4006568997,新能源汽车充电桩,2026/1/27 20:40,3.7,13,4.054,3.013,2.935,3.617,4.323,4.408,4.164,2.908
811,站_3772,开迈斯汽车充电站(合肥市加侨国际广场站),包河区,东流路5号合肥加侨国际广场地下停车场B2层,117.30213,31.814841,汽车服务;充电站;充电站,4006657666,新能源汽车充电桩,2026/1/27 20:40,4.5,18,3.827,4.246,2.704,3.411,2.262,2.891,3.869,3.336
812,站_3137,汽车充电站(特来电包河Hyper昊铂中心充电站),包河区,繁华大道18号(园区内左转昊铂中心门口),117.351476,31.794419,汽车服务;充电站;充电站,18655178196,新能源汽车充电桩,2026/1/27 20:40,3.8,7,3.365,3.992,3.832,3.926,2.589,3.87,3.826,4.43
813,站_3939,柏林春天新能源汽车慢充站,包河区,马鞍山路399号(秋浦河路地铁站4号口步行350米),117.301021,31.826456,汽车服务;充电站;充电站,,新能源汽车充电桩,2026/1/27 20:40,4.6,25,3.423,3.727,3.152,3.647,3.473,3.193,3.89,3.897
814,站_7601,蔚来能源汽车充电站(合肥中石化繁华大道),包河区,G312与繁华大道交叉口东北方向90米地面停车场,117.28286,31.790533,汽车服务;充电站;充电站,,新能源汽车充电桩,2026/1/27 20:40,4.4,13,3.513,3.842,3.104,3.91,3.53,3.949,3.99,3.63
815,站_3277,特来电充电站(合肥上海路纵横高科超充站),包河区,上海路与延安路交口东南侧地面停车场,117.338672,31.780576,汽车服务;充电站;充电站,18056587878,新能源汽车充电桩,2026/1/27 20:40,3.7,20,3.145,3.721,3.005,3.869,2.436,3.083,3.803,3.396
816,站_4916,云快充目的地充电站(小豹充充维也纳国际酒店南七店充电站),包河区,望江东路88号地面停车场,117.266445,31.829615,汽车服务;充电站;充电站,4008288517,新能源汽车充电桩,2026/1/27 20:40,3.7,22,3.424,3.778,3.244,3.676,3.795,3.784,3.009,3.468
817,站_2746,开迈斯汽车充电站(合肥市东泊中心站),包河区,北京路与延安路交叉口西北方向50米东泊中心地面停车场,117.328028,31.780263,汽车服务;充电站;充电站,,新能源汽车充电桩,2026/1/27 20:40,4,15,3.89,4.315,4.5,3.29,2.047,3.914,3.066,3.691
818,站_1260,小桔充电汽车充电站(翔孚快享充税务局充电站),包河区,包河税务局东办公区内部地面停车场,117.30929,31.795593,汽车服务;充电站;充电站,4000610999,新能源汽车充电桩,2026/1/27 20:40,3.6,26,3.361,4.021,3.185,3.485,4.5,3.753,4.5,3.682
819,站_2997,特来电超级充电站(包河区曙宏广场充电站),包河区,望江东路199号曙宏生活广场地面停车场,117.27699,31.827799,汽车服务;充电站;充电站,4001300001,快充桩,2026/1/27 20:40,3.6,26,3.469,3.539,3.63,3.441,2.464,3.823,2.716,3.456
820,站_9766,小桔充电汽车充电站(翔孚快享充龙川路小桔快充站),包河区,翔孚石化交通能源综合站(竹西地铁站C口步行420米),117.274216,31.8,汽车服务;充电站;充电站,13645604080,快充桩,2026/1/27 20:40,4.1,13,3.371,4.468,3.756,3.399,2.445,3.896,3.154,3.903
821,站_4089,开迈斯汽车充电站(合肥市滨湖心悦城站),包河区,紫云路与包河大道交口西北角心悦城购物中心地下负2层停车场,117.31743,31.74178,汽车服务;充电站;充电站,4006657666,快充桩,2026/1/27 20:40,4.2,25,3.529,3.64,2.673,3.344,4.5,3.589,4.5,3.894
822,站_8656,小桔充电汽车充电站(翔孚快享充公园荟小桔充电站),包河区,公元荟(贵阳路地铁站C口步行160米),117.262634,31.697676,汽车服务;充电站;充电站,13956050167,快充桩,2026/1/27 20:40,4.5,13,3.863,3.768,3.81,3.106,2.946,2.873,3.046,3.259
823,站_2079,特来电汽车充电站(锦城邻里中心充电站),包河区,祁门路与南屏路交口东南角天下锦城R5综超商业综合体规划的负1层停车场,117.25821,31.807205,汽车服务;充电站;充电站,18505517276,快充桩,2026/1/27 20:40,3.8,27,3.386,3.924,4.158,2.801,2.511,2.82,3.998,4.185
824,站_7776,云快充目的地充电站(宝利丰广场商办区地下停车场),包河区,徽州大道与靶场路交口,117.28658,31.833801,汽车服务;充电站;充电站,4008288517,快充桩,2026/1/27 20:40,3.7,18,3.984,3.794,3.766,3.312,2.998,2.953,2.713,3.764
825,站_3787,能效邻里共享汽车充电站(公元天下G15栋一单元能效共享充电桩),包河区,公元天下三期G15栋一单元地下停车场10015车位,117.26104,31.696762,汽车服务;充电站;充电站,18096666066,快充桩,2026/1/27 20:40,3.7,24,3.195,4.232,2.854,3.64,3.243,2.959,3.239,3.472
826,站_2169,新电途充电站(即刻超充徽州大道站),包河区,徽州大道辅路与殷汇路交叉口东北80米,117.285223,31.818272,汽车服务;充电站;充电站,,快充桩,2026/1/27 20:40,3.8,15,3.273,3.863,3.806,3.883,3.256,3.55,3.281,2.901
827,站_4831,能效邻里共享汽车充电站(情书不包邮的超级无敌快速补能充电桩),包河区,信达-公园里地下停车场19幢楼前子母车位(车位10816),117.29703,31.718275,汽车服务;充电站;充电站,13615698000,快充桩,2026/1/27 20:40,4.2,7,2.628,4.477,2.527,3.668,2.292,3.668,3.751,3.663
828,站_4667,云快充目的地充电站(合肥滨湖国际会展中心充电站),包河区,合肥滨湖国际会展中心地面停车场,117.297844,31.752735,汽车服务;充电站;充电站,4008288517,快充桩,2026/1/27 20:40,3.8,6,2.902,4.231,3.755,3.819,2.254,3.125,4.166,3.528
829,站_1606,达克云汽车充电站(即刻超充徽州大道站),包河区,徽州大道与水阳江路交口东南角100米即刻超充站,117.285,31.818401,汽车服务;充电站;充电站,4006717555,快充桩,2026/1/27 20:40,4.2,14,3.497,3.733,3.714,3.744,3.157,3.656,3.56,2.908
830,站_8448,蔚景云汽车充电站(广视花园充电站),包河区,骆岗街道广视花园西区(南门),117.31637,31.788979,汽车服务;充电站;充电站,4006803880,快充桩,2026/1/27 20:40,4.6,21,2.768,3.854,2.93,3.078,2.638,2.88,4.076,3.375
831,站_1566,达克云汽车充电站(普充挪桩站),包河区,繁华大道中泰产业园,117.352712,31.793275,汽车服务;充电站;充电站,4006717555,快充桩,2026/1/27 20:40,3.9,14,3.126,4.47,3.113,3.284,2.509,3.127,3.32,3.622
832,站_6759,达克云汽车充电站(华人健康东部产业基地内部使用),包河区,大连路500号,117.3111,31.784252,汽车服务;充电站;充电站,4006717555,快充桩,2026/1/27 20:40,4.4,16,3.294,3.569,2.743,3.018,3.536,3.57,2.874,2.973
833,站_3422,云快充目的地充电站(西勤科技写字楼负一层充电站),包河区,花园大道与山西路交口,117.32314,31.793756,汽车服务;充电站;充电站,4008288517,快充桩,2026/1/27 20:40,3.5,12,3.461,4.259,3.182,3.747,2.523,2.81,3.408,3.656
834,站_3368,星星充电汽车充电站(安徽创新馆站充电站),包河区,安徽创新馆地面停车场,117.334564,31.71238,汽车服务;充电站;充电站,19538361292,快充桩,2026/1/27 20:40,3.8,23,3.979,4.025,3.332,3.46,3.594,3.438,3.272,3.509
835,站_1269,公牛充电桩,包河区,南翔汽车智慧新城大二层4栋301号,117.362784,31.789098,汽车服务;充电站;充电站,18656532050;18756538245,直流桩,2026/1/27 20:40,4.3,8,3.381,3.878,3.418,2.883,3.177,3.675,4.196,3.095
836,站_4301,安徽省合肥市庐阳区省体委交流充电桩群充电站,包河区,宣城路与前进巷交叉口东北280米,117.297156,31.853305,汽车服务;充电站;充电站,,交流桩,2026/1/27 20:40,4.5,5,3.71,3.885,2.576,3.181,2.769,3.05,4.168,3.384
837,站_8941,特来电充电站(合肥金葡萄家园D区),包河区,大圩镇金葡萄家园D区地面停车场,117.373999,31.77516,汽车服务;充电站;充电站,,特来电充电站,2026/1/27 20:40,3.6,25,2.837,4.482,3.001,2.812,2.922,3.843,3.481,3.347
838,站_2573,特来电充电站(合肥天津路中泰科技园超充站),包河区,繁华大道18号中泰科技园地面停车场,117.349468,31.792664,汽车服务;充电站;充电站,13739265855,特来电充电站,2026/1/27 20:40,4.2,21,3.896,3.905,3.718,3.34,2.618,3.981,3.672,2.909
839,站_6004,特来电充电站(毅威出行中建二期)(内部专用),包河区,上海路与太原路交口东侧中建智立方二期地下车库洗车房北侧,117.346899,31.783387,汽车服务;充电站;充电站,4008806700,特来电充电站,2026/1/27 20:40,4.3,17,3.702,4.064,3.211,3.639,2.515,3.181,4.151,3.404
840,站_9644,特来电汽车充电站(合肥格林豪泰包河店),包河区,包河大道228号(包河苑地铁站4号口步行450米),117.312169,31.794953,汽车服务;充电站;充电站,,特来电充电站,2026/1/27 20:40,3.2,15,3.879,2.841,3.043,4.304,4.139,4.355,4.428,3.517
841,站_3707,特来电目的地充电站(汉庭CBD充电站),包河区,荷叶地街道潜山路辅路新城国际(齐云山路),117.263732,31.712655,汽车服务;充电站;充电站,15156508838,特来电充电站,2026/1/27 20:40,3.7,14,3.787,3.758,3.974,2.807,3.323,3.089,3.055,3.624
842,站_7959,星星充电汽车充电站(万科时代之光西地块桩群),包河区,庐州大道与南京路交叉口西北140米,117.301575,31.751422,汽车服务;充电站;充电站,,星星充电,2026/1/27 20:40,4.5,24,3.536,3.521,3.507,3.083,2.172,3.945,3.621,2.876
843,站_7647,星星充电汽车充电站(仁和家园三期充电站),包河区,淝河镇龙川路辅路仁和佳园,117.316788,31.809445,汽车服务;充电站;充电站,18956515868,星星充电,2026/1/27 20:40,4.4,15,3.762,3.865,2.543,3.67,2.887,3.895,3.375,3.433
844,站_3640,国家电网汽车充电站(安徽省合肥市包河区大圩镇新民村乡镇充电站),包河区,大圩镇新民村百果园路与葡萄园路交口,117.411354,31.750923,汽车服务;充电站;充电站,96529,国家电网充电站,2026/1/27 20:40,4.1,14,3.446,4.067,3.079,3.423,2.51,3.578,3.051,3.459
845,站_1183,云快充汽车充电站(理想城),包河区,西宁路与北京路交叉口西南40米,117.32682,31.787214,汽车服务;充电站;充电站,,云快充充电站,2026/1/27 20:40,3.8,18,2.707,4.405,3.167,3.396,2.186,2.91,3.673,3.289
846,站_1562,云快充目的地充电站(易菲堡大厦),包河区,福州路3588号,117.28308,31.744453,汽车服务;充电站;充电站,4008288517,云快充充电站,2026/1/27 20:40,3.6,28,3.011,3.878,3.606,3.878,2.857,3.759,2.697,2.987
847,站_5014,云快充汽车充电站(百科智能充电站合肥市大圩圩乐田园生态营地交直流充电站),包河区,大圩镇科技园路与葡萄园路交口现代农业示范园8号圩乐田园生态营地,117.420087,31.767367,汽车服务;充电站;充电站,4008288517,云快充充电站,2026/1/27 20:40,3.3,9,3.967,4.183,2.669,3.439,2.668,3.172,3.198,3.161
848,站_2086,广福花园新能源充电服务中心,包河区,南屏路456号,117.257941,31.803538,汽车服务;充电站;充电站,,高速服务区充电桩,2026/1/27 20:40,3.4,17,2.758,4.141,3.989,3.54,3.052,3.606,2.659,3.607
849,站_1827,合肥充电合肥高铁南站出租车蓄车区充电站,包河区,合肥南站出租车蓄车场,117.286203,31.799467,交通设施服务;交通服务相关;交通服务相关,,高速服务区充电桩,2026/1/27 20:40,4.5,23,2.894,3.526,3.475,3.816,3.637,2.869,2.515,3.768
850,站_7251,科大能通省高院包河区办公区充电站,包河区,包河大道116号,117.321125,31.736695,汽车服务;充电站;充电站,,高速服务区充电桩,2026/1/27 20:40,4,26,4.004,4.116,2.575,3.747,4.5,4.422,4.5,3.374
851,站_6943,微来充充电桩,包河区,桐城南路428号,117.281288,31.843434,汽车服务;充电站;充电站,,高速服务区充电桩,2026/1/27 20:40,3.3,10,3.805,4.143,2.804,3.381,2.796,3.424,3.657,2.98
852,站_692,昆仑网电汽车充电站(中国石油合肥顺源充电站),肥东县,店埠镇合蚌路以西八斗路北200米,117.48318,31.89319,汽车服务;汽车服务相关;汽车服务相关,95700,新能源汽车充电桩,2026/1/27 20:40,2.8076923076923075,39,3.212,3.107,2.5,2.5,2.639,2.737,2.5,2.307
853,站_693,中国石化汽车充电站(飞龙充电站),肥东县,中国石化飞龙加油站,117.413109,31.832053,汽车服务;充电站;充电站,95105888,新能源汽车充电桩,2026/1/27 20:40,3.3461538461538463,13,3.268,2.648,3.51,4.519,2.5,3.51,2.5,2.5
854,站_694,昆仑网电汽车充电站(中国石油合肥肥东县皖源充电站),肥东县,中石油加油站,117.479699,31.809958,汽车服务;充电站;充电站,95700,新能源汽车充电桩,2026/1/27 20:40,2.4444444444444446,18,2.354,1.778,2.76,2.172,2.5,2.5,2.5,2.5
855,站_695,国家电网汽车充电站(安徽省合肥市肥东县长临河镇停车场充电站),肥东县,长临河古镇景区环湖北路地面停车场,117.462026,31.686375,汽车服务;充电站;充电站,96529,新能源汽车充电桩,2026/1/27 20:40,3.0625,16,3.043,2.5,2.5,2.5,3.578,2.5,2.5,2.5
856,站_696,中国石化汽车充电站(津源充电站),肥东县,肥东新城开发区(双龙大酒店隔壁),117.436196,31.875847,汽车服务;充电站;充电站,95105888,新能源汽车充电桩,2026/1/27 20:40,4,15,3.445,2.881,2.5,2.5,3.528,2.5,2.5,2.5
857,站_697,特来电汽车充电站(恒兴超充站),肥东县,东风大道辅路与新世界路交叉口南80米,117.41808,31.843039,汽车服务;充电站;充电站,19105651555,新能源汽车充电桩,2026/1/27 20:40,4.25,14,4.242,2.5,2.5,2.5,3.233,2.614,2.5,2.5
858,站_698,星星充电汽车充电站(星星充电马集通泰充电站),肥东县,重工机械产业园合肥通泰建材有限公司院内,117.62752,31.874163,汽车服务;充电站;充电站,18956077595,新能源汽车充电桩,2026/1/27 20:40,2.5625,8,2.613,1.936,2.5,2.5,2.5,2.5,2.5,2.5
859,站_699,中国石化汽车充电站(浙商城充电站),肥东县,合肥浙商城东门旁,117.431123,31.830554,汽车服务;充电站;充电站,95105888,新能源汽车充电桩,2026/1/27 20:40,2.6333333333333333,15,2.802,2.929,2.5,2.5,2.5,2.5,2.5,2.5
860,站_700,中国石化汽车充电站(龙城充电站),肥东县,中国石化龙城路加油站,117.44552,31.86017,汽车服务;充电站;充电站,95105888,新能源汽车充电桩,2026/1/27 20:40,2.533333333333333,15,2.878,2.5,2.5,2.5,2.5,2.5,2.5,2.5
861,站_701,中国石化汽车充电站(包公大道充电站),肥东县,中国石化包公大道加油站,117.423094,31.892131,汽车服务;充电站;充电站,95105888,新能源汽车充电桩,2026/1/27 20:40,2.9375,8,1.765,2.499,2.5,2.5,2.5,2.5,2.5,2.5
862,站_702,星星充电汽车充电站(好社惠充电站),肥东县,店埠镇古河路安徽美普达电气有限公司地面停车场,117.420795,31.886913,汽车服务;充电站;充电站,17718186351,新能源汽车充电桩,2026/1/27 20:40,3.727272727272727,11,4.22,2.828,2.707,2.5,2.5,2.704,2.5,2.5
863,站_5860,国家电网汽车充电站(安徽省合肥市肥东县安徽晶科能源有限公司停车场充电站),肥东县,龙兴大道与乳泉路交叉口东北500米,117.513913,31.759019,汽车服务;充电站;充电站,0551-63318110,新能源汽车充电桩,2026/1/27 20:40,3.6,29,3.099,3.724,3.071,2.907,2.212,3.965,3.231,3.845
864,站_703,特来电充电站(和平文化广场超充站),肥东县,店埠镇和平文化广场地面停车场,117.462377,31.890887,汽车服务;充电站;充电站,4001300001,新能源汽车充电桩,2026/1/27 20:40,3.75,12,2.026,2.5,2.5,2.5,3.186,2.5,2.5,2.5
865,站_704,昆仑网电汽车充电站(中国石油合肥肥东县龙源充电站),肥东县,采香环路和合马路交汇处西北角(中石油加油站内),117.442928,31.826044,汽车服务;充电站;充电站,95700,新能源汽车充电桩,2026/1/27 20:40,3.863636363636364,11,4.82,2.364,3.388,2.5,2.953,2.743,2.5,2.5
866,站_705,智慧城市超级充电站(斌锋未来城超充站·华为超充技术支持),肥东县,店埠镇斌锋未来城S1幢商业,117.473343,31.85301,汽车服务;充电站;充电站,,新能源汽车充电桩,2026/1/27 20:40,3.875,12,4.568,2.358,2.5,2.689,2.5,2.5,2.5,2.5
867,站_706,特来电汽车充电站(特来电典泰桥头集路超充站),肥东县,桥头集路与公园路交叉口东北角地面停车场,117.453574,31.877065,汽车服务;充电站;充电站,13955133683;4001300001,新能源汽车充电桩,2026/1/27 20:40,3.7916666666666665,12,2.108,2.5,2.774,2.5,2.5,3.2,2.5,2.5
868,站_707,特来电汽车充电站(特来电井中集团充电站),肥东县,店埠镇井中集团合肥光明包装制品有限公司,117.41117,31.88056,汽车服务;充电站;充电站,18156709178,新能源汽车充电桩,2026/1/27 20:40,3.875,12,4.129,3.535,2.5,2.5,1.973,2.5,2.5,2.5
869,站_3938,中国石化汽车充电站(众兴北充电站),肥东县,众兴乡G40沪陕高速众兴服务区(沪陕高速西安方向),117.41873,31.97525,汽车服务;充电站;充电站,95105888,新能源汽车充电桩,2026/1/27 20:40,4.1,7,2.733,3.554,3.413,2.83,3.285,2.896,3.012,3.043
870,站_4274,国家电网汽车充电站(京台高速肥东服务区充电站北京方向2),肥东县,京台高速肥东服务区(北京方向),117.45639,31.853884,汽车服务;充电站;充电站,96529,新能源汽车充电桩,2026/1/27 20:40,3.9,12,3.422,3.665,3.941,3.965,2.127,2.892,3.291,3.574
871,站_7178,中国石化汽车充电站(南环路充电站),肥东县,中国石化南环路加油站(店埠河地铁站B口步行180米),117.47389,31.874882,汽车服务;充电站;充电站,95105888,新能源汽车充电桩,2026/1/27 20:40,4.5,6,3.714,3.972,3.887,3.274,3.356,3.426,4.102,3.564
872,站_8507,星星充电汽车充电站(国土超充站),肥东县,团结大道与龙泉路辅路交叉口东北方向立体停车场,117.484453,31.879092,汽车服务;充电站;充电站,18756907758,新能源汽车充电桩,2026/1/27 20:40,4.3,10,3.907,3.584,3.04,3.113,3.561,3.381,3.983,3.75
873,站_5659,星星充电汽车充电站(星星充电-徽商建材城充电站),肥东县,店埠镇幸福家具城徽商大市场,117.429662,31.872294,汽车服务;充电站;充电站,13615698868,新能源汽车充电桩,2026/1/27 20:40,3.3,18,2.544,3.788,2.91,3.986,3.386,3.677,2.795,3.917
874,站_6072,广汽能源汽车充电站(广汽能源合肥山水路超充站),肥东县,山水路与亲水路交口和睦广场地面停车场,117.49441,31.856686,汽车服务;充电站;充电站,4006665330,新能源汽车充电桩,2026/1/27 20:40,3.8,19,3.291,4.079,2.973,3.847,2.223,3.157,3.752,2.962
875,站_6272,皖小能汽车充电站(皖小能电动汽车快充燎原大道),肥东县,撮镇镇,117.434664,31.824552,汽车服务;充电站;充电站,13145510525,新能源汽车充电桩,2026/1/27 20:40,4.3,15,3.244,4.168,3.201,3.053,2.602,2.954,3.263,3.739
876,站_8712,星星充电汽车充电站(卓越科技直流站),肥东县,撮镇镇唐安路安徽国登管业科技有限公司向西50米,117.404146,31.825478,汽车服务;充电站;充电站,17356518876,新能源汽车充电桩,2026/1/27 20:40,3.8,8,3.19,3.987,2.904,3.845,2.264,3.101,3.96,2.849
877,站_6949,中国石化汽车充电站(石梁城西路充电站),肥东县,店埠镇石梁城西路华盛·南院,117.465854,31.865915,汽车服务;充电站;充电站,95105888,新能源汽车充电桩,2026/1/27 20:40,4.2,24,2.873,3.524,2.522,3.947,3.125,3.164,4.153,3.083
878,站_1765,星星充电汽车充电站(数源浮槎山路充电站),肥东县,店埠镇浮槎山路,117.47639,31.880375,汽车服务;充电站;充电站,13395657258,新能源汽车充电桩,2026/1/27 20:40,4.5,12,3.625,3.634,3.238,3.398,3.214,3.581,2.851,3.294
879,站_5174,中国石化汽车充电站(众兴南充电站),肥东县,众兴乡众兴服务区,117.417242,31.974831,汽车服务;充电站;充电站,95105888,新能源汽车充电桩,2026/1/27 20:40,3.7,16,3.39,3.719,2.551,3.504,3.777,3.842,2.887,3.592
880,站_7086,国家电网汽车充电站(京台高速肥东服务区充电站台北方向),肥东县,京台高速肥东服务区台北方向,117.455818,31.857968,汽车服务;充电站;充电站,0551-63881234;96529,新能源汽车充电桩,2026/1/27 20:40,3.7,27,3.327,3.299,3.239,2.974,3.414,3.655,2.681,3.881
881,站_3732,皖小能汽车充电站(肥东县宝湾物流园综合),肥东县,撮镇镇东华路与新华路交口西南角、宝湾物流肥东有限公司厂区内,117.433044,31.813229,汽车服务;充电站;充电站,4009961666,新能源汽车充电桩,2026/1/27 20:40,3.3,13,3.344,4.159,2.945,3.03,2.332,3.098,4.077,3.505
882,站_8917,理想汽车充电站(理想5C超充站京台高速肥东服务区北京方向),肥东县,肥东服务区,117.455692,31.854585,汽车服务;充电站;充电站,4006860400,新能源汽车充电桩,2026/1/27 20:40,3.8,21,3.324,3.953,3.289,2.99,3.463,2.814,2.861,3.801
883,站_5923,中国石化汽车充电站(中国石化繁华东路加油站),肥东县,中国石化繁华东路加油站,117.477681,31.781119,汽车服务;充电站;充电站,95105888,新能源汽车充电桩,2026/1/27 20:40,3.3,5,2.651,4.042,3.394,3.964,2.37,3.175,4.135,3.053
884,站_7041,容新智充汽车充电站(电途驿站),肥东县,经开区祥和路与岱河路交口往东200米,117.43218,31.901276,汽车服务;充电站;充电站,4000006828,新能源汽车充电桩,2026/1/27 20:40,4.6,29,3.181,4.161,2.841,3.889,2.491,3.602,2.919,3.888
885,站_7934,星星充电汽车充电站(星星充电肥东政务服务中心),肥东县,店埠镇深秀北路和日出路交口朝北200米地面停车场,117.485046,31.850736,汽车服务;充电站;充电站,13721098069,新能源汽车充电桩,2026/1/27 20:40,3.9,29,2.959,4.496,4.058,2.904,2.794,3.181,3.75,3.735
886,站_7491,小鹏超级充电站(小鹏S4超快充合肥肥东伟星星悦广场站),肥东县,伟星星悦广场(入口山水路),117.489716,31.857038,汽车服务;充电站;充电站,4007836688,新能源汽车充电桩,2026/1/27 20:40,4.1,7,3.199,4.411,3.305,3.495,3.278,3.548,2.947,3.507
887,站_8996,广汽能源汽车充电站(广汽能源合肥裕溪路超充站),肥东县,撮镇镇四季养生(华盛广场店)华盛广场地面停车场,117.4169,31.831104,汽车服务;充电站;充电站,4006665330,新能源汽车充电桩,2026/1/27 20:40,3.2,7,2.518,4.389,3.243,3.593,3.684,3.194,3.543,2.995
888,站_1284,春宇智充汽车充电站(亿佰购物广场充电站),肥东县,店埠镇报镇路与站南路交口东南角(亿佰购物广场),117.475139,31.853103,汽车服务;充电站;充电站,4009988722,新能源汽车充电桩,2026/1/27 20:40,4,13,3.599,3.725,3.413,3.319,2.745,3.573,3.243,3.67
889,站_6201,星星快充充电站(肥东县八斗镇),肥东县,子建路56号大顺配件南边(下面),117.608,32.152668,汽车服务;充电站;充电站,18118731146,新能源汽车充电桩,2026/1/27 20:40,4.1,18,2.845,4.391,3.369,3.061,2.953,3.444,2.796,2.978
890,站_7922,沪蓉高速文集服务区充电站(陕西方向),肥东县,沪蓉高速文集服务区(陕西方向),117.719346,31.959594,汽车服务;充电站;充电站,0551-63881234;96529,新能源汽车充电桩,2026/1/27 20:40,4.2,25,2.783,3.858,3.604,2.889,2.041,2.906,4.114,3.932
891,站_3780,皖小能汽车充电站(龙塘综合能源港充换电),肥东县,皖小能汽车充电站(龙塘综合能源港充换电)皖能集团综合能源港CNGH2充换电(龙塘站)燎原大道与裕溪路交叉口南80米,117.435703,31.826872,汽车服务;充电站;充电站,4009961666,新能源汽车充电桩,2026/1/27 20:40,3.8,28,3.596,3.733,2.748,3.502,3.301,3.76,3.395,3.888
892,站_6615,理想超级充电站(理想5C超充站京台高速肥东服务区台北方向),肥东县,店埠镇肥东服务区肥东服务区,117.45497,31.856707,汽车服务;充电站;充电站,4006860400,新能源汽车充电桩,2026/1/27 20:40,3.8,25,2.568,2.833,3.254,3.639,3.595,3.915,3.176,3.112
893,站_5365,星星充电汽车充电站(星星充电-琪瑞康郡充电站),肥东县,店埠镇祥和路尚泽·琪瑞康郡,117.43019,31.876469,汽车服务;充电站;充电站,15155954210,新能源汽车充电桩,2026/1/27 20:40,4.5,27,3.591,3.533,3.741,3.045,2.027,3.311,4.165,3.505
894,站_3951,理想超级充电站(理想5C超充站沪陕高速文集服务区西安方向),肥东县,文集服务区,117.71925,31.959621,汽车服务;充电站;充电站,4006860400,新能源汽车充电桩,2026/1/27 20:40,4.4,11,2.61,4.427,3.764,3.78,2.463,3.378,3.436,3.433
895,站_4578,星星充电汽车充电站(星星充电-城关中学充电站),肥东县,店埠镇古城路肥东县城关中学,117.4573,31.878828,汽车服务;充电站;充电站,15155954210,新能源汽车充电桩,2026/1/27 20:40,4.5,17,3.281,3.448,2.517,3.588,2.572,3.372,3.371,3.383
896,站_8997,驴充充汽车充电站(肥东县八斗镇大张社区),肥东县,八斗镇军谢村,117.592048,32.136837,汽车服务;充电站;充电站,0797-966999,新能源汽车充电桩,2026/1/27 20:40,4.5,18,2.867,3.746,3.359,2.936,3.722,3.42,3.657,3.536
897,站_4192,特来电汽车充电站(特来电和平文化广场二期超充站),肥东县,店埠镇和平文化广场,117.46277,31.888714,汽车服务;充电站;充电站,4001300001,新能源汽车充电桩,2026/1/27 20:40,4.6,6,3.327,3.982,3.304,3.703,3.032,3.852,3.529,3.768
898,站_1992,壳牌充电汽车充电站(壳牌合肥东风大道地面快充站),肥东县,肥东新城开发区龙塘东风大道顺丰物流园内,117.418106,31.842136,汽车服务;充电站;充电站,4007160699,新能源汽车充电桩,2026/1/27 20:40,3.9,24,2.685,4.187,3.581,3.832,3.555,3.54,3.522,2.851
899,站_4337,特斯拉超级充电站(合肥肥东龙湖龙誉中心),肥东县,龙岗综合经济开发区大众路与新安江路交口合肥肥东龙湖龙誉中心地下停车场负一层B区/入口新安江路辅路,117.39832,31.859854,汽车服务;充电站;专用充电站,4009100707,新能源汽车充电桩,2026/1/27 20:40,3.7,24,3.369,2.972,4.423,3.91,3.779,3.513,4.071,3.769
900,站_6802,星星充电汽车充电站(车莱电久恒公司桥头集快充站电站),肥东县,桥头集镇104省道中国石化桥头集加油站,117.56144,31.760798,汽车服务;充电站;充电站,13757749203,新能源汽车充电桩,2026/1/27 20:40,3.3,15,3.428,4.5,3.228,3.776,3.205,3.109,3.311,3.675
901,站_5866,中国石化汽车充电站(马湖充电站),肥东县,马湖乡乾合社区大鲁组兴桥公交站旁,117.822808,32.061155,汽车服务;充电站;充电站,18709863351,新能源汽车充电桩,2026/1/27 20:40,3.5,22,3.691,3.649,2.823,3.2,2.629,3.538,3.901,2.818
902,站_9877,小鹏超级充电站(小鹏S4超快充合肥肥东好社惠站),肥东县,古河路与柳孜路交叉口东100米合肥好社惠商贸有限公司,117.4213,31.88688,汽车服务;充电站;充电站,4007836688,新能源汽车充电桩,2026/1/27 20:40,3.8,15,3.126,3.883,3.978,3.12,3.754,3.744,3.445,3.32
903,站_9323,国家电网汽车充电站(沪陕高速文集服务区充电站上海方向),肥东县,326省道与岘山路交叉口东北360米地面停车场,117.718288,31.957684,汽车服务;充电站;充电站,96529,新能源汽车充电桩,2026/1/27 20:40,4.3,15,3.36,4.381,3.511,3.498,2.082,3.847,2.758,3.546
904,站_8742,蔚来能源超级充电站(台北方向G3京台高速肥东服务区),肥东县,龙城路与四号路交叉口东南320米,117.455317,31.857829,汽车服务;充电站;充电站,,新能源汽车充电桩,2026/1/27 20:40,4.4,25,3.176,3.547,3.854,2.808,2.036,3.547,3.819,3.05
905,站_1008,新电途汽车充电站(零碳充电站|肥东护城站),肥东县,梁园镇护城社区村委会,117.58162,32.059739,汽车服务;充电站;充电站,4001100835,新能源汽车充电桩,2026/1/27 20:40,3.3,24,3.817,4.367,3.75,3.101,3.551,3.223,3.295,3.871
906,站_3806,理想超级充电站(理想超充站合肥肥东县古河路好社惠停车场),肥东县,店埠镇古河路文一名都,117.42125,31.88685,汽车服务;充电站;充电站,4006860400,新能源汽车充电桩,2026/1/27 20:40,3.2,19,2.946,4.127,3.407,2.845,2.962,2.907,3.546,2.814
907,站_1883,云快充汽车充电站(肥东牛特集中式快速充电站中心),肥东县,梁园镇上卞湾,117.614,31.9793,汽车服务;充电站;充电站,15190481380,新能源汽车充电桩,2026/1/27 20:40,3.6,22,3.149,4.029,3.659,3.673,2.065,3.565,3.849,4.062
908,站_5282,世动云充汽车充电站(合肥市肥东县国林大酒店充电站),肥东县,店埠镇国林大酒店,117.50539,31.93161,汽车服务;充电站;充电站,4001030535,新能源汽车充电桩,2026/1/27 20:40,3.5,20,2.901,3.527,3.797,3.142,2.05,3.013,3.53,3.501
909,站_7927,蔚来能源汽车充电站(合肥肥东农商银行),肥东县,肥东新城开发区肥东农商银行(新总行)地面停车场,117.431587,31.873635,汽车服务;充电站;充电站,,新能源汽车充电桩,2026/1/27 20:40,4.4,5,3.07,3.716,3.704,3.342,2.733,3.448,3.39,3.392
910,站_5998,蔚景云汽车充电站(徽充充电站元疃站),肥东县,元疃镇合汪路车都汽车服务中心(元疃店),117.398713,32.082076,汽车服务;充电站;充电站,4006803880,新能源汽车充电桩,2026/1/27 20:40,3.8,10,2.816,4.368,2.859,3.579,2.417,2.943,3.739,3.235
911,站_3666,蔚来能源超级充电站(北京方向G3京台高速肥东服务区),肥东县,肥东服务区(京台高速北京方向),117.45437,31.853477,汽车服务;充电站;充电站,,新能源汽车充电桩,2026/1/27 20:40,3.2,10,3.696,4.193,3.926,3.153,3.567,3.959,4.11,3.241
912,站_5229,特来电汽车充电站(特来电特来电合肥丰华汽车快充站),肥东县,撮镇镇龙塘工业园合马路北侧地面停车场,117.432201,31.828646,汽车服务;充电站;充电站,4001300001,新能源汽车充电桩,2026/1/27 20:41,3.6,5,3.562,3.826,3.372,3.336,3.349,3.707,3.638,2.996
913,站_5975,星星充电汽车充电站(牌坊充电站),肥东县,新美瑞集团(S227),117.482574,31.962395,汽车服务;充电站;充电站,,新能源汽车充电桩,2026/1/27 20:41,3.7,19,3.678,4.313,3.473,4,3.684,3.013,3.618,2.886
914,站_7441,福贵充电站(星星充电),肥东县,安徽爱就爱家具制造有限公司北门西60米,117.414299,31.886092,汽车服务;充电站;充电站,15255476777,新能源汽车充电桩,2026/1/27 20:41,4.5,11,3.125,3.831,3.105,2.832,2.668,3.715,2.874,3.076
915,站_6063,国家电网汽车充电站(安徽省合肥市肥东县撮镇有序交流充电站),肥东县,店忠路与星光大道交叉口供电所外,117.483308,31.810507,汽车服务;充电站;充电站,96529,新能源汽车充电桩,2026/1/27 20:41,3.8,23,3.914,3.82,3.709,3.146,2.867,3.976,3.533,2.997
916,站_4111,易佳电汽车充电站(易佳电国土超充站),肥东县,团结大道与龙泉路辅路交叉口东北方向立体停车场,117.4847,31.8785,汽车服务;充电站;充电站,0551-62100112,新能源汽车充电桩,2026/1/27 20:41,3.3,6,2.893,4,3.143,3.867,2.698,3.677,4.026,3.606
917,站_9342,蔚景云汽车充电站(安顺港充电站),肥东县,安顺港农副产品智慧物流园,117.446365,31.814716,汽车服务;充电站;充电站,4006803880,新能源汽车充电桩,2026/1/27 20:41,3.8,11,3.305,3.685,3.107,3.502,2.104,3.746,3.22,3.73
918,站_4332,蔚景云汽车充电站(中科全速乐速充体验站),肥东县,桥头集镇中科全速科技园,117.49988,31.788204,汽车服务;充电站;充电站,4006803880,新能源汽车充电桩,2026/1/27 20:41,3.5,21,3.467,4.249,3.544,3.041,3.284,3.108,2.514,3.894
919,站_9456,易佳电汽车充电站(易佳电首达储能充电站),肥东县,龙湖春江天越北面地面停车场,117.4523,31.8275,汽车服务;充电站;充电站,15855183519,新能源汽车充电桩,2026/1/27 20:41,3.5,11,3.575,3.773,2.889,3.579,2.532,3.507,2.594,2.858
920,站_6972,易佳电汽车充电站(易佳电蓝鲤富银充电站),肥东县,店埠镇安徽源隆包装材料有限公司,117.5043,31.8903,汽车服务;充电站;充电站,0551-62100112,新能源汽车充电桩,2026/1/27 20:41,3.4,7,3.495,3.652,3.694,3.108,2.612,3.876,3.947,3.032
921,站_5099,易佳电汽车充电站(易佳电蓝鲤费加罗充电站),肥东县,包公大道与镇西路交叉路口往东北约100米,117.4358,31.8923,汽车服务;充电站;充电站,0551-62100112,新能源汽车充电桩,2026/1/27 20:41,4.5,15,3.835,4.159,2.769,3.309,3.247,3.016,2.951,3.571
922,站_6912,云快充汽车充电站(费加罗婚礼艺术中心快充站),肥东县,包公大道与镇西路交口东北角,117.435759,31.892439,汽车服务;充电站;充电站,13013100110;4008288517,新能源汽车充电桩,2026/1/27 20:41,3.6,17,2.738,4.406,4.5,3.182,3.467,3.04,3.32,4.28
923,站_8953,众兴服务区合肥充电汽车充电站,肥东县,北环高速众兴服务区北区停车场,117.417291,31.974823,汽车服务;充电站;充电站,,新能源汽车充电桩,2026/1/27 20:41,3.4,14,2.822,4.422,3.608,3.817,3.187,3.3,2.636,3.036
924,站_4527,易佳电汽车充电站(易佳电古河路好社惠充电站),肥东县,店埠镇古河路好社惠,117.4209,31.8869,汽车服务;充电站;充电站,0551-62100112,新能源汽车充电桩,2026/1/27 20:41,4.3,6,3.616,3.889,3.556,2.871,3.208,2.803,3.216,3.167
925,站_3829,易佳电汽车充电站(易佳电首达储能龙誉城充电站),肥东县,地面停车场,117.3981,31.8584,汽车服务;充电站;充电站,0551-62100112,新能源汽车充电桩,2026/1/27 20:41,4.1,19,3.892,3.993,3.793,3.659,2.474,3.631,2.865,2.81
926,站_9072,特来电汽车充电站(智远七星物流重卡站),肥东县,桥头集镇裕溪路,117.53689,31.772614,汽车服务;充电站;充电站,4001300001,新能源汽车充电桩,2026/1/27 20:41,4.1,19,2.962,3.745,2.994,3.331,3.757,3.665,4.061,3.973
927,站_5252,小桔充电汽车充电站(肥东富银重卡超充站),肥东县,店埠镇包公大道高架辅路,117.50431,31.89031,汽车服务;充电站;充电站,4000610999,新能源汽车充电桩,2026/1/27 20:41,3.4,7,2.759,4.489,3.463,3.393,2.97,3.153,4.001,3.211
928,站_1674,特来电汽车充电站(肥东县石塘人民政府停车场充电站),肥东县,石塘镇人民政府(本电站暂时不提供发票服务),117.633514,31.93132,汽车服务;充电站;充电站,13866128969,新能源汽车充电桩,2026/1/27 20:41,4,23,3.199,4.4,2.972,3.694,3.2,3.195,2.903,2.899
929,站_6482,众兴服务区国家电网电动汽车充电站,肥东县,G40沪陕高速附近,117.419877,31.976074,汽车服务;充电站;充电站,,新能源汽车充电桩,2026/1/27 20:41,3.8,15,2.607,4.272,3.242,3.78,2.438,3.798,2.861,3.991
930,站_2165,易佳电汽车充电站(易佳电浙商城充电站),肥东县,裕溪路北门,117.4307,31.8329,汽车服务;充电站;充电站,0551-62100112,新能源汽车充电桩,2026/1/27 20:41,4.2,9,2.98,4.178,2.835,3.891,2.121,3.964,2.627,3.783
931,站_2549,特来电汽车充电站(福泽石塘镇富光公园站),肥东县,石塘镇晨光路富光公园停车场,117.63087,31.932571,汽车服务;充电站;充电站,13866128969,新能源汽车充电桩,2026/1/27 20:41,4.4,13,2.502,3.88,3.364,3.247,2.14,3.576,3.925,3.448
932,站_7029,蔚来换电站(肥东服务区台北方向),肥东县,肥东服务区内,117.455244,31.857786,汽车服务;换电站;换电站,,新能源汽车充电桩,2026/1/27 20:41,4.4,19,3.398,3.314,3.17,3.931,3.593,3.158,2.76,3.592
933,站_1632,易佳电汽车充电站(易佳电蓝鲤数源充电站),肥东县,店埠镇浮槎山路,117.476576,31.880056,汽车服务;充电站;充电站,0551-62100112,新能源汽车充电桩,2026/1/27 20:41,4,7,3.455,4.042,2.896,3.861,3.188,2.849,2.562,3.695
934,站_7719,易佳电汽车充电站(易佳电蓝鲤琪瑞贵宾楼充电站),肥东县,龙泉路与桂王路交叉口琪瑞贵宾楼停车场,117.4431,31.8768,汽车服务;充电站;充电站,0551-62100112,新能源汽车充电桩,2026/1/27 20:41,4.1,18,3.554,4.379,3.27,3.52,2.821,3.847,3.352,3.359
935,站_4595,安徽交控肥东服务区电动汽车充电站(上海方向),肥东县,合宁高速38公里处,117.455332,31.854887,汽车服务;充电站;充电站,0551-63738418,新能源汽车充电桩,2026/1/27 20:41,3.9,13,2.843,3.878,3.321,3.393,2.525,3.511,3.367,2.851
936,站_1410,特来电汽车充电站(永快充超充站),肥东县,店埠镇古河路,117.41768,31.886156,汽车服务;充电站;充电站,4001300001,新能源汽车充电桩,2026/1/27 20:41,4,16,2.543,4.304,3.587,3.414,2.313,3.418,3.712,3.441
937,站_4993,皋源泛能肥东安燃充电站,肥东县,安燃燃气龙塘综合站,117.442613,31.826512,汽车服务;充电站;充电站,,新能源汽车充电桩,2026/1/27 20:41,4,5,2.581,4.346,2.556,3.848,2.037,3.78,3.451,3.522
938,站_3133,易佳电汽车充电站(易佳电沁园春大酒店充电站),肥东县,白龙镇S324辅路沁园春大酒店门口,117.451,32.1051,汽车服务;充电站;充电站,0551-62100112,新能源汽车充电桩,2026/1/27 20:41,4.4,17,2.813,4.299,2.965,3.94,2.837,3.837,3.009,3.557
939,站_5383,蔚来换电站(肥东服务区北京方向),肥东县,肥东服务区南侧,117.454342,31.853514,汽车服务;换电站;换电站,,新能源汽车充电桩,2026/1/27 20:41,4.5,20,2.952,3.298,2.792,3.21,2.195,3.847,3.716,3.17
940,站_4172,蔚来换电站文集服务区(西安方向),肥东县,G40沪陕高速与文集服务区交叉口西320米,117.719638,31.960399,生活服务;生活服务场所;生活服务场所,,新能源汽车充电桩,2026/1/27 20:41,4.4,25,3.844,4.184,2.52,3.606,2.114,3.069,3.752,3.137
941,站_6760,特来电目的地充电站(炯长路山口凌停车场充电站),肥东县,长临河镇山口凌自然村山口凌地面停车场,117.53615,31.670021,汽车服务;充电站;充电站,4001300001,新能源汽车充电桩,2026/1/27 20:41,3.5,19,3.617,3.969,2.808,3.093,3.129,3.184,3.359,3.939
942,站_2945,汽车充电站(八斗服务区),肥东县,八斗服务区南侧,117.629612,32.134575,汽车服务;充电站;充电站,,新能源汽车充电桩,2026/1/27 20:41,3.5,12,2.953,3.619,2.735,3.851,2.299,3.813,4.027,3.626
943,站_3426,星星充电汽车充电站(星星充电-蓝速电龙誉城充电站),肥东县,地面停车场,117.398268,31.858241,汽车服务;充电站;充电站,13866666587,新能源汽车充电桩,2026/1/27 20:41,4,7,2.688,4.254,3.026,2.917,2.889,2.906,2.577,3.416
944,站_5714,合肥充电龙泉西路汽车充电站,肥东县,景明巷与龙泉路交叉口西北160米,117.450085,31.879175,汽车服务;充电站;充电站,,新能源汽车充电桩,2026/1/27 20:41,3.7,14,3.877,3.754,2.928,3.37,2.867,2.845,2.933,3.259
945,站_3480,云快充汽车充电站(合肥庐充元疃镇福临充电站),肥东县,元疃镇福临建筑停车场,117.37487,32.053233,汽车服务;充电站;充电站,4008288517,新能源汽车充电桩,2026/1/27 20:41,3.6,28,3.641,3.614,3.531,2.889,3.184,3.36,3.682,2.91
946,站_2381,极氪能源超级充电站(合肥肥东禹悦汇极充站),肥东县,长江东路与合店路交叉口禹悦汇地下停车场负一层A区100-104号车位,117.43759,31.875034,汽车服务;充电站;充电站,4000036036,新能源汽车充电桩,2026/1/27 20:41,4.1,13,3.815,4.38,3.855,3.258,3.45,3.636,3.709,3.892
947,站_6795,新电途汽车充电站(零碳充电站|肥东杨店站),肥东县,杨店乡大李社区岭秀苑村口停车场,117.588537,32.102261,汽车服务;充电站;充电站,4001100835,新能源汽车充电桩,2026/1/27 20:41,3.8,19,3.098,4.363,3.554,2.958,3.764,3.72,2.619,3.649
948,站_4675,智慧城市梁园镇超充站(华为液冷超充),肥东县,梁古大街63号,117.558406,32.007028,汽车服务;充电站;充电站,,新能源汽车充电桩,2026/1/27 20:41,3.4,27,3.009,3.507,2.81,3.824,3.002,3.644,2.82,3.206
949,站_7590,充电桩,肥东县,店埠镇白马山路以东与相西河路交口东北侧孔雀城四季澜湾,117.457295,31.905796,生活服务;生活服务场所;生活服务场所,18119999879,新能源汽车充电桩,2026/1/27 20:41,3.9,8,3.582,3.568,3.639,3.485,2.868,2.865,3.685,3.288
950,站_9624,特来电汽车充电站(科逸裕隆大市场超充站),肥东县,撮镇镇东华大道裕隆物流园地面停车场,117.440844,31.825527,汽车服务;充电站;充电站,15855170918,新能源汽车充电桩,2026/1/27 20:41,3.3,15,3.436,4.281,3.399,3,2.938,2.841,3.387,3.57
951,站_9155,理想超级充电站(理想5C超充站沪陕高速文集服务区上海方向),肥东县,文集服务区,117.71801,31.95765,汽车服务;充电站;充电站,4006860400,新能源汽车充电桩,2026/1/27 20:41,4.1,21,3.912,3.53,2.536,3.949,3.207,2.84,2.852,3.675
952,站_6296,蔚来能源汽车充电站(上海方向G40沪陕高速文集服务区),肥东县,326省道与岘山路交叉口东北240米,117.71647,31.957634,汽车服务;充电站;充电站,,新能源汽车充电桩,2026/1/27 20:41,4.5,25,2.755,3.699,2.89,3.956,3.03,3.104,3.891,3.012
953,站_8384,特来电汽车充电站(东隆港口重卡充电站),肥东县,撮镇镇安徽东隆新型建材有限公司(南门进入),117.43252,31.774315,汽车服务;充电站;充电站,18756068888,新能源汽车充电桩,2026/1/27 20:41,3.4,8,3.116,3.975,2.593,2.884,2.118,2.937,3.645,2.805
954,站_4645,星星充电汽车充电站(梁园充电站二站),肥东县,梁园镇329国道合肥市铭杰建筑工程有限公司,117.52475,31.952944,汽车服务;充电站;充电站,,新能源汽车充电桩,2026/1/27 20:41,3.9,22,3.132,3.916,2.903,3.359,3.485,3.629,3.363,3.637
955,站_7230,特来电目的地充电站(山口凌白马营地充电站),肥东县,长临河镇凌家客栈,117.536575,31.672037,汽车服务;充电站;充电站,4001300001,新能源汽车充电桩,2026/1/27 20:41,4.6,15,2.826,4.232,3.729,3.096,3.398,3.923,2.856,3.791
956,站_1242,安徽交控肥东服务区电动汽车充电站(陕西方向),肥东县,合宁高速38公里处,117.4551,31.856142,汽车服务;充电站;充电站,0551-63738418,新能源汽车充电桩,2026/1/27 20:41,3.5,13,3.671,4.266,3.438,3.277,2.856,2.852,2.551,3.619
957,站_9975,驴充充汽车充电站(黄山村民委员会),肥东县,古城镇S211黄山村民委员会,117.742201,32.085603,汽车服务;充电站;充电站,13956297227,新能源汽车充电桩,2026/1/27 20:41,3.6,26,3.79,3.571,3.63,3.34,2.957,2.895,4.139,3.991
958,站_5655,特来电汽车充电站(特来电徽商云创充电站),肥东县,长江东路辅路徽商云创园区内地面停车场,117.41939,31.871353,汽车服务;充电站;充电站,,新能源汽车充电桩,2026/1/27 20:41,3.4,20,2.846,3.87,3.133,3.503,3.357,3.953,3.238,2.935
959,站_1920,元疃镇阳光花园充电站,肥东县,元疃镇阳光花园小区充电站,117.380765,32.064958,汽车服务;充电站;充电站,,新能源汽车充电桩,2026/1/27 20:41,3.5,16,3.837,4.363,3.137,3.812,3.489,3.65,2.947,3.728
960,站_3005,安徽深燃超充站,肥东县,深燃大厦停车场,117.475502,31.843881,汽车服务;充电站;充电站,,新能源汽车充电桩,2026/1/27 20:41,3.6,7,2.781,3.5,3.393,3.416,2.216,2.81,3.796,3.571
961,站_5634,汽车充电站(八斗服务区),肥东县,G9912合肥都市圈环线与八斗服务区交叉口西460米,117.629591,32.137892,汽车服务;充电站;充电站,,新能源汽车充电桩,2026/1/27 20:41,4.2,24,3.695,3.816,2.814,3.347,2.754,3.814,2.74,3.589
962,站_2247,肥东县城南公园汽车充电站,肥东县,新安江路城南公园(西侧),117.45711,31.86595,汽车服务;充电站;充电站,,新能源汽车充电桩,2026/1/27 20:41,3.6,24,2.914,4.244,2.617,3.252,2.611,3.903,3.663,3.259
963,站_4562,驴充充汽车充电站(白龙充电站),肥东县,陈东东北146米白龙镇汽车快速充电站,117.405773,32.163664,汽车服务;充电站;充电站,0797-966999,新能源汽车充电桩,2026/1/27 20:41,3.3,28,3.984,4.266,3.919,2.974,3.621,3.507,3.37,3.967
964,站_6968,小桔充电汽车充电站(合肥市双杰电气肥东充电站),肥东县,中国海油皖能LNG加气站(暂停营业),117.507131,31.780863,汽车服务;充电站;充电站,4000610999,新能源汽车充电桩,2026/1/27 20:41,3.3,22,3.352,3.663,2.694,3.429,2.181,2.97,3.498,3.392
965,站_7223,国家电网汽车充电站(安徽省合肥市肥东县古城供电所有序交流充电站),肥东县,杨塘社区杨塘变电所北侧供电所外,117.78479,32.1109,汽车服务;充电站;充电站,96529,新能源汽车充电桩,2026/1/27 20:41,4.2,24,2.581,4.085,3.106,3.025,2.066,3.372,2.632,3.933
966,站_4603,蔚来能源汽车充电站(西安方向G40沪陕高速文集服务区),肥东县,文集服务区北(G40北),117.71941,31.96048,汽车服务;充电站;充电站,,新能源汽车充电桩,2026/1/27 20:41,4,22,3.63,4.496,3.392,3.86,3.088,3.848,3.404,3.478
967,站_5544,国家电网汽车充电站(沪陕高速文集服务区充电站西安方向2),肥东县,沪陕高速文集服务区西安方向,117.71723,31.959103,汽车服务;充电站;充电站,96529,新能源汽车充电桩,2026/1/27 20:41,3.7,22,2.597,3.909,2.935,3.527,3.137,3.347,4,3.967
968,站_6193,特来电汽车充电站(电闪雷鸣快充站),肥东县,蜀峰汇商务宾馆北门东北60米,117.48386,31.886597,汽车服务;充电站;充电站,4001300001,新能源汽车充电桩,2026/1/27 20:41,4.2,19,2.824,3.599,3.172,3.849,2.631,3.003,3.671,3.112
969,站_7064,国家电网汽车充电站(沪陕高速文集服务区充电站上海方向2),肥东县,沪陕高速文集服务区上海方向,117.71705,31.958195,汽车服务;充电站;充电站,96529,新能源汽车充电桩,2026/1/27 20:41,4.3,5,2.894,3.539,3.458,3.802,2.229,3.601,3.901,3.21
970,站_2717,蔚来换电站(文集服务区上海方向),肥东县,326省道与岘山路交叉口东北420米,117.718876,31.957889,汽车服务;充电站;充电站,,新能源汽车充电桩,2026/1/27 20:41,4.6,9,3.674,4.207,3.641,3.447,2.07,3.112,4.055,3.608
971,站_2529,宁充充汽车充电站(龙誉城三期),肥东县,新安江路龙湖·龙誉城,117.399925,31.858002,汽车服务;充电站;充电站,4006568997,新能源汽车充电桩,2026/1/27 20:41,4,9,3.603,3.913,3.369,3.232,2.829,3.101,4.077,2.922
972,站_7425,云快充汽车充电站(白龙充电站),肥东县,农商银行(白龙支行)西北侧约80米,117.426674,32.145985,汽车服务;充电站;充电站,4008288517,新能源汽车充电桩,2026/1/27 20:41,3.6,28,3.682,3.668,2.805,3.587,2.494,3.41,3.239,3.198
973,站_5221,力氪汽车充电站(合肥天高码头充电站),肥东县,安徽省合肥市肥东县撮镇镇东华路合肥市宏越混凝土有限公司西侧安徽天高港口有限公司,117.43456,31.770747,汽车服务;充电站;充电站,,新能源汽车充电桩,2026/1/27 20:41,4.1,15,3.295,3.601,2.531,3.029,2.705,3.49,4.01,3.511
974,站_5722,星星充电汽车充电站(星星充电-蔚蓝华盛广场充电站),肥东县,撮镇镇华盛大运城徽状元贵宾楼(大运城店)地面停车场,117.415258,31.831663,汽车服务;充电站;充电站,4008280768,新能源汽车充电桩,2026/1/27 20:41,3.4,12,3.527,4.168,3.769,3.239,3.365,3.484,2.661,3.818
975,站_7204,开迈斯汽车充电站(合肥市长临河古镇站),肥东县,长临河镇人民政府司法局后停车场,117.46188,31.690853,汽车服务;充电站;充电站,4006657666,新能源汽车充电桩,2026/1/27 20:41,3.5,8,3.252,3.968,3.608,3.466,2.203,3.087,3.258,3.639
976,站_8843,特来电汽车充电站(特来电合肥传化公路港充电站),肥东县,地面停车场,117.438981,31.815095,汽车服务;充电站;充电站,4001300001,新能源汽车充电桩,2026/1/27 20:41,3.7,28,3.054,3.688,3.265,3.432,2.521,3.266,2.71,3.075
977,站_1748,汽车充电站(昆仑网电桂王路右岸公园站),肥东县,右岸公园停车场,117.444662,31.898852,汽车服务;充电站;充电站,,新能源汽车充电桩,2026/1/27 20:41,3.8,24,2.811,4.048,3.754,3.626,3.5,2.925,2.624,3.89
978,站_7952,星星充电汽车充电站(肥东县铁头集中式快速充电站),肥东县,白龙镇合肥市农翔粮食贸易有限公司,117.441536,32.09682,汽车服务;充电站;充电站,18119690288,新能源汽车充电桩,2026/1/27 20:41,4.3,8,3.888,3.883,2.866,3.458,2.079,3.222,2.838,3.126
979,站_5918,小桔充电汽车充电站(肥东天高港口重卡超充站),肥东县,撮镇镇东华路安徽天高港口有限公司东华路与纬四路交口向东100m,117.435692,31.772667,汽车服务;充电站;充电站,4000610999,新能源汽车充电桩,2026/1/27 20:41,3.4,15,2.81,4.046,2.573,3.869,2.16,2.871,2.993,3.951
980,站_1431,国家电网汽车充电站(安徽省合肥市肥东县桥头集电力便民服务点有序交流充电站),肥东县,桥头集镇国光社区停车场,117.537926,31.729713,汽车服务;充电站;充电站,96529,新能源汽车充电桩,2026/1/27 20:41,4.4,7,2.556,4.424,3.364,3.469,2.633,3.965,3.216,3.764
981,站_6484,达克云汽车充电站(费加罗婚礼艺术中心充电站),肥东县,包公大道与镇西路交叉口东140米,117.435721,31.892271,汽车服务;充电站;充电站,,新能源汽车充电桩,2026/1/27 20:41,3.6,9,3.404,4.272,4.5,3.149,2.45,2.838,3.464,4.34
982,站_9772,汽车充电站(吉瓦充电响导站),肥东县,响导大街x028号,117.613891,32.213653,汽车服务;充电站;充电站,,新能源汽车充电桩,2026/1/27 20:41,4.2,26,3.902,4.222,2.845,3.989,2.324,3.75,2.72,3.561
983,站_8444,蔚景云汽车充电站(龙塘廉租房共享充电站),肥东县,撮镇镇商业街肥东县撮镇镇中心卫生院龙塘分院,117.42109,31.835983,汽车服务;充电站;充电站,4006803880,新能源汽车充电桩,2026/1/27 20:41,3.9,7,3.051,3.04,2.507,3.384,3.295,3.399,3.459,3.003
984,站_3955,星星充电汽车充电站(星星充电合肥市永威机械设备有限公司),肥东县,肥东新城开发区祥和路合肥永威机械有限公司门口地面停车场,117.431,31.862036,汽车服务;充电站;充电站,15155954210,新能源汽车充电桩,2026/1/27 20:41,4.4,17,3.551,3.381,3.572,3.934,3.446,3.884,3.31,3.189
985,站_8878,双杰合肥肥东充换电站,肥东县,龙兴大道18号,117.507413,31.780747,汽车服务;汽车服务相关;汽车服务相关,,新能源汽车充电桩,2026/1/27 20:41,4.3,20,3.884,3.96,2.539,3.062,2.427,2.936,2.582,2.992
986,站_8148,星星充电汽车充电站(星星充电-远洋星悦花园充电站),肥东县,远洋星悦北门,117.45449,31.8942,汽车服务;充电站;充电站,13721098069,新能源汽车充电桩,2026/1/27 20:41,4.3,28,3.012,3.731,3.173,3.668,2.392,3.035,3.407,2.897
987,站_7581,汽车充电站(星星充电),肥东县,古河路与镇西路交叉口西北40米,117.434212,31.887362,汽车服务;充电站;充电站,,新能源汽车充电桩,2026/1/27 20:41,3.2,17,2.918,3.591,3.681,3.374,3.4,3.931,2.88,3.537
988,站_7628,能效邻里共享汽车充电站(御景花园北区30KW直流快充),肥东县,"御景花园北区东门进入后右拐,往前走到头左拐后右手边就是54栋过了单元门后右手边墙上有红色铁楼梯,充电桩就在楼梯口",117.4495,31.8833,汽车服务;充电站;充电站,17505518397,新能源汽车充电桩,2026/1/27 20:41,4.3,26,3.865,4.085,2.986,3.494,2.29,3.365,3.268,3.489
989,站_7653,蔚来超充站(总行营业部肥东农商银行店),肥东县,肥东新城开发区肥东农商银行(新总行),117.431365,31.87347,购物服务;便民商店/便利店;便民商店/便利店,,新能源汽车充电桩,2026/1/27 20:41,4.5,19,3.945,3.048,2.8,2.874,2.984,3.936,3.778,3.478
990,站_9926,驴充充汽车充电站(八斗镇小普小学),肥东县,八斗镇小普村八斗镇小普小学,117.607522,32.171356,汽车服务;充电站;充电站,19805656235,新能源汽车充电桩,2026/1/27 20:41,3.4,18,3.46,3.693,3.08,3.013,2.994,2.96,3.238,3.97
991,站_3197,云快充汽车充电站(云快充汽车充电站长王站),肥东县,长王社区,117.440704,32.100723,汽车服务;充电站;充电站,4008288517,新能源汽车充电桩,2026/1/27 20:41,4.3,17,3.118,3.786,2.579,3.41,2.101,3.237,3.623,3.353
992,站_4569,毅威充电站(毅威电动禹州广场充电站),肥东县,长江东路26号,117.437669,31.875022,汽车服务;充电站;充电站,,新能源汽车充电桩,2026/1/27 20:41,4,15,3.42,4.495,3.287,3.365,3.597,3.451,3.571,3.764
993,站_3064,能效邻里共享汽车充电站(周集佳佳惠酒店充电站),肥东县,包公镇板桥社区周集街道,117.67707,31.97318,汽车服务;充电站;充电站,13966751780,新能源汽车充电桩,2026/1/27 20:41,4,24,3.781,3.661,3.489,2.923,2.829,3.807,2.846,3.134
994,站_6911,汽车充电站(公牛陈集镇小林站),肥东县,,117.737284,32.205797,汽车服务;充电站;充电站,17755115766,新能源汽车充电桩,2026/1/27 20:41,4.3,10,3.138,3.69,3.364,3.058,3.171,3.471,3.92,3.058
995,站_2408,国家电网汽车充电站(安徽省合肥市肥东县八斗供电所有序交流充电站),肥东县,八斗镇八斗社区供电所外,117.60534,32.148083,汽车服务;充电站;充电站,96529,新能源汽车充电桩,2026/1/27 20:41,4.1,5,3.226,3.658,3.117,3.773,2.803,2.823,4.081,3.116
996,站_1231,云快充汽车充电站(联家快充唐安路直流站),肥东县,撮镇镇大彭路合肥东方果品有限责任公司,117.40659,31.826307,汽车服务;充电站;充电站,4008288517,新能源汽车充电桩,2026/1/27 20:41,4.5,12,2.788,3.955,3.002,3.561,2.929,3.102,2.61,3.666
997,站_2649,云快充目的地充电站(合来电四方复合肥家属区),肥东县,桥头集合马路,117.57292,31.75327,汽车服务;充电站;充电站,4008288517,新能源汽车充电桩,2026/1/27 20:41,4.3,7,3.404,3.509,3.91,3.195,3.152,3.833,2.924,3.553
998,站_3405,星星充电汽车充电站(数源琪瑞贵宾楼充电站),肥东县,龙泉路与桂王路交叉口琪瑞贵宾楼地面停车场,117.442959,31.876739,汽车服务;充电站;充电站,13395657258,新能源汽车充电桩,2026/1/27 20:41,3.5,10,3.995,3.98,2.7,3.225,2.897,2.853,3.382,3.56
999,站_2549,特来电目的地充电站(福泽石塘镇开马村充电站),肥东县,石塘镇龙城家园,117.56796,31.906254,汽车服务;充电站;充电站,13866128969,新能源汽车充电桩,2026/1/27 20:41,3.7,16,3.873,4.019,2.784,2.823,2.267,3.778,3.147,3.088
1000,站_9581,国家电网汽车充电站(安徽省合肥市肥东县裕溪路中石化飞龙加油站充电站)(暂停营业),肥东县,撮镇镇中国石化飞龙加油站地面停车场,117.413216,31.831953,汽车服务;充电站;充电站,0551-63318110;96529,新能源汽车充电桩,2026/1/27 20:41,4.6,11,3.683,4.133,3.772,3.376,2.175,3.905,2.574,3.733
1001,站_6219,杨店充电站,肥东县,中大街10号,117.531802,32.123268,汽车服务;充电站;充电站,17333000892,新能源汽车充电桩,2026/1/27 20:41,3.4,8,2.622,3.571,3.709,2.899,2.713,2.862,3.748,3.717
1002,站_6421,国家电网汽车充电站(安徽省合肥市肥东县陈集供电所有序交流充电站),肥东县,陈集镇肖圩社区供电所外,117.72022,32.216064,汽车服务;充电站;充电站,96529,新能源汽车充电桩,2026/1/27 20:41,4.2,19,2.616,4.035,3.034,3.073,2.719,3.884,3.686,3.856
1003,站_1332,巧克力换电站(肥东浙商城站),肥东县,长江东路52号浙商城工业园,117.4307,31.832718,汽车服务;充电站;充电站,4000152025,新能源汽车充电桩,2026/1/27 20:41,3.3,19,2.892,4.39,3.265,3.952,2.865,3.59,2.681,3.002
1004,站_5592,肥东县沿河西路充电站,肥东县,包公大道与沿河西路交口向南300米,117.463425,31.889994,汽车服务;汽车服务相关;汽车服务相关,,新能源汽车充电桩,2026/1/27 20:41,3.3,29,3.857,4.175,3.226,3.587,3.387,3.445,3.263,3.934
1005,站_5901,汽车充电站(撮镇公交充电站),肥东县,裕溪路与撮镇路辅路交叉口西100米,117.481618,31.808574,汽车服务;充电站;充电站,,新能源汽车充电桩,2026/1/27 20:41,3.9,25,2.898,3.871,3.191,3.492,2.167,3.343,4.16,3.982
1006,站_2131,星星充电汽车充电站(鸿蒙智行尚界授权用户中心·合肥裕溪路超充站),肥东县,撮镇镇东华大道合肥众国融界汽车销售服务有限公司,117.444496,31.822527,汽车服务;充电站;充电站,15256028780,新能源汽车充电桩,2026/1/27 20:41,3.3,20,3.923,4.431,4.5,3.386,3.733,3.144,3.692,3.851
1007,站_2894,能效邻里共享汽车充电站(22KW都荟大观1期2栋),肥东县,都荟大观1期2栋地下室,117.44594,31.893925,汽车服务;充电站;充电站,19965193828,新能源汽车充电桩,2026/1/27 20:41,4.4,13,2.559,3.981,3.294,3.12,2.656,3.625,3.032,3.66
1008,站_3589,驴充充汽车充电站(红绿灯路口东100米),肥东县,白龙镇030乡道与101省道交叉口东80米,117.459601,32.200494,汽车服务;充电站;充电站,4009155388,新能源汽车充电桩,2026/1/27 20:41,4,17,2.735,4.3,3.715,3.673,3.295,3.025,3.702,2.926
1009,站_5506,合肥市肥东县和睦湖蔚然路停车场汽车充电站,肥东县,蔚然路东侧,117.480001,31.853415,汽车服务;充电站;充电站,,新能源汽车充电桩,2026/1/27 20:41,4.2,25,3.158,3.901,2.716,3.226,2.758,3.934,3.519,3.262
1010,站_9538,云快充汽车充电站(普洛斯合肥肥东物流园充电站),肥东县,东华路与新华路交叉口东北150米地面停车场,117.445889,31.815623,汽车服务;充电站;充电站,4008288517,新能源汽车充电桩,2026/1/27 20:41,4.3,18,2.987,4.297,2.67,2.861,3.749,3.724,2.805,3.501
1011,站_9845,汽车充电站(毅威电动鸿汇广场充电站),肥东县,裕溪路与共青路交叉口东南角地下车库(负一),117.431317,31.828054,汽车服务;充电站;充电站,4008806700,新能源汽车充电桩,2026/1/27 20:41,4.1,6,2.746,4.093,3.743,2.939,2.058,3.939,2.997,2.857
1012,站_5865,云快充汽车充电站(云快充汽车充电站青龙甸),肥东县,白龙镇青龙甸生态园,117.377655,32.18466,汽车服务;充电站;充电站,4008288517,新能源汽车充电桩,2026/1/27 20:41,4.4,28,3.191,4.305,3.356,3.951,3.627,2.886,2.797,3.551
1013,站_5326,皖小能电动汽车换电站(龙塘站),肥东县,裕溪路832号,117.435683,31.826995,汽车服务;汽车服务相关;汽车服务相关,,新能源汽车充电桩,2026/1/27 20:41,4.5,13,3.127,4.148,2.778,3.479,3.118,3.944,3.911,3.143
1014,站_9897,星星充电汽车充电站(已下线龙塘浙商城北门超充站),肥东县,浙商城地面停车场,117.430652,31.832819,汽车服务;充电站;充电站,17856517312,新能源汽车充电桩,2026/1/27 20:41,3.5,27,3.47,4.318,2.71,3.036,2.322,2.822,4.189,3.196
1015,站_3675,中国铁塔汽车充电站(安徽合肥贵王小区充电站),肥东县,停车场(贵王小区南),117.44412,31.88212,汽车服务;充电站;充电站,10096,新能源汽车充电桩,2026/1/27 20:41,4.1,25,2.741,3.566,3.481,3.478,2.585,3.601,3.018,2.886
1016,站_6607,科逸超充站,肥东县,裕隆车管所车管业务大厅西侧140米,117.440599,31.825485,汽车服务;汽车服务相关;汽车服务相关,,新能源汽车充电桩,2026/1/27 20:41,3.6,6,2.839,4.245,2.693,3.392,2.702,3.025,3.233,3.379
1017,站_1852,汽车充电站(东隆港口重卡充电站),肥东县,安徽东隆新型建材有限公司内转弯处,117.431259,31.773701,汽车服务;充电站;充电站,,新能源汽车充电桩,2026/1/27 20:41,4.1,21,3.634,4.393,3.626,2.883,2.36,3.014,2.908,3.487
1018,站_6323,特来电目的地充电站(电闪雷鸣慢充桩),肥东县,人民路与团结大道交口西北角电闪雷鸣充电站(车辆不限高),117.483795,31.886633,汽车服务;充电站;充电站,4001300001,新能源汽车充电桩,2026/1/27 20:41,3.3,15,2.56,4.352,2.791,3.315,2.552,3.631,3.911,3.374
1019,站_8587,蔚来能源目的地充电站(内部使用合肥理工学校),肥东县,双桥村331省道与站南路交叉口东北,117.50471,31.865755,汽车服务;充电站;充电站,,新能源汽车充电桩,2026/1/27 20:41,4.4,20,3.284,3.506,2.616,3.117,2.187,2.927,2.854,3.167
1020,站_9729,展宏为民学校超充站,肥东县,肥东为民学校南门旁,117.447581,31.8932,汽车服务;充电站;充电站,,新能源汽车充电桩,2026/1/27 20:41,4.1,5,2.874,2.972,3.993,3.558,3.755,3.775,2.988,3.925
1021,站_8083,能效邻里共享汽车充电站(琥珀庄园地下车库B区510车位),肥东县,蔚然路与站南路交叉口南120米,117.47882,31.85382,汽车服务;充电站;充电站,15395129920,新能源汽车充电桩,2026/1/27 20:41,3.4,13,3.567,3.666,2.987,3.491,2.204,2.946,2.915,2.867
1022,站_4114,云快充汽车充电站(安徽奥丰充电站),肥东县,白龙镇同心社区合白路南100米,117.4297,32.092384,汽车服务;充电站;充电站,4008288517,新能源汽车充电桩,2026/1/27 20:41,3.5,27,2.542,4.117,3.486,3.829,2.101,3.143,3.184,3.563
1023,站_7744,闪烁充电白龙龙兴街充电站,肥东县,元疃大街006县,117.425177,32.147306,汽车服务;充电站;充电站,,新能源汽车充电桩,2026/1/27 20:41,4.2,16,3.043,4.121,2.941,3.356,3.071,2.897,3.184,3.111
1024,站_6763,小朗充电汽车充电站(新安小区西区充电站),肥东县,"撮镇镇燎原大道新安小区大门南侧,户外停车场",117.43323,31.821165,汽车服务;充电站;充电站,,新能源汽车充电桩,2026/1/27 20:41,3.6,19,3.052,3.729,3.026,3.42,3.234,3.212,3.028,3.809
1025,站_9051,蔚来能源目的地充电站(内部使用合肥乐锦记食品),肥东县,龙城路与四号路交叉路口往东约70米,117.4546,31.85982,汽车服务;充电站;充电站,,新能源汽车充电桩,2026/1/27 20:41,4.3,12,2.921,3.823,3.031,3.643,3.089,2.859,2.702,2.886
1026,站_8135,特来电目的地充电站(白马社区充电站),肥东县,长临河镇白马社区村委会,117.515236,31.672297,汽车服务;充电站;充电站,4001300001,新能源汽车充电桩,2026/1/27 20:41,3.4,11,2.982,4.069,3.09,2.916,2.021,3.938,3.515,3.909
1027,站_3629,小朗充电汽车充电站(肥东县帝景湾共享充电站),肥东县,店埠镇利蔓国际大酒店(和睦湖店)鑫源·帝景湾(15栋3单元后面),117.49272,31.85565,汽车服务;充电站;充电站,4008806700,新能源汽车充电桩,2026/1/27 20:41,3.3,26,3.281,3.568,2.715,3.246,3.217,2.954,3.944,3.475
1028,站_6063,依威能源汽车充电站(光大新村),肥东县,包公大道与席祠路交叉口东南150米光大新村,117.453414,31.890643,汽车服务;充电站;充电站,4001800910,新能源汽车充电桩,2026/1/27 20:41,3.4,17,3.429,4.439,3.57,3.574,2.044,2.948,2.78,3.065
1029,站_9383,阳光充电汽车充电站(陌上智能充电站),肥东县,撮镇镇瑶岗路南侧,117.42806,31.847645,汽车服务;充电站;充电站,13966776704,新能源汽车充电桩,2026/1/27 20:41,3.7,24,3.841,4.468,3.506,3.216,2.758,3.665,2.868,3.847
1030,站_6624,乐来电汽车充电站(小豹充充合肥吾悦华府A区),肥东县,吾悦华府A区地下车库,117.45949,31.870949,汽车服务;充电站;充电站,4008973688,新能源汽车充电桩,2026/1/27 20:41,4.2,29,3.773,3.531,3.849,3.278,3.09,2.952,3.027,3.148
1031,站_6388,蔚景云汽车充电站(盛世新城充电站西),肥东县,撮镇镇肥东尚真中学(东南1门)盛世新城,117.48237,31.822056,汽车服务;充电站;充电站,4006803880,新能源汽车充电桩,2026/1/27 20:41,3.9,22,3.534,3.759,2.709,2.859,2.989,3.687,4.017,3.32
1032,站_7504,泓际酒店充电站,肥东县,桥头集路辅路与裕溪路高架桥出口交叉口东120米,117.458756,31.824669,汽车服务;充电站;充电站,,新能源汽车充电桩,2026/1/27 20:41,4.1,23,3.201,3.532,3.861,3.233,3.358,3.332,2.71,3.823
1033,站_2455,驴充充汽车充电站(杨店乡东红社区党群服务中心),肥东县,范同路北50米中共路塘村支部委员会附近杨店乡东红社区党群服务中心,117.55337,32.13605,汽车服务;充电站;充电站,18756963041,新能源汽车充电桩,2026/1/27 20:41,3.2,10,3.158,4.485,4.098,3.954,3.092,3.86,3.433,3.919
1034,站_2096,汽车充电站(慧鹏充换电站肥东传化站),肥东县,裕溪路831号,117.439978,31.814878,汽车服务;充电站;充电站,18297963646,新能源汽车充电桩,2026/1/27 20:41,4.4,24,2.68,4.043,3.016,3.815,2.684,3.937,2.887,3.789
1035,站_3099,小朗充电汽车充电站(肥东县鸿汇广场共享充电站),肥东县,裕溪路与共青路交叉口东南角(负一),117.43156,31.827606,汽车服务;充电站;充电站,4008806700,新能源汽车充电桩,2026/1/27 20:41,3.5,17,3.38,4.078,3.144,3.992,2.461,2.947,4.035,3.631
1036,站_1602,全域充电汽车充电站,肥东县,三河社区村民委员会停车场?,117.480355,32.191374,汽车服务;充电站;充电站,,新能源汽车充电桩,2026/1/27 20:41,4.3,13,3.32,3.844,3.312,3.838,2.416,3.335,3.623,2.992
1037,站_697,特来电汽车充电站(恒兴超充站),肥东县,东风大道辅路与新世界路交叉口南80米,117.423036,31.842022,汽车服务;充电站;充电站,15055190980,新能源汽车充电桩,2026/1/27 20:41,4.25,14,4.242,2.5,2.5,2.5,3.233,2.614,2.5,2.5
1038,站_4102,京联充电桩(临湖北苑充电站),肥东县,新大街16号,117.471263,31.693199,汽车服务;充电站;充电站,,新能源汽车充电桩,2026/1/27 20:41,3.9,24,3.585,3.667,3.065,3.272,2.055,3.389,3.674,3.383
1039,站_2518,云快充目的地充电站(费加罗婚礼艺术中心慢充站),肥东县,包公大道与镇西交口东北角,117.435265,31.892117,汽车服务;充电站;充电站,4008288517,快充桩,2026/1/27 20:41,4.1,18,3.21,4.019,3.797,3.187,3.482,2.935,3.363,3.98
1040,站_1524,福贵数源充电站,肥东县,龙泉路与桂王路交叉口琪瑞贵宾楼地面停车场,117.442799,31.876934,汽车服务;充电站;充电站,,快充桩,2026/1/27 20:41,3.7,9,3.823,3.706,3.774,3.276,3.188,3.157,2.636,3.428
1041,站_3996,汽车充电站(星星充电·琥珀名郡香颂里充电站),肥东县,店埠镇琥珀名郡香颂里(北门),117.469871,31.847443,汽车服务;充电站;充电站,13721098069,星星充电,2026/1/27 20:41,3.9,14,3.092,3.562,2.989,3.06,3.61,3.421,2.912,3.382
1042,站_5747,星星充电汽车充电站(合肥万科红郡一期),肥东县,临泉东路与燎原路交口万科红郡一期地下停车场B区1831,117.436224,31.880961,汽车服务;充电站;充电站,4008280768,星星充电,2026/1/27 20:41,3.4,22,2.883,3.908,3.264,2.855,3.515,2.841,3.435,3.751
1043,站_1957,星星充电汽车充电站(华盛大运城2期2地库充电桩),肥东县,裕溪路与东风大道交口2期地下停车场1660,117.414951,31.831846,汽车服务;充电站;充电站,,星星充电,2026/1/27 20:41,4.2,26,3.276,3.813,3.404,2.859,3.32,3.111,2.932,3.606
1044,站_5743,星星充电汽车充电站(星星充电-琥珀名郡香悦里站),肥东县,店埠镇琥珀名郡香悦里(北门),117.471016,31.851719,汽车服务;充电站;充电站,13721098069,星星充电,2026/1/27 20:41,3.7,11,2.962,4.328,3.035,3.969,2.659,3.227,2.959,2.863
1045,站_1554,星星充电汽车充电站(星星充电-琥珀名郡二期充电站),肥东县,店埠镇日出路琥珀名郡香榭里,117.47039,31.849436,汽车服务;充电站;充电站,13721098069,星星充电,2026/1/27 20:41,3.5,9,3.648,4.316,3.046,3.877,2.682,3.504,3.867,3.091
1046,站_9741,星星充电汽车充电站(星星充电-远洋庐玥风景充电站),肥东县,撮镇镇翠微亭路远洋庐玥风景,117.45083,31.824928,汽车服务;充电站;充电站,13705593424,星星充电,2026/1/27 20:41,3.4,12,3.985,3.763,2.903,3.862,3.377,3.271,2.533,2.858
1047,站_132,云快充汽车充电站(肥东县元疃镇阳光花园充电站),肥东县,南湾路与新蚌埠路辅路交叉口东80米,117.380469,32.065129,汽车服务;充电站;充电站,,云快充充电站,2026/1/27 20:41,1.375,8,1.342,3.052,2.5,1.864,2.5,1.534,2.5,2.5
1048,站_4496,云快充汽车充电站(合肥市肥东县元疃镇新能源充电站),肥东县,元疃镇汪郢村党群服务中心东侧,117.41394,32.07751,汽车服务;充电站;充电站,4008288517,云快充充电站,2026/1/27 20:41,4.1,29,2.805,3.703,3.387,3.608,3.121,3.371,3.081,3.478
1049,站_1554,云快充目的地充电站(肥东古井君莱酒店慢充站)(暂停营业),肥东县,包公大道与龙脊山路交口明天大厦,117.422295,31.892365,汽车服务;充电站;个人充电站,4008288517,云快充充电站,2026/1/27 20:41,4.5,11,2.915,4.44,3.455,2.81,3.602,3.864,2.903,3.198
1050,站_7019,云快充目的地充电站(皋源泛能岭秀苑交流充电站),肥东县,岭秀苑小区,117.58843,32.103645,汽车服务;充电站;充电站,4008288517,云快充充电站,2026/1/27 20:41,4.1,9,3.452,4.15,2.624,3.85,2.849,3.44,2.88,3.117
1051,站_1923,合肥浙商城汽车充电站,肥东县,浙商城21号与22号楼中间,117.428308,31.83302,汽车服务;充电站;充电站,,商场充电站,2026/1/27 20:41,3.9,7,3.583,4.27,2.812,3.179,2.653,3.492,2.833,3.209
1052,站_1634,义和家园北区汽车充电站,肥东县,义和商业街60号,117.479274,31.819005,汽车服务;充电站;充电站,,高速服务区充电桩,2026/1/27 20:41,4.2,21,2.815,3.737,2.995,3.382,2.246,3.735,3.019,3.076
1053,站_8198,京联充电桩(岱河花园二期B区充电站),肥东县,岱山湖路105号,117.487152,31.898929,汽车服务;充电站;充电站,,高速服务区充电桩,2026/1/27 20:41,3.5,9,3.418,4.442,3.032,3.582,3.48,3.062,3.035,3.519
1054,站_2610,京联充电桩(岱河花园一期B区充电站),肥东县,岱山湖路105号,117.487429,31.896941,汽车服务;充电站;充电站,,高速服务区充电桩,2026/1/27 20:41,3.7,16,3.737,4.005,3.744,3.885,3.515,3.804,3.068,2.908
1055,站_708,国家电网汽车充电站(安徽省合肥市经开区送变电工业园快充站),肥西县,送变电工业园地面停车场,117.213985,31.766316,汽车服务;充电站;充电站,0551-63318110;96529,新能源汽车充电桩,2026/1/27 20:41,4.395833333333333,24,4.627,3.686,2.5,3.44,3.178,2.5,2.5,2.5
1056,站_709,国家电网汽车充电站(安徽省合肥市肥西县迎江寺路桃花潭公园停车场充电站),肥西县,长古路与迎江寺路交叉口西南140米桃花潭公园停车场,117.144038,31.777751,汽车服务;充电站;充电站,96529,新能源汽车充电桩,2026/1/27 20:41,3.947368421052632,19,2.593,3.639,2.5,3.111,3.163,2.5,2.5,2.5
1057,站_710,中国石化汽车充电站(华南城充电站),肥西县,森林大道89号,117.083133,31.762649,汽车服务;充电站;充电站,95105888,新能源汽车充电桩,2026/1/27 20:41,2.5,9,2.5,2.084,2.5,2.5,1.649,2.5,2.5,2.5
1058,站_711,国家电网汽车充电站(安徽省合肥市肥西县翡翠路桥下停车场快充站),肥西县,翡翠路与江淮大道交叉口翡翠路桥下停车场,117.160995,31.735863,汽车服务;充电站;充电站,96529,新能源汽车充电桩,2026/1/27 20:41,3.6,20,3.352,2.987,2.5,2.5,2.5,2.5,2.5,2.5
1059,站_712,皖小能汽车充电站(汤口路与创新大道交口西北角停车场),肥西县,桃花镇汤口路(汤口路进入停车场右拐),117.129566,31.775018,汽车服务;充电站;充电站,13306727219,新能源汽车充电桩,2026/1/27 20:41,3.857142857142857,7,3.208,3.194,3.111,4.046,2.5,2.5,2.5,2.5
1060,站_713,中国石化汽车充电站(集贤路充电站),肥西县,中国石化集贤路加油站,117.194124,31.798177,汽车服务;充电站;充电站,95105888,新能源汽车充电桩,2026/1/27 20:41,4.636363636363637,11,4.237,2.904,2.5,2.5,2.5,2.5,2.5,2.5
1061,站_714,中国石化汽车充电站(繁华西路充电站),肥西县,繁华西路与八公山路交口西500米处南侧,117.1193,31.781622,汽车服务;充电站;充电站,95105888,新能源汽车充电桩,2026/1/27 20:41,3.8461538461538463,13,3.235,3.161,2.5,3.607,2.5,2.5,2.5,2.5
1062,站_715,星星充电汽车充电站(合肥亿力超级充电站),肥西县,亿力机械停车场,117.149746,31.699794,汽车服务;充电站;充电站,13810437866,新能源汽车充电桩,2026/1/27 20:41,2.8,10,2.5,2.479,2.5,2.5,2.5,2.5,2.5,2.5
1063,站_716,皖小能汽车充电站(铭传路停车场),肥西县,芙蓉路瑞泽源·一里洋房-三期东侧,117.19335,31.788336,汽车服务;充电站;充电站,18100509442,新能源汽车充电桩,2026/1/27 20:41,3.875,12,4.133,3.538,2.5,2.5,2.393,2.5,2.5,2.5
1064,站_717,皖小能汽车充电站(坤阳超充),肥西县,"合肥市高新区宁西路30号坤阳超充站特别说明本站不支持线上开票,如需开票请致电",117.156169,31.78955,汽车服务;充电站;充电站,18056095588,新能源汽车充电桩,2026/1/27 20:41,3.875,12,3.538,2.853,2.5,2.5,3.307,2.5,2.5,2.5
1065,站_718,中国石化汽车充电站(蓬莱路充电站),肥西县,双塔镇东申底村,117.193115,31.691379,汽车服务;充电站;充电站,95105888,新能源汽车充电桩,2026/1/27 20:41,3.772727272727273,11,3.676,3.232,2.5,2.5,3.624,2.5,2.5,2.5
1066,站_719,中国石化汽车充电站(大地充电站),肥西县,中国石化大地加油站,117.150327,31.712494,汽车服务;充电站;充电站,95105888,新能源汽车充电桩,2026/1/27 20:41,3.772727272727273,11,4.672,3.983,2.797,2.5,2.873,2.5,2.5,2.5
1067,站_6692,中国石化汽车充电站(新桥充电站),肥西县,中国石化新桥加油站,117.154706,31.732193,汽车服务;充电站;充电站,95105888,新能源汽车充电桩,2026/1/27 20:41,4.5,24,2.72,4.382,3.851,2.958,3.47,3.876,2.623,3.958
1068,站_720,国家电网汽车充电站(安徽省合肥市肥西县金寨南路金宇天地城停车场充电站),肥西县,停车场(金宇·天地城东北),117.17273,31.731524,汽车服务;充电站;充电站,96529,新能源汽车充电桩,2026/1/27 20:41,3.772727272727273,11,4.75,3.704,2.5,2.5,2.5,2.5,2.5,2.5
1069,站_8599,中国铁塔汽车充电站(安徽合肥华南城充电站),肥西县,华一路奥特莱斯地面停车场,117.092159,31.768429,汽车服务;充电站;充电站,10096,新能源汽车充电桩,2026/1/27 20:41,4,10,2.607,3.775,2.853,3.867,2.185,3.651,3.973,3.708
1070,站_2791,昆仑网电汽车充电站(中国石油合肥杭埠河大道充电站),肥西县,汤口路与华六路交叉口,117.107869,31.751726,汽车服务;充电站;充电站,95700,新能源汽车充电桩,2026/1/27 20:41,3.8,5,2.831,3.866,2.765,3.961,2.522,3.01,3.955,3.782
1071,站_4137,中国石化汽车充电站(三河充电站),肥西县,三河镇中国石化三河加油站,117.249435,31.516314,汽车服务;充电站;充电站,95105888,新能源汽车充电桩,2026/1/27 20:41,4.1,18,2.998,4.312,3.803,2.876,2.443,3.431,3.692,3.26
1072,站_2206,皖小能汽车充电站(金锦交口停车场),肥西县,桃花镇金寨南路辅路(东侧金寨路桥下停车场),117.208246,31.75963,汽车服务;充电站;充电站,18100509442,新能源汽车充电桩,2026/1/27 20:41,4,14,3.704,3.83,3.98,3.558,2.124,3.162,3.344,3.674
1073,站_8875,中国石化汽车充电站(七十埠充电站),肥西县,中国石化七十埠加油站,117.045395,31.61424,汽车服务;充电站;充电站,95105888,新能源汽车充电桩,2026/1/27 20:41,3.4,29,2.791,3.84,3.182,2.964,3.13,2.898,3.827,3.862
1074,站_7818,理想超级充电站(理想5C超充站京台高速丰乐服务区台北方向),肥西县,丰乐服务区,117.18418,31.594978,汽车服务;充电站;充电站,4006860400,新能源汽车充电桩,2026/1/27 20:41,3.6,18,3.35,3.639,3.506,2.921,3.052,3.181,4.165,3.723
1075,站_6402,国家电网汽车充电站(安徽省合肥市肥西县紫蓬山商业街快充站),肥西县,森林大道3号地面停车场,117.021269,31.7408,汽车服务;充电站;充电站,0551-63318110;96529,新能源汽车充电桩,2026/1/27 20:41,3.8,24,3.346,4.492,3.073,3.138,3.45,3.894,2.571,3.141
1076,站_2973,昆仑网电汽车充电站(中国石油合肥江淮大道充电站),肥西县,上派镇派河大道,117.150246,31.752457,汽车服务;充电站;充电站,95700,新能源汽车充电桩,2026/1/27 20:41,4,21,3.692,3.66,2.822,3.746,3.707,3.634,2.885,3.365
1077,站_5918,皖小能汽车充电站(上派镇青龙潭路桥下停车场快充),肥西县,上派镇青龙潭路桥下停车场,117.17998,31.722609,汽车服务;充电站;充电站,18100509442,新能源汽车充电桩,2026/1/27 20:41,3.7,5,3.053,3.575,3.825,3.691,2.153,2.944,3.815,3.579
1078,站_8849,中国石化汽车充电站(创新大道充电站),肥西县,中国石化创新加油站,117.13038,31.749355,汽车服务;充电站;充电站,95105888,新能源汽车充电桩,2026/1/27 20:41,3.5,5,2.943,4.01,2.796,2.98,2.838,2.933,2.591,2.982
1079,站_3354,国家电网汽车充电站(安徽省合肥市肥西县翡翠路桥下停车场交流充电站),肥西县,翡翠路与江淮大道交叉口翡翠路桥下停车场,117.160934,31.735897,汽车服务;充电站;充电站,96529,新能源汽车充电桩,2026/1/27 20:41,3.6,22,3.64,4.261,3.633,3.971,3.092,3.318,3.14,3.438
1080,站_6786,壳牌充电汽车充电站(壳牌合肥全顺澜庭地面快充站),肥西县,桃花镇玉兰大道与菖蒲路交口澜庭酒店地面停车场,117.157784,31.799044,汽车服务;充电站;充电站,4007160699,新能源汽车充电桩,2026/1/27 20:41,3.9,14,3.381,3.622,3.376,3.877,2.472,3.86,4.16,3.225
1081,站_7033,皖小能汽车充电站(芮祠社区停车场),肥西县,上派镇乐平路芮祠家园(进停车场左拐),117.1623,31.70066,汽车服务;充电站;充电站,18100509442,新能源汽车充电桩,2026/1/27 20:41,3.3,23,3.911,4.372,3.535,3.963,3.555,3.052,2.848,3.456
1082,站_6045,世动云充汽车充电站(合肥市山南镇馆北村充电站),肥西县,山南镇山吕路南山苑,116.87826,31.62964,汽车服务;充电站;充电站,4001030535,新能源汽车充电桩,2026/1/27 20:41,3.8,6,3.89,3.704,3.253,3.162,2.683,3.102,3.095,3.747
1083,站_3744,世动云充汽车充电站(合肥市三河镇五合村充电站),肥西县,三河镇五合村文体广场(西门),117.34236,31.56204,汽车服务;充电站;充电站,4001030535,新能源汽车充电桩,2026/1/27 20:41,3.6,18,2.95,4.46,3.945,3.569,2.151,2.859,3.257,3.909
1084,站_6484,特来电充电站(肥西翡翠家园快充站),肥西县,桃花镇翡翠家园地面停车场,117.179575,31.744725,汽车服务;充电站;充电站,4001300001,新能源汽车充电桩,2026/1/27 20:41,3.4,21,3.534,4.057,3.558,3.009,2.243,3.973,3.132,3.458
1085,站_7458,小鹏超级充电站(小鹏S4超快充合肥肥西金辉云缦熙境站),肥西县,上派镇宜城路旭辉·滨湖江来(入口乐平路),117.18492,31.694384,汽车服务;充电站;充电站,4007836688,新能源汽车充电桩,2026/1/27 20:41,4,9,3.993,4.317,3.043,2.838,2.049,3.812,3.486,3.363
1086,站_9187,星星充电汽车充电站(星星充电刊翔金寨路停车场充电站),肥西县,桃花镇鑫云私房菜(廿埠社区店)廿埠社区,117.22031,31.774883,汽车服务;充电站;充电站,13805517089,新能源汽车充电桩,2026/1/27 20:41,3.2,20,3.061,3.983,2.83,2.965,3.325,3.149,2.748,3.38
1087,站_5709,国家电网汽车充电站(安徽省合肥市肥西县三河古镇游客中心停车场超充站),肥西县,三河镇三河古镇-水上游船码头三河古镇游客中心停车场,117.24522,31.51504,汽车服务;充电站;充电站,96529,新能源汽车充电桩,2026/1/27 20:41,4.3,8,3.711,4.498,4.5,3.268,2.157,3.518,2.729,4.456
1088,站_2705,国家电网汽车充电站(安徽省合肥市肥西县吴口村停车场充电站),肥西县,紫蓬山农山路,117.015626,31.692672,汽车服务;充电站;充电站,96529,新能源汽车充电桩,2026/1/27 20:41,3.9,17,3.072,3.842,3.703,3.159,3.12,3.349,2.631,3.167
1089,站_2670,皖小能汽车充电站(湿地公园3号停车场),肥西县,上派镇潭冲湖路潭冲河湿地公园(东北角),117.17039,31.707983,汽车服务;充电站;充电站,15868449932,新能源汽车充电桩,2026/1/27 20:41,4.1,11,3.681,4.065,2.61,2.818,2.615,3.676,2.926,3.793
1090,站_7150,皖小能汽车充电站(上派镇西溪湾停车场),肥西县,上派镇上派路合肥市肥西盐业有限公司,117.144905,31.711557,汽车服务;充电站;充电站,18100509442,新能源汽车充电桩,2026/1/27 20:41,4.5,9,2.625,4.004,2.961,3.443,2.021,3.089,2.983,3.558
1091,站_6901,理想超级充电站(理想超充站合肥丰辉国际广场),肥西县,翡翠路丰辉国际,117.175835,31.746159,汽车服务;充电站;充电站,4006860400,新能源汽车充电桩,2026/1/27 20:41,3.9,23,3.539,4.425,2.612,2.985,2.314,3.745,4.137,3.428
1092,站_7757,星星充电汽车充电站(星星充电西南国际汽车城),肥西县,翡翠南路与上小路交口东南角西南国际车城地面停车场,117.154917,31.72994,汽车服务;充电站;充电站,15155954210,新能源汽车充电桩,2026/1/27 20:41,4.5,18,3.313,4.021,2.749,3.086,3.656,2.972,3.446,3.678
1093,站_5081,蔚景云汽车充电站(立炜汽车快充电站山南镇医院),肥西县,山南镇山吕路与山农路交口向西50米,116.877822,31.630302,汽车服务;充电站;充电站,4006803880,新能源汽车充电桩,2026/1/27 20:41,3.7,16,3.704,4.445,2.748,3.123,3.567,3.098,3.892,3.208
1094,站_9503,中充服汽车充电站(祥源花世界快充站),肥西县,祥源花世界南停车场,117.127266,31.6894,汽车服务;充电站;充电站,18355107967,新能源汽车充电桩,2026/1/27 20:41,4.1,17,3.455,4.119,2.916,3.751,3.175,3.967,3.785,3.545
1095,站_9969,昆仑网电汽车充电站(中国石油合肥繁华西路充电站),肥西县,桃花镇繁华大道与玉兰大道交叉口,117.15981,31.78291,汽车服务;充电站;充电站,95700,新能源汽车充电桩,2026/1/27 20:41,3.7,5,3.099,4.15,3.703,2.988,3.389,3.549,2.513,3.923
1096,站_2200,理想超级充电站(理想5C超充站京台高速丰乐服务区北京方向),肥西县,丰乐服务区,117.186554,31.593277,汽车服务;充电站;充电站,4006860400,新能源汽车充电桩,2026/1/27 20:41,3.4,29,3.606,4.049,3.286,3.784,3.214,3.712,4.073,3.615
1097,站_7708,世动云充汽车充电站(世动云充合肥市刘河社区充电站),肥西县,严店镇241省道刘河社区党群服务中心,117.28008,31.635067,汽车服务;充电站;充电站,4001030535,新能源汽车充电桩,2026/1/27 20:41,3.5,12,2.861,4.377,3.74,3.642,2.176,3.453,3.747,3.819
1098,站_7235,云快充汽车充电站(百碳菜鸟网络合肥经开南区充电站),肥西县,安徽万朗新材料科技有限公司,117.208021,31.716969,汽车服务;充电站;充电站,4008288517,新能源汽车充电桩,2026/1/27 20:41,4.5,21,3.57,4.019,3.594,3.662,3.486,3.882,3.453,3.568
1099,站_5030,云快充汽车充电站(官亭村停车场充电站),肥西县,官亭镇官山路与张祠路口停车场,116.87306,31.794638,汽车服务;充电站;充电站,4008288517,新能源汽车充电桩,2026/1/27 20:41,4.4,12,3.887,3.745,2.503,3.281,2.646,3.82,3.27,3.637
1100,站_3803,国家电网汽车充电站(京台高速丰乐服务区充电站北京方向),肥西县,京台高速丰乐服务区北京方向,117.18667,31.592925,汽车服务;充电站;充电站,96529,新能源汽车充电桩,2026/1/27 20:41,3.8,20,3.166,3.578,3.102,2.845,2.846,3.117,3.168,3.977
1101,站_4951,产小城 皖小能 潭冲河湿地公园充电站,肥西县,潭冲河湿地公园1号停车场潭冲湖路6号,117.180182,31.709603,汽车服务;充电站;充电站,4009998986,新能源汽车充电桩,2026/1/27 20:41,4.1,17,2.506,3.827,2.904,3.343,2.228,3.522,3.134,3.172
1102,站_1999,惠利充汽车充电站(丰乐农贸市场充电站),肥西县,丰乐镇241省道回迁小区,117.17434,31.552834,汽车服务;充电站;充电站,13856066918;4006189730,新能源汽车充电桩,2026/1/27 20:41,3.8,26,3.768,3.819,3.927,3.079,2.326,3.771,4.172,2.886
1103,站_5823,国家电网汽车充电站(安徽省合肥市肥西县紫蓬镇梁岗社区停车场充电站),肥西县,环山路梁岗社区公共停车场,116.9961,31.74825,汽车服务;充电站;充电站,96529,新能源汽车充电桩,2026/1/27 20:41,4.1,21,3.064,3.939,2.522,3.121,2.376,3.212,3.431,3.741
1104,站_7614,世动云充汽车充电站(合肥市肥西县花岗镇充电站),肥西县,花岗镇206国道,117.01333,31.56466,汽车服务;充电站;充电站,4001030545,新能源汽车充电桩,2026/1/27 20:41,3.8,26,2.568,4.25,3.958,3.177,2.48,3.361,2.519,3.312
1105,站_1334,开迈斯汽车充电站(合肥市肥西旭辉Cmall直流站),肥西县,派河大道与翡翠路交口肥西旭辉Cmall3号门地面停车场,117.158055,31.738971,汽车服务;充电站;充电站,4006657666,新能源汽车充电桩,2026/1/27 20:41,4.2,22,2.994,2.934,2.811,3.474,2.633,3.39,3.521,3.941
1106,站_4947,特斯拉超级充电站(合肥市名邦保利广场),肥西县,瑜城路与派河路交叉口北80米合肥名邦保利广场地下二层停车场6区/入口站下路,117.15402,31.713278,汽车服务;充电站;专用充电站,4009100707,新能源汽车充电桩,2026/1/27 20:41,4.5,5,3.641,4.211,3.391,3.336,2.151,3.026,2.502,2.901
1107,站_5970,世动云充汽车充电站(世动云充合肥山南镇光明新村充电站),肥西县,山南镇平安快餐天韵农家乐,116.77924,31.66015,汽车服务;充电站;充电站,4001030535,新能源汽车充电桩,2026/1/27 20:41,3.8,6,3.288,4.229,3.331,3.195,2.305,3.327,3.959,2.835
1108,站_1175,世动云充汽车充电站(合肥市高店镇高店社区充电站),肥西县,高店镇中共高店镇高店社区总支委员会,116.835512,31.904494,汽车服务;充电站;充电站,4001030535,新能源汽车充电桩,2026/1/27 20:41,3.4,22,3.284,3.586,2.709,3.352,3.222,2.983,3.693,3.273
1109,站_9667,国家电网汽车充电站(安徽省合肥市肥西县官亭供电所有序交流充电站),肥西县,官亭镇官山路供电所院内,116.872955,31.79385,汽车服务;充电站;充电站,96529,新能源汽车充电桩,2026/1/27 20:41,4.4,17,3.428,3.867,3.598,2.848,3.457,3.496,3.963,3.805
1110,站_4826,理想超级充电站(理想超充站合肥肥西县翰林水岸上园),肥西县,上派镇人民路翰林水岸上园翰锦苑,117.150055,31.700804,汽车服务;充电站;充电站,4006860400,新能源汽车充电桩,2026/1/27 20:41,4.6,21,3.187,3.923,2.937,3.784,2.879,3.936,2.985,3.562
1111,站_4402,国家电网汽车充电站(安徽省合肥市肥西县上派镇馆驿花园小区外停车场充电站一),肥西县,上派镇上派路馆驿花园小区外,117.143139,31.709656,汽车服务;充电站;充电站,0551-63318110,新能源汽车充电桩,2026/1/27 20:41,4.5,20,3.854,4.311,3.025,3.749,2.01,3.798,2.596,3.087
1112,站_7379,国家电网汽车充电站(京台高速丰乐服务区充电站台北方向),肥西县,丰乐服务区地面停车场,117.183536,31.595231,汽车服务;充电站;充电站,96529,新能源汽车充电桩,2026/1/27 20:41,3.3,12,2.667,4.362,3.109,3.815,2.541,3.652,3.998,3.9
1113,站_8562,壳牌汽车充电站(壳牌中央悦府充电站),肥西县,和昌中央悦府东1门旁,117.152952,31.781316,汽车服务;充电站;充电站,4007160699,新能源汽车充电桩,2026/1/27 20:41,4.5,21,3.79,3.79,2.983,3.733,3.712,2.973,4.154,3.924
1114,站_9419,易佳电汽车充电站(易佳电蓝鲤廿埠充电站),肥西县,上派镇鑫云私房菜(廿埠社区店)廿埠社区,117.2203,31.7749,汽车服务;充电站;充电站,0551-62100112,新能源汽车充电桩,2026/1/27 20:41,3.6,24,3.639,3.867,2.852,3.719,3.399,2.871,2.8,3.242
1115,站_7610,小桔充电汽车充电站(顺纪元超充站),肥西县,停车场,117.15757,31.77422,汽车服务;充电站;充电站,4000610999,新能源汽车充电桩,2026/1/27 20:41,4.1,10,2.641,3.924,3.432,2.937,2.545,3.644,4.147,3.258
1116,站_5222,易佳电汽车充电站(易佳电蓝鲤上园充电站),肥西县,上派镇合铜路翰林水岸上园,117.1499,31.7005,汽车服务;充电站;充电站,0551-62100112,新能源汽车充电桩,2026/1/27 20:41,4.2,14,3.257,4.197,3.308,2.879,3.199,2.816,4.182,3.122
1117,站_1404,蔚景云汽车充电站(世动云充合肥市肥西县严店镇充电站),肥西县,严店镇三河路严店菜市场,117.209118,31.633413,汽车服务;充电站;充电站,4000826699,新能源汽车充电桩,2026/1/27 20:41,3.6,6,2.801,4.177,3.517,2.974,3.23,3.84,2.717,3.406
1118,站_2521,易佳电汽车充电站(易佳电宏晟荟萃园充电站),肥西县,万涧路,117.1011,31.6627,汽车服务;充电站;充电站,0551-62100112,新能源汽车充电桩,2026/1/27 20:41,4.5,24,2.562,4.204,3.755,3.943,3.632,3.804,3.955,3.698
1119,站_3023,充电桩,肥西县,赵大郢,116.900528,31.674166,汽车服务;充电站;充电站,0797-966999,新能源汽车充电桩,2026/1/27 20:41,4.4,5,3.743,3.984,3.86,3.684,3.506,3.166,3.441,2.911
1120,站_1401,小桔充电汽车充电站(超翔华南城超充站),肥西县,紫蓬镇华一路华南城精品交易市场3区,117.09611,31.769938,汽车服务;充电站;充电站,4000610999,新能源汽车充电桩,2026/1/27 20:41,4.3,23,2.992,4.179,3.84,3.69,3.068,3.345,3.642,3.187
1121,站_2031,蔚来换电站(合肥汤口路停车场),肥西县,桃花镇汤口路835号(汤口路停车场),117.193012,31.751593,汽车服务;汽车服务相关;汽车服务相关,,新能源汽车充电桩,2026/1/27 20:41,3.5,12,3.914,4.456,3.478,3.549,2.335,3.891,3.394,3.243
1122,站_9457,小桔充电汽车充电站(合肥市常闪迅石门路充电站),肥西县,桃花镇石门路中国农业银行(合肥桃花支行),117.22146,31.77589,汽车服务;充电站;充电站,4000610999,新能源汽车充电桩,2026/1/27 20:41,4.3,29,2.55,3.862,2.601,3.69,2.559,3.325,4.016,2.856
1123,站_2530,特来电汽车充电站(翡翠花园四期超宇充电站),肥西县,桃花镇环翠路翡翠美食街·维C派,117.20663,31.75882,汽车服务;充电站;充电站,4001300001,新能源汽车充电桩,2026/1/27 20:41,3.8,18,3.585,3.657,3.889,3.642,3.143,3.739,2.525,3.602
1124,站_8663,特来电汽车充电站(董岗街道停车场充电站),肥西县,花岗镇荟萃园,117.09852,31.661018,汽车服务;充电站;充电站,13721071986,新能源汽车充电桩,2026/1/27 20:41,4.5,20,3.616,4.369,3.431,3.02,2.563,3.618,2.866,3.374
1125,站_7259,汽车充电站(合肥公交华南城站),肥西县,华二路3号,117.098796,31.762916,汽车服务;充电站;充电站,,新能源汽车充电桩,2026/1/27 20:41,4,23,3.528,3.784,3.426,3.543,3.25,3.859,3.164,3.107
1126,站_1796,合肥充电明珠公园停车场充电站,肥西县,香樟大道与明珠大道交叉口,117.184386,31.802007,汽车服务;充电站;充电站,,新能源汽车充电桩,2026/1/27 20:41,3.5,17,2.863,3.823,2.823,3.447,2.076,2.956,3.193,3.597
1127,站_9295,国家电网汽车充电站(安徽省合肥市肥西县上派镇上派路新站珍珠苑小区外停车场充电站),肥西县,上派路与聚星路交叉口东北60米,117.146524,31.71347,汽车服务;充电站;充电站,,新能源汽车充电桩,2026/1/27 20:41,4.1,19,2.911,3.662,3.201,3.726,2.891,3.221,2.683,2.884
1128,站_8229,合肥充电紫蓬山充电站,肥西县,紫蓬山国家森林公园停车场,117.019236,31.727949,汽车服务;充电站;充电站,,新能源汽车充电桩,2026/1/27 20:41,3.4,19,2.798,4.25,3.517,3.148,3.263,3.178,3.795,3.854
1129,站_5785,蔚来换电站(G3京台高速丰乐服务区北京方向),肥西县,丰乐服务区东南50米(京台高速公路东),117.186931,31.592947,汽车服务;换电站;换电站,,新能源汽车充电桩,2026/1/27 20:41,3.7,22,2.692,4.426,3.428,3.435,2.398,2.959,2.506,3.546
1130,站_5099,小桔充电汽车充电站(翔孚快享充文南路充电站),肥西县,合肥高新公交公司(东门),117.13946,31.80219,汽车服务;充电站;充电站,18055117159,新能源汽车充电桩,2026/1/27 20:41,3.5,17,3.568,3.66,3.655,3.821,2.062,3.973,3.106,3.131
1131,站_5869,特来电汽车充电站(肥西县金星和园充电站),肥西县,金星和园四期东北门西北60米,117.170306,31.741144,汽车服务;充电站;充电站,17756078663,新能源汽车充电桩,2026/1/27 20:41,4.2,19,3.267,4.273,3.816,2.832,2.07,2.803,3.316,3.158
1132,站_7438,云快充汽车充电站(能量驰官高路加油加气充电站),肥西县,高店镇长镇街道官高路与白马墩路交口东南角,116.892253,31.843292,汽车服务;充电站;充电站,15868449932,新能源汽车充电桩,2026/1/27 20:41,4.1,5,3.302,4.208,3.833,3.774,3.034,3.673,3.773,2.975
1133,站_8761,合肥亿力超级充电站,肥西县,亿力机械停车场,117.149739,31.699774,汽车服务;汽车服务相关;汽车服务相关,,新能源汽车充电桩,2026/1/27 20:41,4,10,3.387,3.743,2.903,3.149,2.099,3.168,3.39,3.466
1134,站_8225,安徽交控小井庄服务区电动汽车充电站(枞阳方向),肥西县,山南镇德上高速合纵段地面停车场,116.792223,31.623267,汽车服务;充电站;充电站,0551-63738418,新能源汽车充电桩,2026/1/27 20:41,4.2,15,3.101,4.239,2.565,3.56,2.589,2.845,2.899,3.626
1135,站_3213,小桔充电汽车充电站(倍来充肥西上园小桔充电站),肥西县,上派镇合铜路翰林水岸上园,117.1498,31.700558,汽车服务;充电站;充电站,4000610999,新能源汽车充电桩,2026/1/27 20:41,3.4,18,3.539,4.383,3.223,3.043,3.316,3.539,2.914,3.541
1136,站_7845,合肥充电合肥市肥西县潭冲河公园汽车充电站,肥西县,潭冲湖路潭冲河湿地公园西侧地面停车场,117.161028,31.703708,汽车服务;充电站;充电站,,新能源汽车充电桩,2026/1/27 20:41,4.4,12,3.179,3.995,3.371,3.571,2.944,3.245,2.68,3.551
1137,站_3659,蔚来能源汽车充电站(北京方向G3京台高速丰乐服务区B),肥西县,丰乐服务区东南50米(京台高速公路东),117.186474,31.593116,汽车服务;充电站;充电站,,新能源汽车充电桩,2026/1/27 20:41,3.8,8,3.796,3.587,3.088,3.496,2.068,3.863,3.219,3.474
1138,站_7122,科大智能汽车充电站(合肥益百家商业杨桂塘市场站),肥西县,杨桂塘市场,117.164125,31.715289,汽车服务;充电站;充电站,18056038830,新能源汽车充电桩,2026/1/27 20:41,3.9,11,3.761,4.321,3.094,3.898,2.967,3.803,3.146,3.691
1139,站_1069,蔚来能源汽车充电站(台北方向G3京台高速丰乐服务区),肥西县,丰乐服务区,117.184227,31.595285,汽车服务;换电站;换电站,,新能源汽车充电桩,2026/1/27 20:41,3.6,10,2.585,3.535,3.611,3.87,3.593,3.884,2.549,3.724
1140,站_5841,巧克力换电站(肥西佛光路站),肥西县,上派镇宝成路金星和园,117.171618,31.738103,汽车服务;充电站;充电站,4000152025,新能源汽车充电桩,2026/1/27 20:41,3.7,17,2.97,3.67,3.23,3.659,2.677,2.962,2.897,3.338
1141,站_1346,云快充汽车充电站(郁盛科技三河充电站),肥西县,三河镇第二综合文化站,117.26208,31.560213,汽车服务;充电站;充电站,4008288517,新能源汽车充电桩,2026/1/27 20:41,4.4,14,3.026,4.429,2.941,3.05,3.325,3.347,3.048,2.95
1142,站_2903,世动云充汽车充电站(合肥市肥西县官亭镇充电站),肥西县,官亭镇长江西路辅路,116.74486,31.779413,汽车服务;充电站;充电站,4001030545,新能源汽车充电桩,2026/1/27 20:41,3.4,21,2.792,3.912,3.348,3.728,3.407,3.266,3.256,3.193
1143,站_6949,云快充目的地充电站(董岗街道停车场充电站),肥西县,花岗镇董岗社区雷阳路与万洞路交口东北角停车场,117.09818,31.660372,汽车服务;充电站;充电站,4008288517,新能源汽车充电桩,2026/1/27 20:41,4,21,3.729,4.133,3.857,3.939,3.662,2.943,3.904,3.325
1144,站_9792,蔚景云汽车充电站(金牛社区快充电站立炜电力),肥西县,山南镇329省道,116.798607,31.658995,汽车服务;充电站;充电站,4006803880,新能源汽车充电桩,2026/1/27 20:41,4,12,3.464,3.974,3.829,2.856,3.661,2.922,3.971,3.293
1145,站_5950,特来电汽车充电站(肥西新城家园充电站),肥西县,上派镇金寨南路旁地面停车场(新城家园后门),117.17795,31.736161,汽车服务;充电站;充电站,18756018900,新能源汽车充电桩,2026/1/27 20:41,3.4,23,3.114,3.701,3.862,3.563,2.214,3.818,3.751,3.387
1146,站_4229,蔚享天成汽车充电站(玉兰大道桥下),肥西县,玉兰大道玉兰大道桥下,117.15074,31.754803,汽车服务;充电站;充电站,13085009081,新能源汽车充电桩,2026/1/27 20:41,4.1,15,3.856,3.842,3.245,3.368,2.209,3.526,2.773,3.425
1147,站_1961,蔚来超充站(G3京台高速丰乐服务区台北方向),肥西县,G3丰乐服务区,117.184233,31.5953,汽车服务;充电站;充电站,,新能源汽车充电桩,2026/1/27 20:41,3.8,9,2.854,4.479,3.423,3.166,3.6,3.927,2.996,2.901
1148,站_5110,国家电网汽车充电站(安徽省合肥市肥西县花岗供电所有序交流充电站),肥西县,花岗供电所充电站停车场,117.09676,31.663286,汽车服务;充电站;充电站,96529,新能源汽车充电桩,2026/1/27 20:41,3.6,9,2.501,4.475,3.275,3.189,3.584,3.263,3.294,3.996
1149,站_8431,易佳电汽车充电站(易佳电蓝鲤亚坤充电站),肥西县,紫云路7598号亚坤大厦地下停车场负一楼,117.1998,31.7539,汽车服务;充电站;充电站,0551-62100112,新能源汽车充电桩,2026/1/27 20:41,4,26,3.771,4.019,2.734,3.388,3.121,3.617,3.351,3.164
1150,站_5284,特来电汽车充电站(用世生活城充电站),肥西县,上派镇用世·生活城(李湾地铁站C口步行110米),117.155607,31.718729,汽车服务;充电站;充电站,13721071986,新能源汽车充电桩,2026/1/27 20:41,4.5,13,2.586,3.842,3.531,3.466,2.597,2.879,3.73,3.741
1151,站_6024,云快充汽车充电站(公牛官亭丰庆汽修充电站),肥西县,官亭镇金桥社区长江西路辅路与113乡道交叉口西500米,116.744749,31.77993,汽车服务;充电站;充电站,18955126036;4008288517,新能源汽车充电桩,2026/1/27 20:41,4.1,29,3.149,3.793,3.179,3.189,3.673,3.366,3.169,3.988
1152,站_7310,世动云充汽车充电站(合肥市中东酒家充电站),肥西县,严店镇西桥路,117.22455,31.59558,汽车服务;充电站;充电站,4001030535,新能源汽车充电桩,2026/1/27 20:41,3.9,18,2.709,4.267,2.919,3.428,2.925,3.97,3.884,3.798
1153,站_6178,官亭收费站汽车充电站,肥西县,长江西路,116.791667,31.779841,汽车服务;充电站;充电站,,新能源汽车充电桩,2026/1/27 20:41,4.5,24,3.226,4.39,3.426,2.924,3.365,3.449,2.789,3.767
1154,站_1904,合肥曜电华南城充电站,肥西县,森林大道88号(铜锣寨路地铁站A口步行320米),117.09262,31.768601,汽车服务;充电站;充电站,,新能源汽车充电桩,2026/1/27 20:41,4,27,3.343,3.77,2.659,3.567,3.43,3.526,2.866,2.806
1155,站_3862,小桔充电汽车充电站(翔孚快享充云缦熙境小桔充电站),肥西县,上派镇云霄路金辉云缦熙境(建设中),117.18475,31.694284,汽车服务;充电站;充电站,18055117159,新能源汽车充电桩,2026/1/27 20:41,3.7,29,2.556,4.006,2.931,3.049,2.042,3.669,3.594,2.845
1156,站_9712,蔚享天成汽车充电站(官厅镇林海和园小区10栋地库),肥西县,官亭镇沪霍线辅路厅镇林海和园小区10栋地库,116.88409,31.806923,汽车服务;充电站;充电站,18715121285,新能源汽车充电桩,2026/1/27 20:41,3.5,27,3.868,4.466,2.684,3.034,2.509,3.504,3.164,3.098
1157,站_1030,国家电网汽车充电站(安徽省合肥市肥西县三河镇上河城西街社区充电站),肥西县,上河城广场地面停车场,117.24082,31.513166,汽车服务;充电站;充电站,96529,新能源汽车充电桩,2026/1/27 20:41,3.9,27,2.736,3.783,3.901,3.565,3.223,3.539,3.448,3.47
1158,站_5121,产小城 皖小能 光明府光储充放一体化充电站,肥西县,上派镇芮祠路与墩张路交口往北50米,117.183598,31.702821,汽车服务;充电站;充电站,,新能源汽车充电桩,2026/1/27 20:41,3.7,10,2.855,3.714,2.758,3.131,2.519,3.136,3.878,3.652
1159,站_9803,汽车充电站(合肥充电站),肥西县,三河古镇游客中心停车场内,117.245382,31.514946,汽车服务;充电站;充电站,,新能源汽车充电桩,2026/1/27 20:41,3.5,28,3.03,3.73,2.769,3.611,2.814,3.461,2.776,3.693
1160,站_7901,小朗充电汽车充电站(繁华紫园充电站),肥西县,"紫蓬镇肥西都市驿家商务宾馆繁华紫园主大门直走左转,地面停车位",117.027214,31.749481,汽车服务;充电站;充电站,,新能源汽车充电桩,2026/1/27 20:41,3.5,13,3.829,3.295,2.982,3.446,2.668,3.802,2.922,3.208
1161,站_1100,小朗充电汽车充电站(堰湾新苑A区充电站),肥西县,紫蓬镇小汪姑姑砂锅菜(紫蓬山店)堰湾新苑10栋1单元北边,117.02538,31.743204,汽车服务;充电站;充电站,,新能源汽车充电桩,2026/1/27 20:41,4.1,16,3.653,3.925,3.003,3.862,3.314,3.099,3.789,2.898
1162,站_5040,合肥充电肥西县老县政府停车场汽车充电站,肥西县,上派镇巢湖路与青年路交口东北方向200米停车场,117.168278,31.72223,汽车服务;充电站;充电站,,新能源汽车充电桩,2026/1/27 20:41,3.6,23,2.907,3.923,3.957,3.809,2.305,3.039,3.411,3.343
1163,站_6778,蔚景云汽车充电站(徽充充电站严店站),肥西县,严店镇合铜公路,117.206431,31.631829,汽车服务;充电站;充电站,4006803880,新能源汽车充电桩,2026/1/27 20:41,3.4,17,3.823,4.315,2.857,3.88,2.498,3.143,3.626,3.924
1164,站_7616,国家电网汽车充电站(安徽省合肥市肥西县金宇天地城),肥西县,上派镇锅贴小二(金宇天地城店)金宇·天地城地面停车场,117.172851,31.730226,汽车服务;充电站;充电站,0551-63318110,新能源汽车充电桩,2026/1/27 20:41,3.8,16,2.75,4.282,3.636,3.354,2.294,2.949,4.172,3.717
1165,站_3315,蔚来换电站(G3京台高速丰乐服务区台北方向),肥西县,G3京台高速丰乐服务区台北方向,117.184461,31.595827,汽车服务;换电站;换电站,,新能源汽车充电桩,2026/1/27 20:41,3.3,26,3.11,4.146,2.73,3.093,2.303,3.787,2.641,3.73
1166,站_2163,中国石化汽车充电站(杭清充电站),肥西县,中国石化杭清加油站,117.106259,31.734607,汽车服务;充电站;充电站,95105888,新能源汽车充电桩,2026/1/27 20:41,3.8,26,3.092,4.135,3.289,3.461,2.028,3.665,2.726,3.396
1167,站_1626,皖小能汽车充电站(肥西县三河镇木兰社区三河国家湿地公园科普馆停车场慢充),肥西县,国家湿地公园科普馆三河镇木兰社区总支委员会西侧,117.2996,31.579203,汽车服务;充电站;充电站,4009961666,新能源汽车充电桩,2026/1/27 20:41,3.5,6,3.076,4.497,2.653,2.977,2.251,3.701,3.353,3.163
1168,站_6928,能效邻里共享汽车充电站(能效邻里共享充电站),肥西县,8栋地下车库H139车位,117.20718,31.759895,汽车服务;充电站;充电站,17354299767,新能源汽车充电桩,2026/1/27 20:41,3.4,28,3.816,4.254,3.523,2.88,3.57,3.88,3.445,3.523
1169,站_4326,百大奥莱生活广场充电站,肥西县,百大奥莱生活广场地下停车场,117.160288,31.804292,汽车服务;充电站;充电站,,新能源汽车充电桩,2026/1/27 20:41,3.8,7,3.42,4.495,2.709,2.952,2.379,3.164,2.621,3.35
1170,站_4605,易佳电汽车充电站(国网京台高速丰乐服务区充电站台北方向),肥西县,京台高速丰乐服务区充电站(台北方向),117.1837,31.5953,汽车服务;充电站;充电站,0551-62100112,新能源汽车充电桩,2026/1/27 20:41,3.3,20,2.687,4.003,3.226,3.345,2.386,3.64,2.767,3.973
1171,站_2960,皖小能汽车充电站(肥西县柿树岗乡代塘村村委会慢充),肥西县,柿树岗乡代塘村村委会,116.972578,31.575059,汽车服务;充电站;充电站,4009961666,新能源汽车充电桩,2026/1/27 20:41,4.5,27,3.838,4.307,3.658,3.339,2.571,3.951,3.576,3.41
1172,站_1281,坤阳超级快充站,肥西县,宁西路与玉兰大道交叉口西220米,117.156224,31.789567,汽车服务;充电站;充电站,,新能源汽车充电桩,2026/1/27 20:41,4.4,21,3.83,4.097,3.936,3.177,2.62,3.309,3.011,3.877
1173,站_4638,小桔充电汽车充电站(青益新能源金星和园小桔超充站),肥西县,金星和园3期(西北门),117.17266,31.738237,汽车服务;充电站;充电站,4000610999,新能源汽车充电桩,2026/1/27 20:41,4.6,13,3.415,4.211,2.876,3.217,2.376,2.867,3.262,3.474
1174,站_5629,蔚景云汽车充电站(徽辰光储充站),肥西县,桃花镇安徽朗汀园林绿化工程服务有限公司工投·立恒工业广场二期,117.13685,31.780682,汽车服务;充电站;充电站,4006803880,新能源汽车充电桩,2026/1/27 20:41,3.9,18,3.013,4.197,3.363,3.347,2.705,3.245,3.436,3.115
1175,站_7085,云快充汽车充电站(安徽吉电新能源有限公司充电站),肥西县,集贤路198号星梦园企业公馆E15栋,117.193245,31.804026,汽车服务;充电站;充电站,4008288517,新能源汽车充电桩,2026/1/27 20:41,3.3,18,2.653,3.844,3.261,3.788,2.331,3.327,3.478,3.611
1176,站_8318,汽车充电站(立炜电力铭传乡便民服务中心站),肥西县,铭传乡便民服务中心停车场,116.81409,31.751807,汽车服务;充电站;充电站,15056990369;4006803880,新能源汽车充电桩,2026/1/27 20:41,3.3,5,2.625,3.547,4.01,3.088,3.414,3.25,3.215,4.137
1177,站_1582,毅威电动玖方广场充电站,肥西县,香樟大道80号,117.185424,31.798937,汽车服务;充电站;充电站,,新能源汽车充电桩,2026/1/27 20:41,4.2,14,3.056,3.662,2.656,3.139,3.371,3.359,3.233,3.456
1178,站_7942,合肥市肥西县新型家园充电站,肥西县,集贤路桃花工业园新型家园幼儿园,117.153478,31.738931,汽车服务;充电站;充电站,,新能源汽车充电桩,2026/1/27 20:41,4.6,13,3.198,3.966,3.031,3.601,3.563,2.9,3.236,3.228
1179,站_1909,蔚来能源汽车充电站(北京方向G3京台高速丰乐服务区),肥西县,丰乐服务区,117.18662,31.592916,汽车服务;充电站;充电站,,新能源汽车充电桩,2026/1/27 20:41,3.9,29,3.102,3.767,3.793,3.209,2.826,3.239,2.605,3.676
1180,站_7464,蔚享天成汽车充电站(凤落苑),肥西县,241省道与严丰路交叉口西380米,117.17745,31.561102,汽车服务;充电站;充电站,15056560764,新能源汽车充电桩,2026/1/27 20:41,3.9,5,3.751,3.508,3.171,3.643,3.522,3.52,2.78,3.511
1181,站_5077,和行新港基地汽车充电站,肥西县,莲花路5188号,117.218691,31.680327,汽车服务;充电站;充电站,,新能源汽车充电桩,2026/1/27 20:41,3.8,15,3.449,4.205,3.094,3.268,3.713,3.712,3.902,3.377
1182,站_1299,合肥充电合肥市肥西县顺美社区汽车充电站,肥西县,桃花镇文山路与汤口路交叉路口往南约50米(顺美家园),117.143793,31.773553,汽车服务;充电站;充电站,,新能源汽车充电桩,2026/1/27 20:41,3.6,17,4,3.841,2.63,3.49,3.118,3.254,3.739,3.965
1183,站_3140,蔚景云汽车充电站(立炜汽车快充电站春水源庄园),肥西县,丰乐镇018乡道,117.196,31.6045,汽车服务;充电站;充电站,4006803880,新能源汽车充电桩,2026/1/27 20:41,4.2,17,3.512,4.336,3.803,3.779,3.209,3.619,3.105,3.917
1184,站_1631,合肥市肥西县潭冲河湿地公园汽车充电站,肥西县,潭冲河湿地公园2号停车场,117.188954,31.709542,汽车服务;充电站;充电站,,新能源汽车充电桩,2026/1/27 20:41,4.6,14,2.58,4.245,3.905,3.286,3.506,3.923,3.682,2.852
1185,站_6191,国家电网充电站(桃花繁华),肥西县,泰山路与长古路交口繁华新园,117.167336,31.776436,汽车服务;充电站;充电站,,新能源汽车充电桩,2026/1/27 20:41,4.2,12,2.605,3.906,3.261,3.16,3.421,3.45,2.598,3.333
1186,站_1352,合肥充电肥西县南郢社区汽车充电站,肥西县,青龙潭路南郢小区,117.183092,31.727377,汽车服务;充电站;充电站,,新能源汽车充电桩,2026/1/27 20:41,4.1,24,3.916,3.605,2.659,3.003,3.358,3.383,2.917,3.657
1187,站_1200,蔚景云汽车充电站(聚星社区快充电站立炜电力),肥西县,铭传乡236省道,116.88143,31.71789,汽车服务;充电站;充电站,4006803880,新能源汽车充电桩,2026/1/27 20:41,3.6,21,3.586,4.27,3.699,3.496,2.808,3.193,4.111,3.204
1188,站_8574,安徽交控小井庄服务区电动汽车充电站(合肥方向),肥西县,山南镇德上高速合纵段,116.793681,31.625421,汽车服务;充电站;充电站,0551-63738418,新能源汽车充电桩,2026/1/27 20:41,4.5,9,3.608,4.191,3.169,3.331,2.575,3.246,4.047,3.149
1189,站_2517,蔚来能源目的地充电站(内部使用合肥延锋汽车),肥西县,海恒社区管理委员会经济开发区云谷路与青鸾路交口,117.22108,31.71161,汽车服务;充电站;充电站,,新能源汽车充电桩,2026/1/27 20:41,3.6,26,3.115,4.402,3.453,3.636,3.288,3.173,2.83,3.023
1190,站_2094,小朗充电汽车充电站(肥西县玖方广场共享充电站),肥西县,桃花镇芦花路玖方广场,117.185425,31.799017,汽车服务;充电站;充电站,4008806700,新能源汽车充电桩,2026/1/27 20:41,3.7,28,3.483,3.708,3.755,3.365,2.237,3.232,3.239,3.54
1191,站_8884,合肥充电明珠产业园汽车充电站,肥西县,明珠产业园地面停车场,117.132204,31.801889,汽车服务;充电站;充电站,,新能源汽车充电桩,2026/1/27 20:41,4,13,3.697,3.618,2.702,2.962,2.613,3.025,4.146,3.629
1192,站_1089,肥西电商产业园充电站,肥西县,肥西电商产业园内,117.091985,31.777645,汽车服务;充电站;充电站,,新能源汽车充电桩,2026/1/27 20:41,3.9,6,3.261,3.795,2.922,2.932,2.029,3.143,2.993,3.764
1193,站_6952,易佳电汽车充电站(易佳电丰乐高速服务区充电站),肥西县,丰乐服务区,117.18691,31.593,汽车服务;充电站;充电站,,新能源汽车充电桩,2026/1/27 20:41,4.4,21,3.404,4.158,3.471,3.715,2.364,3.193,3.449,3.522
1194,站_6230,云快充汽车充电站(能量驰肥西人民法院审判法庭地面停车场充电站),肥西县,花岗镇舒王台路与五显路交口,117.127106,31.666214,汽车服务;充电站;充电站,4008288517,新能源汽车充电桩,2026/1/27 20:41,3.5,22,2.881,3.831,2.926,2.848,2.744,3.778,3.272,3.266
1195,站_3089,小朗充电汽车充电站(紫蓬家园幼儿园充电站),肥西县,将军领路紫蓬家园幼儿园旁边地面停车位,117.084946,31.756823,汽车服务;充电站;充电站,,新能源汽车充电桩,2026/1/27 20:41,3.6,15,3.963,4.04,3.817,3,3.224,2.994,3.088,3.787
1196,站_3471,乐来电汽车充电站(金辉云缦熙境地库1087共享充电桩),肥西县,金辉云缦熙境地下车库d区1087,117.184265,31.692867,汽车服务;充电站;充电站,4008973688,新能源汽车充电桩,2026/1/27 20:41,4.2,18,2.877,4.411,3.962,3.945,2.15,3.386,2.804,3.689
1197,站_3744,京联充电桩(安和苑充电站),肥西县,合铜路048县,117.246351,31.550091,汽车服务;充电站;充电站,,新能源汽车充电桩,2026/1/27 20:41,3.7,5,3.177,3.822,3.014,3.426,2.321,3.776,3.395,3.971
1198,站_7051,皖小能汽车充电站(肥西县紫蓬镇农兴社区慢充),肥西县,紫蓬镇紫蓬路27号,117.023186,31.757013,汽车服务;充电站;充电站,4009961666,新能源汽车充电桩,2026/1/27 20:41,4.3,25,3.122,4.184,3.919,3.546,3.439,3.515,4.131,3.082
1199,站_4366,蔚享天成汽车充电站(北城璞园),肥西县,丰县北城璞园,117.18714,31.703209,汽车服务;充电站;充电站,15955121266,新能源汽车充电桩,2026/1/27 20:41,3.8,12,3.254,4.165,2.763,3.9,3.319,3.175,3.357,3.508
1200,站_8858,皖小能汽车充电站(肥西县三河镇茶棚社区居民委员会慢充),肥西县,茶棚社区居委会三河镇048县道,117.262146,31.559254,汽车服务;充电站;充电站,4009961666,新能源汽车充电桩,2026/1/27 20:41,3.2,24,3.493,4.469,2.958,3.634,2.534,3.604,3.828,3.745
1201,站_1603,中国铁塔汽车充电站(安徽合肥蓬莱御府充电站),肥西县,蓬莱御府,117.195244,31.693491,汽车服务;充电站;专用充电站,10096,新能源汽车充电桩,2026/1/27 20:41,4.3,14,3.275,4.032,3.045,3.866,3.509,3.587,4.057,3.278
1202,站_4339,蔚享天成汽车充电站(江汽物流有限公司),肥西县,浮莲路与北张路交口江汽物流公司,117.20015,31.692335,汽车服务;充电站;充电站,13085009081,新能源汽车充电桩,2026/1/27 20:41,3.6,11,3.069,3.879,3.246,3.043,3.225,3.064,3.973,2.875
1203,站_7926,云快充汽车充电站(徽充汽车充电站),肥西县,严店镇合铜公路与严刘路交叉口西北侧,117.20642,31.63193,汽车服务;充电站;充电站,18656535815,新能源汽车充电桩,2026/1/27 20:41,3.7,7,2.974,4.006,2.914,2.909,3.628,3.702,2.797,3.272
1204,站_8450,汽车充电站(肥充电繁华新园站),肥西县,汤口路与王步文路交口东北角,117.168147,31.773949,汽车服务;汽车服务相关;汽车服务相关,,新能源汽车充电桩,2026/1/27 20:41,3.3,11,3.023,3.555,2.518,3.008,3.457,2.9,2.766,3.567
1205,站_5223,小朗充电汽车充电站(肥西县滨河家园充电站),肥西县,滨河家园停车场,117.18712,31.735243,汽车服务;充电站;充电站,4008806700,新能源汽车充电桩,2026/1/27 20:41,3.3,23,2.639,3.852,3.815,3.903,3.661,3.424,3.605,3.5
1206,站_4896,小朗充电汽车充电站(顺和家园北区B区充电站),肥西县,桃花镇和顺社区居民委员会顺和家园北区,117.14523,31.772001,汽车服务;充电站;充电站,,新能源汽车充电桩,2026/1/27 20:41,3.5,20,3.704,4.15,3.949,3.012,3.184,3.601,2.501,3.179
1207,站_7516,小朗充电汽车充电站(肥西县金星和园四期共享充电站),肥西县,上派镇肥西县城市管理行政执法大队一中队金星和园,117.171326,31.740171,汽车服务;充电站;充电站,4008806700,新能源汽车充电桩,2026/1/27 20:41,3.2,20,3.699,3.622,2.533,3.723,3.118,2.879,3.243,3.288
1208,站_7460,芮祠小区停车场-充电站,肥西县,聚星路与灯塔路交叉口东南100米,117.162105,31.701019,汽车服务;充电站;充电站,,新能源汽车充电桩,2026/1/27 20:41,3.3,28,3.878,4.112,3.355,3.668,3.683,3.7,3.984,3.44
1209,站_1991,合肥市肥西县翡翠路汽车充电站,肥西县,仙霞路与翡翠路交口向南400米停车场,117.148237,31.722164,汽车服务;汽车服务相关;汽车服务相关,,新能源汽车充电桩,2026/1/27 20:41,3.5,25,2.633,3.739,2.777,2.935,3.716,3.822,3.767,3.846
1210,站_2695,汽车充电站(合肥充电肥西供销社停车场站),肥西县,四十埠社区供销社停车场内,117.163701,31.713572,汽车服务;充电站;充电站,,新能源汽车充电桩,2026/1/27 20:41,4.5,19,3.706,4.181,3.248,2.98,2.928,3.883,4.049,3.177
1211,站_3422,皖小能汽车充电站(肥西县三河镇西湖村民委员会慢充),肥西县,三河镇西湖村村民委员会环巢湖大道,117.328285,31.577536,汽车服务;充电站;充电站,4009961666,新能源汽车充电桩,2026/1/27 20:41,3.9,29,3.692,4.276,3.82,3.762,2.209,2.963,4.159,3.484
1212,站_1311,蔚享天成汽车充电站(星脉生态园),肥西县,星脉生态园,116.96211,31.692091,汽车服务;充电站;充电站,19810956789,新能源汽车充电桩,2026/1/27 20:41,4,9,2.997,3.649,2.878,3.909,3.216,3.973,3.628,3.328
1213,站_5620,云快充汽车充电站(灯塔家园),肥西县,上派镇灯塔家园,117.17829,31.708012,汽车服务;充电站;充电站,4008288517,新能源汽车充电桩,2026/1/27 20:41,4.4,17,3.995,3.846,3.752,2.896,2.622,3.498,2.992,3.253
1214,站_1063,小桔充电汽车充电站(泊充合肥光明观澜小桔充电站),肥西县,上派镇云谷路光明观澜学府,117.17508,31.737177,汽车服务;充电站;充电站,4000610999,新能源汽车充电桩,2026/1/27 20:41,4.4,16,3.88,3.777,3.426,2.888,2.739,3.747,2.512,3.153
1215,站_4994,小朗充电汽车充电站(肥西县新站珍珠苑充电站),肥西县,上派镇新站珍珠苑,117.14862,31.713377,汽车服务;充电站;充电站,,新能源汽车充电桩,2026/1/27 20:41,3.3,6,2.513,4.17,3.29,3.038,2.199,3.286,2.806,3.711
1216,站_2299,蔚享天成汽车充电站(盛万食品产业园充电桩),肥西县,玉兰大道与文山路交叉口东北180米盛万食品产业园14栋,117.14544,31.753633,汽车服务;充电站;充电站,13085009081,新能源汽车充电桩,2026/1/27 20:41,4.3,9,3.109,4.183,3.188,3.771,2.926,3.89,2.691,3.596
1217,站_2137,皖小能汽车充电站(肥西县周公山社区村民委员会慢充),肥西县,人社紫蓬山旅游开发区周公山社区为民服务中心周焦路周公山社区村址,116.93,31.739765,汽车服务;充电站;充电站,4009961666,新能源汽车充电桩,2026/1/27 20:41,4.5,28,3.32,4.494,3.985,3.517,2.543,2.871,2.762,3.205
1218,站_3548,小桔充电汽车充电站(肥西县水晶城慢充站),肥西县,停车场(中街·水晶城西),117.17136,31.717821,汽车服务;充电站;充电站,4000610999,新能源汽车充电桩,2026/1/27 20:41,4.4,14,3.125,3.577,3.485,3.564,2.082,3.388,4.147,2.91
1219,站_6844,汽车充电站(振国充电桩),肥西县,上张大郢,117.048446,31.765141,汽车服务;充电站;充电站,13965103989,新能源汽车充电桩,2026/1/27 20:41,4.4,28,3.806,4.303,3.913,3.882,2.291,3.584,3.171,3.176
1220,站_6137,小朗充电汽车充电站(堰湾新苑B区充电站),肥西县,紫蓬镇堰湾新苑25栋西北角,117.0275,31.742393,汽车服务;充电站;充电站,,新能源汽车充电桩,2026/1/27 20:41,4,12,3.869,4.494,2.968,3.623,2.63,3.8,2.917,3.998
1221,站_6111,小朗充电汽车充电站(小朗充电-林海锦苑充电站),肥西县,官亭镇林海苑小区地下车库10栋负一层北侧,116.87473,31.796919,汽车服务;充电站;充电站,,新能源汽车充电桩,2026/1/27 20:41,3.9,11,3.971,3.524,3.759,3.063,2.79,3.354,2.726,3.825
1222,站_3708,小朗充电汽车充电站(紫蓬家园Z10栋充电站),肥西县,",合肥市,肥西县,紫蓬镇,将军领路紫蓬家园Z10栋旁边地面停车位",117.08084,31.756937,汽车服务;充电站;充电站,,新能源汽车充电桩,2026/1/27 20:41,3.3,23,3.755,3.569,3.01,3.081,3.792,3.53,3.128,3.58
1223,站_7445,小朗充电汽车充电站(堰湾新苑C区充电站),肥西县,紫蓬镇堰湾新苑29栋3单元北边,117.02631,31.741571,汽车服务;充电站;充电站,,新能源汽车充电桩,2026/1/27 20:41,4.5,5,2.82,3.636,2.584,3.855,2.975,3.606,3.154,3.582
1224,站_7572,电动汽车充电站(祥源花世界旅游度假区),肥西县,金寨南路辅路与花木城环道二交叉口东140米,117.133656,31.694229,汽车服务;充电站;充电站,,新能源汽车充电桩,2026/1/27 20:41,3.9,29,3.183,3.901,2.72,3.461,2.613,3.821,3.633,3.921
1225,站_5997,蔚来能源目的地充电站(内部使用合肥华翔汽车),肥西县,肥西经开区湖东路25号,117.133415,31.74947,汽车服务;充电站;充电站,,新能源汽车充电桩,2026/1/27 20:41,3.7,8,3.85,3.635,3.105,3.864,2.144,3.234,2.976,3.649
1226,站_9346,小朗充电汽车充电站(肥西县凉亭雅苑三期共享充电站),肥西县,上派镇三河路凉亭雅苑,117.15898,31.727514,汽车服务;充电站;充电站,4008806700,新能源汽车充电桩,2026/1/27 20:41,3.9,24,3.939,3.816,2.704,3.502,3.397,3.674,3.474,3.788
1227,站_2175,云快充汽车充电站(聚星粮驿民宿充电站),肥西县,聚星粮驿1953地面停车点,116.88492,31.719095,汽车服务;充电站;充电站,4008288517,云快充充电站,2026/1/27 20:42,4.5,8,3.269,3.777,2.733,3.329,3.129,3.97,2.573,2.951
1228,站_721,中国石化汽车充电站(水家湖充电站),长丰县,中国石化水家湖加油站,117.17148,32.46813,汽车服务;充电站;充电站,95105888,新能源汽车充电桩,2026/1/27 20:42,3.140625,32,3.029,3.006,2.5,2.885,2.276,2.5,2.5,2.5
1229,站_722,皖小能汽车充电站(北城综合服务中心光储充一体化智慧超充项目),长丰县,长丰县政务服务中心南部分中心阜阳北路与济河路交口西南角北城综合服务中心,117.24674,32.035133,汽车服务;充电站;充电站,4009961666,新能源汽车充电桩,2026/1/27 20:42,3.1842105263157894,19,5.647,3.35,2.5,2.782,3.059,3.059,2.5,2.5
1230,站_723,皖小能下塘智慧停车场汽车充电站,长丰县,下塘支路2号地面停车场,117.23637,32.156252,汽车服务;充电站;充电站,18056095588,新能源汽车充电桩,2026/1/27 20:42,2.5161290322580645,31,2.905,2.452,2.5,2.369,2.5,2.5,2.5,2.5
1231,站_724,皖小能汽车充电站(双墩镇兴盛路停车场),长丰县,双墩镇康乐路物华苑四期北区,117.251104,32.015322,汽车服务;充电站;充电站,4009961666,新能源汽车充电桩,2026/1/27 20:42,1.3055555555555556,18,2.5,2.114,2.5,1.774,2.762,2.5,2.5,2.5
1232,站_725,皖小能汽车充电站(朱巷镇停车场),长丰县,朱巷镇政府对面停车场,117.218334,32.32436,汽车服务;充电站;充电站,4009961666,新能源汽车充电桩,2026/1/27 20:42,3.25,18,2.367,2.76,3.928,3.034,2.5,2.5,2.5,2.5
1233,站_8513,蔚景云汽车充电站(徽充充电站科创北城站),长丰县,双墩镇科创北城艺龙海雅酒店北侧,117.243508,32.054763,汽车服务;充电站;充电站,4006803880,新能源汽车充电桩,2026/1/27 20:42,3.6,25,3.962,4.499,3.622,3.403,3.312,3.242,3.499,3.55
1234,站_1130,云快充汽车充电站(科讯电驰合肥北城万达充电站),长丰县,双凤开发区阜阳北路北城万达广场负二层F区,117.263525,31.971054,汽车服务;充电站;充电站,4008288517,新能源汽车充电桩,2026/1/27 20:42,4.1,28,3.827,4.207,3.48,2.968,2.297,3.905,2.924,3.666
1235,站_8598,皖小能汽车充电站(双墩镇北城运动公园),长丰县,双墩镇蒙城北路辅路北城运动公园内(西侧),117.23802,32.016197,汽车服务;充电站;充电站,4009961666,新能源汽车充电桩,2026/1/27 20:42,4.3,14,2.775,4.399,2.6,3.117,2.146,2.847,2.775,3.025
1236,站_2952,昆仑网电汽车充电站(中国石油合肥张庙充电站),长丰县,土山乡张庙村合淮路与万安路交口北1.04公里处东测,117.16395,31.96914,汽车服务;充电站;充电站,95700,新能源汽车充电桩,2026/1/27 20:42,3.5,8,3.934,3.853,3.091,2.934,2.53,3.753,3.327,3.091
1237,站_9017,皖小能汽车充电站(水湖镇杨公路),长丰县,长丰县物价局东门旁,117.158745,32.47652,汽车服务;充电站;充电站,4009961666,新能源汽车充电桩,2026/1/27 20:42,3.4,27,2.874,2.864,3.66,2.807,3.169,3.256,3.252,3.945
1238,站_7128,皖小能汽车充电站(岗集镇育才苑),长丰县,岗集镇朝阳路育才苑一期南门口,117.155205,31.967417,汽车服务;充电站;充电站,4009961666,新能源汽车充电桩,2026/1/27 20:42,3.8,26,2.647,4.296,2.992,3.481,3.139,2.954,3.426,3.059
1239,站_8858,皖小能汽车充电站(皖小能吴山镇百花公园),长丰县,吴山镇百花街与镇中路交口西南角停车场,117.0706,32.06542,汽车服务;充电站;充电站,4009961666,新能源汽车充电桩,2026/1/27 20:42,3.3,28,3.258,3.643,3.138,3.801,3.453,3.102,3.992,3.516
1240,站_9127,特来电汽车充电站(特来电合肥彬达大厦充电站),长丰县,阜阳北路与魏武路交叉口地面停车场,117.25976,31.983172,汽车服务;充电站;充电站,4001300001,新能源汽车充电桩,2026/1/27 20:42,3.9,16,3.734,3.726,2.915,3.17,2.087,3.141,3.949,2.89
1241,站_8421,皖小能汽车充电站(下塘梧桐大道),长丰县,皖能综合能源港下塘梧桐大道站建业大道与梧桐大道交口东北侧,117.244286,32.18016,汽车服务;充电站;充电站,4009961666,新能源汽车充电桩,2026/1/27 20:42,4.1,5,2.744,3.924,3.413,3.436,2.879,2.931,2.92,3.794
1242,站_2644,皖小能汽车充电站(罗塘乡综合文化广场),长丰县,罗塘乡综合文化站罗南路与009县道交叉口东60米,117.142544,32.387777,汽车服务;充电站;充电站,4009961666,新能源汽车充电桩,2026/1/27 20:42,4.4,24,2.543,3.847,3.994,3.189,3.2,3.038,3.864,3.947
1243,站_2882,星星充电汽车充电站(星星充电海靓检测站),长丰县,"双凤开发区阜阳北路辅路海靓检测站内,阜阳北路与魏武路交口的西南角地面停车场",117.260153,31.981346,汽车服务;充电站;充电站,15155954210,新能源汽车充电桩,2026/1/27 20:42,4.3,27,3.837,4.071,3.469,3.812,2.427,3.587,3.835,3.431
1244,站_7415,壳牌充电汽车充电站(壳牌合肥长丰庐州天地地下快充站),长丰县,双墩镇金江路26号金大地庐州天地负一层C区,117.265465,31.9665,汽车服务;充电站;充电站,4007160699,新能源汽车充电桩,2026/1/27 20:42,4.2,27,3.743,3.977,3.359,3.118,3.639,3.603,2.655,3.211
1245,站_7065,世动云充汽车充电站(世动云充合肥长丰陶楼镇充电站),长丰县,吴山镇龙腾阁(贡鹅店),117.09391,32.06442,汽车服务;充电站;充电站,4001030535,新能源汽车充电桩,2026/1/27 20:42,3.2,22,3.293,3.98,2.871,3.321,2.066,3.206,2.548,3.235
1246,站_8593,皖小能电动汽车快充站(下塘为民服务中心停车场站),长丰县,交通街127号地面停车场,117.21164,32.198106,汽车服务;充电站;充电站,4009961666,新能源汽车充电桩,2026/1/27 20:42,3.3,17,3.379,3.536,4.369,3.09,2.811,3.266,2.814,3.991
1247,站_8401,皖能岗集金湖公园汽车充电站,长丰县,金岗大道8号,117.19017,31.955783,汽车服务;充电站;充电站,4009961666,新能源汽车充电桩,2026/1/27 20:42,3.7,16,3.028,4.044,3.031,2.91,3.094,3.884,3.584,3.523
1248,站_8339,皖小能汽车充电站(中科智慧农业创新研究院),长丰县,中科合肥智慧农业协同创新研究院淮南北路辅路,117.298294,31.981098,汽车服务;充电站;充电站,17356531078,新能源汽车充电桩,2026/1/27 20:42,4.4,5,3.713,4.016,3.657,3.021,2.74,3.384,2.91,3.216
1249,站_2062,国家电网汽车充电站(蚌合高速龙门寺服务区充电站蚌埠方向),长丰县,蚌合高速公路龙门寺服务区蚌埠方向,117.10555,32.137825,汽车服务;充电站;充电站,0551-63881234;96529,新能源汽车充电桩,2026/1/27 20:42,4.5,23,2.765,3.538,2.982,3.094,2.905,2.922,3.146,3.83
1250,站_5706,皖小能汽车充电站(左店西塘公园),长丰县,左店镇西塘公园,117.23721,32.40623,汽车服务;充电站;充电站,4009961666,新能源汽车充电桩,2026/1/27 20:42,3.6,22,3.555,3.692,2.687,3.824,3.615,3.271,3.834,3.283
1251,站_9403,中国石化汽车充电站(蒙城北路充电站),长丰县,中国石化蒙城北路加油站,117.233272,32.044534,汽车服务;充电站;充电站,95105888,新能源汽车充电桩,2026/1/27 20:42,4.2,27,3.638,4.029,3.321,3.182,2.564,3.178,3.013,3.131
1252,站_7634,汽车充电站(中国石化魏武路加油站站),长丰县,双凤经济开发区魏武路与淮南北路交口东南角,117.293437,31.984913,汽车服务;充电站;充电站,95105888,新能源汽车充电桩,2026/1/27 20:42,3.8,18,3.065,3.668,2.742,2.955,2.719,3.743,2.686,2.827
1253,站_9765,国家电网汽车充电站(蚌合高速龙门寺服务区充电站合肥方向),长丰县,蚌合高速公路龙门寺服务区(合肥方向),117.103809,32.140127,汽车服务;充电站;充电站,0551-63881234;96529,新能源汽车充电桩,2026/1/27 20:42,4.2,5,2.756,4.068,3.075,3.028,3.391,3.949,2.884,2.916
1254,站_3498,特斯拉超级充电站(合肥北城世纪金源购物中心),长丰县,蒙城北路与双墩路交口合肥北城世纪金源购物中心地下停车场负一层D区/入口双墩路,117.247469,32.00255,汽车服务;充电站;专用充电站,4009100707,新能源汽车充电桩,2026/1/27 20:42,3.6,7,3.357,3.569,4.5,3.997,2.936,2.876,3.507,4.066
1255,站_7034,皖小能汽车充电站(造甲乡造甲新村),长丰县,造甲乡227省道造甲新村,117.344309,32.24341,汽车服务;充电站;充电站,4009961666,新能源汽车充电桩,2026/1/27 20:42,3.8,27,3.586,4.107,2.988,2.989,3.77,3.337,3.595,3.113
1256,站_5991,皖小能汽车充电站(皖小能岗集镇临湖雅苑),长丰县,岗集镇金岗大道临湖雅苑,117.192696,31.954332,汽车服务;充电站;充电站,4009961666,新能源汽车充电桩,2026/1/27 20:42,3.9,29,3.087,4.371,3.005,3.706,3.297,3.31,2.523,3.683
1257,站_1415,小鹏超级充电站(小鹏S4超快充合肥北城万达广场站),长丰县,双凤开发区万达广场(合肥北城店),117.263085,31.971657,汽车服务;充电站;充电站,4007836688,新能源汽车充电桩,2026/1/27 20:42,3.7,22,3.66,3.661,2.554,2.863,3.043,3.881,2.856,3.467
1258,站_8223,皖小能汽车充电站(下塘合水路公交停保场),长丰县,下塘镇站东路长丰县下塘实验学校,117.21481,32.206852,汽车服务;充电站;充电站,4009961666,新能源汽车充电桩,2026/1/27 20:42,4.6,23,3.984,3.619,3.56,3.921,3.652,3.561,3.08,3.946
1259,站_7043,特来电汽车充电站(特来电北城世纪金源二期充电站),长丰县,北城世纪金源购物中心负二层车库停车位,117.244158,32.004514,汽车服务;充电站;充电站,4001300001,新能源汽车充电桩,2026/1/27 20:42,3.4,11,3.306,3.836,2.544,3.387,3.636,3.112,2.73,3.808
1260,站_3742,国家电网汽车充电站(滁新高速杜集服务区充电站滁州方向),长丰县,滁新高速杜集服务区滁州方向,117.300673,32.396151,汽车服务;充电站;充电站,96529,新能源汽车充电桩,2026/1/27 20:42,3.8,6,3.183,3.957,3.011,3.71,2.004,3.665,3.254,3.959
1261,站_5285,新电途汽车充电站(鼎茂安徽京东长丰站),长丰县,双凤开发区双凤经济开发区淮南路京东亚洲一号物流园,117.29803,31.97175,汽车服务;充电站;充电站,4001100835,新能源汽车充电桩,2026/1/27 20:42,3.6,23,3.81,3.831,3.106,3.572,3.795,3.9,3.128,2.876
1262,站_5844,皖小能汽车充电站(青峰岭游客接待中心停车场),长丰县,青峰岭游客接待中心青峰岭村苏小洼组,117.108536,32.039806,汽车服务;充电站;充电站,13225850976,新能源汽车充电桩,2026/1/27 20:42,3.9,15,2.923,4.376,4.03,3.748,2.215,3.084,2.58,4.359
1263,站_2834,皖小能汽车充电站(水湖镇酒厂路),长丰县,酒厂路停车场酒厂路与长淮路交叉口东南180米,117.17232,32.471134,汽车服务;充电站;充电站,4009961666,新能源汽车充电桩,2026/1/27 20:42,3.9,20,3.702,3.977,3.239,3.909,2.768,3.134,3.884,3.838
1264,站_7316,蔚享天成汽车充电站(金色里程.),长丰县,合水路路与金海路交汇处,117.262856,31.968412,汽车服务;充电站;充电站,15656562699,新能源汽车充电桩,2026/1/27 20:42,3.3,27,3.475,4.256,3.881,3.603,3.558,3.398,2.828,3.339
1265,站_1453,特来电汽车充电站(特来电北城世纪金源充电站),长丰县,北城世纪金源购物中心地下停车场D2-518,117.24735,32.002656,汽车服务;充电站;充电站,4001300001,新能源汽车充电桩,2026/1/27 20:42,4.4,7,2.599,4.205,3.129,3.48,3.191,3.099,3.925,3.57
1266,站_3958,小鹏超级充电站(小鹏S4超快充合肥岗集翔孚加油站站),长丰县,合淮路与金岗大道东南翔孚加油站,117.19836,31.938557,汽车服务;充电站;充电站,4007836688,新能源汽车充电桩,2026/1/27 20:42,4.1,14,2.887,3.593,3.334,3.288,2.058,3.536,2.737,2.878
1267,站_8033,世动云充汽车充电站(合肥市杨庙镇阳光宾馆充电站),长丰县,杨庙镇阳光宾馆(杨庙镇店),117.08575,32.19558,汽车服务;充电站;充电站,4001030535,新能源汽车充电桩,2026/1/27 20:42,4.6,10,2.59,3.737,3.789,3.309,3.156,2.84,3.665,3.928
1268,站_7437,汽车充电站(皖小能庄墓下坝站),长丰县,庄墓村委会庄墓街道与向阳路交叉口南100米,117.124221,32.333346,汽车服务;充电站;充电站,4009961666,新能源汽车充电桩,2026/1/27 20:42,4.4,11,3.974,4.237,3.183,3.731,3.721,3.188,2.965,3.688
1269,站_4388,皖小能汽车充电站(义井镇义井社区),长丰县,义井镇二手车专卖店,117.110344,32.304394,汽车服务;充电站;充电站,4009961666,新能源汽车充电桩,2026/1/27 20:42,4,11,2.891,3.985,2.976,3.925,3.133,3.972,3.898,3.85
1270,站_8361,驴充充汽车充电站(长淮快充充电站),长丰县,G206(合淮路)安徽恒丰水泥有限公司,117.06778,32.457637,汽车服务;充电站;充电站,13866328153,新能源汽车充电桩,2026/1/27 20:42,3.9,10,2.699,3.929,3.233,3.328,2.841,2.925,3.404,3.746
1271,站_5169,皖小能汽车充电站(长丰政务综合楼停车场),长丰县,"吴山路长丰县人民政府政务服务中心内,长丰县文化和旅游局西南50米",117.16426,32.4618,汽车服务;充电站;充电站,4009961666,新能源汽车充电桩,2026/1/27 20:42,3.5,13,2.808,2.91,3.999,3.725,3.778,3.557,3.551,3.745
1272,站_6656,昆仑网电汽车充电站(中国石油合肥杨公路充电站),长丰县,杨公路辅路与北城路交叉口南300米,117.1586,32.44505,汽车服务;充电站;充电站,95700,新能源汽车充电桩,2026/1/27 20:42,4.3,19,2.859,3.815,3.287,3.361,2.059,2.979,3.031,3.183
1273,站_1452,云快充汽车充电站(安徽龙磐充电站),长丰县,朱巷中学东X008与陈塘路交叉口,117.218865,32.313668,汽车服务;充电站;充电站,13515604240,新能源汽车充电桩,2026/1/27 20:42,4.4,8,2.867,4.162,2.735,3.36,2.236,2.907,3.436,3.603
1274,站_4149,理想超级充电站(理想5C超充站蚌合高速龙门寺服务区蚌埠方向),长丰县,龙门寺服务区,117.10583,32.138287,汽车服务;充电站;充电站,4006860400,新能源汽车充电桩,2026/1/27 20:42,3.8,27,3.746,4.327,2.901,3.027,2.013,3.695,2.653,3.484
1275,站_4640,蔚来能源汽车充电站(合肥方向S17蚌合高速龙门寺服务区),长丰县,龙门寺服务区(S17西),117.103559,32.139713,汽车服务;充电站;充电站,,新能源汽车充电桩,2026/1/27 20:42,4.3,27,2.982,3.692,3.719,3.54,2.153,2.826,3.346,3.772
1276,站_1525,世动云充汽车充电站(世动云充合肥市长丰县岗集镇充电站),长丰县,岗集镇206国道中国石油江淮加油站,117.092285,32.037434,汽车服务;充电站;充电站,4001030535,新能源汽车充电桩,2026/1/27 20:42,4,19,3.187,4.307,2.568,2.877,2.038,3.957,3.138,3.117
1277,站_4356,云快充汽车充电站(合肥庐充双墩镇海宝充电站),长丰县,双墩镇海宝村委会北面停车场,117.310069,32.120023,汽车服务;充电站;充电站,4008288517,新能源汽车充电桩,2026/1/27 20:42,3.6,8,3.21,4.098,3.011,3.378,2.084,2.913,3.397,3.816
1278,站_5120,理想汽车超级充电站(理想5C超充站蚌合高速龙门寺服务区合肥方向),长丰县,龙门寺服务区,117.10375,32.139772,汽车服务;充电站;充电站,4006860400,新能源汽车充电桩,2026/1/27 20:42,3.4,11,2.814,3.843,2.503,3.789,2.386,3.169,3.94,3.309
1279,站_9969,中国铁塔汽车充电站(安徽合肥长丰天宝苑充电站),长丰县,长丰天宝苑,117.25741,32.01026,汽车服务;充电站;充电站,10096,新能源汽车充电桩,2026/1/27 20:42,4,24,2.663,3.797,2.506,3.081,2.09,3.587,3.156,3.946
1280,站_6281,皖小能汽车充电站(智慧大道比亚迪北门停车场),长丰县,智慧大道瓦庙北464米,117.234924,32.167606,汽车服务;充电站;充电站,4009961666,新能源汽车充电桩,2026/1/27 20:42,4.1,28,3.103,3.738,2.899,3.658,2.133,3.985,3.933,3.808
1281,站_4132,皖小能汽车充电站(岗集镇综合文化),长丰县,金岗大道绿城雅苑东215米,117.19726,31.942066,汽车服务;充电站;充电站,4009961666,新能源汽车充电桩,2026/1/27 20:42,3.4,7,2.977,3.715,3.222,3.585,3.319,3.673,3.484,3.826
1282,站_1998,能效邻里共享汽车充电站(谭圩),长丰县,谭圩,117.11312,32.26349,汽车服务;充电站;充电站,15956900459,新能源汽车充电桩,2026/1/27 20:42,3.8,29,3.568,4.349,3.981,3.019,2.749,3.749,3.323,3.826
1283,站_8753,理想超级充电站(理想5C超充站滁新高速杜集服务区滁州方向),长丰县,杜集镇杜集服务区(滁新高速滁州方向),117.30128,32.396114,汽车服务;充电站;充电站,4006860400,新能源汽车充电桩,2026/1/27 20:42,4.5,21,3.44,3.804,3.604,2.915,2.931,3.532,3.257,3.976
1284,站_6577,皖小能汽车充电站(长丰产业新城),长丰县,长丰能源综合改革创新试点展示中心北辰路与凤麟大道辅路交叉口东120米,117.23133,32.18109,汽车服务;充电站;充电站,13225850976,新能源汽车充电桩,2026/1/27 20:42,3.7,12,2.808,3.172,3.428,3.446,3.552,3.011,2.729,3.185
1285,站_9061,云快充汽车充电站(洁致温泉充电站),长丰县,岗集镇斗镇村郑小洼洁致温泉,117.096549,32.028078,汽车服务;充电站;充电站,13965136759;4008288517,新能源汽车充电桩,2026/1/27 20:42,3.6,18,2.555,3.573,3.083,3.712,2.176,3.314,2.548,3.2
1286,站_5769,能效邻里共享汽车充电站(金地自在城),长丰县,兴岭路与蒙城北路辅路交叉口东北140米,117.23672,32.027252,汽车服务;充电站;充电站,13865921810,新能源汽车充电桩,2026/1/27 20:42,3.5,6,2.815,3.68,2.717,3.879,2.729,3.363,4.059,2.941
1287,站_5420,国家电网汽车充电站(滁新高速杜集服务区充电站新蔡方向2),长丰县,滁新高速杜集服务区新蔡方向,117.302927,32.398597,汽车服务;充电站;充电站,96529,新能源汽车充电桩,2026/1/27 20:42,3.2,11,3.283,3.929,2.826,3.747,3.282,3.274,3.287,3.736
1288,站_9678,开迈斯汽车充电站(合肥市北城世纪金源购物中心站),长丰县,蒙城北路与双墩路交口北城世纪金源购物中心地下停车场B1层,117.248231,32.003034,汽车服务;充电站;充电站,4006657666,新能源汽车充电桩,2026/1/27 20:42,4.5,23,3.252,3.836,3.751,3.754,3.601,3.602,3.815,4.146
1289,站_4627,云快充汽车充电站(合肥罗塘乡电站),长丰县,合肥强宏农资公司东100米(水庄路),117.122299,32.365502,汽车服务;充电站;充电站,4008288517,新能源汽车充电桩,2026/1/27 20:42,4.4,8,3.342,4.092,3.446,3.233,3.456,3.987,2.638,3.35
1290,站_2976,世动云充汽车充电站(世动云充合肥市长丰县双墩镇充电站),长丰县,双墩镇合水路,117.25289,32.09701,汽车服务;充电站;充电站,4001030535,新能源汽车充电桩,2026/1/27 20:42,4.2,28,3.291,3.844,2.824,3.311,3.534,3.575,2.884,2.886
1291,站_9276,易佳电汽车充电站(易佳电蜂鸟北城美食城充电站),长丰县,双墩镇濛河路与兴盛路交口北城美食城停车场内,117.252228,32.011816,汽车服务;充电站;充电站,0551-62100112,新能源汽车充电桩,2026/1/27 20:42,3.2,17,2.989,3.659,3.708,3.463,3.532,3.289,4.121,3.964
1292,站_6576,易佳电汽车充电站(易佳电海联盟充电站),长丰县,北城双凤工业区凤巢路海联盟汽车维修厂内,117.258,31.9797,汽车服务;充电站;充电站,0551-62100112,新能源汽车充电桩,2026/1/27 20:42,3.2,22,3.836,3.96,2.724,3.659,2.889,3.912,2.658,3.852
1293,站_5883,小桔充电汽车充电站(双凤双服小桔快充站),长丰县,中化石油合肥双凤加油站,117.26047,31.993465,汽车服务;充电站;充电站,15856982300,新能源汽车充电桩,2026/1/27 20:42,3.8,28,2.565,3.879,3.25,3.453,3.633,2.828,4.184,3.642
1294,站_4777,汽车充电站(吴山服务区),长丰县,G9912合肥都市圈环线与吴山服务区交叉口西北460米,117.067023,32.117759,汽车服务;充电站;充电站,,新能源汽车充电桩,2026/1/27 20:42,4,7,3.995,4.144,3.96,3.347,2.826,3.126,4.121,3.521
1295,站_2568,小桔充电汽车充电站(帕沃充电合肥市恒大帝景小桔充电站),长丰县,双墩镇泉阳路辅路恒大帝景恒大嘉凯影城地下停车场,117.25038,32.029503,汽车服务;充电站;充电站,4000610999,新能源汽车充电桩,2026/1/27 20:42,3.4,14,3.623,3.744,3.186,3.948,2.168,3.903,2.671,3.813
1296,站_8169,汽车充电站(吴山服务区),长丰县,G9912合肥都市圈环线与吴山服务区交叉口西400米,117.066777,32.114882,汽车服务;充电站;充电站,,新能源汽车充电桩,2026/1/27 20:42,4.1,18,3.697,4.171,3.024,3.269,2.05,3.348,3.675,3.055
1297,站_3067,蔚来换电站(合肥北城文明路停车场),长丰县,双墩路210号,117.261396,32.009232,汽车服务;换电站;换电站,,新能源汽车充电桩,2026/1/27 20:42,3.5,8,3.311,4.304,3.957,3.68,2.737,3.029,3.577,2.887
1298,站_7233,合肥市长丰县魏武路停车场充电站,长丰县,凤霞路双凤工业区,117.277652,31.984482,汽车服务;充电站;充电站,,新能源汽车充电桩,2026/1/27 20:42,3.6,6,3.104,4.265,2.893,3.361,3.403,3.894,3.308,3.039
1299,站_7516,小桔充电汽车充电站(海联盟充电站),长丰县,海联盟汽车修理厂,117.25801,31.979692,汽车服务;充电站;充电站,4000610999,新能源汽车充电桩,2026/1/27 20:42,4,13,3.933,4.169,2.979,3.126,2.053,2.858,3.957,3.331
1300,站_5808,特来电充电站(固力发超充电站),长丰县,岗集镇瑞丰路218号金地丽景对面,117.18644,31.95624,汽车服务;充电站;充电站,13866128969,新能源汽车充电桩,2026/1/27 20:42,4.1,15,3.977,3.769,2.895,3.458,3.256,3.083,2.915,3.791
1301,站_4380,易佳电汽车充电站(易佳电蓝鲤岗集充电站),长丰县,岗集镇裕安加油站内,117.1982,31.9389,汽车服务;充电站;充电站,0551-62100112,新能源汽车充电桩,2026/1/27 20:42,4.6,24,3.791,4.458,3.696,3.577,2.011,2.968,3.315,3.691
1302,站_7382,合肥充电合肥市北城凤仪路停车场汽车充电站,长丰县,凤仪路与双凤路交口西南侧,117.275034,31.964077,汽车服务;充电站;充电站,,新能源汽车充电桩,2026/1/27 20:42,3.9,24,2.589,3.902,2.996,3.84,2.998,3.947,2.799,2.992
1303,站_1279,下塘镇双杰汽车充电站,长丰县,合水路156号,117.230058,32.184062,汽车服务;充电站;充电站,,新能源汽车充电桩,2026/1/27 20:42,3.5,17,3.397,4.087,3.435,3.506,2.027,3.209,2.922,3.457
1304,站_2876,安徽交控龙门寺服务区电动汽车充电站(合肥方向),长丰县,s17滁新高速合淮阜路段,117.103121,32.138664,汽车服务;充电站;充电站,0551-63738418,新能源汽车充电桩,2026/1/27 20:42,3.3,6,2.64,4.345,3.484,3.372,2.426,3.442,3.621,3.495
1305,站_7807,长丰县水家湖高铁站汽车充电站,长丰县,下塘路与长淮路交叉口西北80米地面停车场,117.169136,32.482451,汽车服务;充电站;充电站,,新能源汽车充电桩,2026/1/27 20:42,3.9,8,3.425,3.891,2.873,3.288,3.207,2.889,2.552,3.116
1306,站_9729,汽车充电站(合肥公交北城站),长丰县,蒙城北路与汤都路交叉口东北角,117.232866,32.050963,汽车服务;充电站;充电站,,新能源汽车充电桩,2026/1/27 20:42,4,9,3.564,3.804,3.718,3.773,3.499,3.999,3.162,3.174
1307,站_8026,小桔充电充电站(双杰电气合肥有限公司站),长丰县,合水路辅路双杰电气合肥有限公司地面停车场,117.230021,32.183933,汽车服务;充电站;充电站,4000610999,新能源汽车充电桩,2026/1/27 20:42,3.3,6,3.125,3.901,3.032,3.864,3.005,2.916,4.037,3.467
1308,站_4672,小桔充电汽车充电站(合肥北城荣徽苑充电站),长丰县,双墩镇兴盛路北城世纪城荣徽苑,117.25079,32.013957,汽车服务;充电站;充电站,4000610999,新能源汽车充电桩,2026/1/27 20:42,4.2,26,3.191,4.176,3.655,3.912,2.991,3.121,3.775,3.833
1309,站_8469,蔚来换电站(龙门寺服务区合肥方向),长丰县,龙门寺服务区合肥方向,117.103553,32.139983,汽车服务;换电站;换电站,,新能源汽车充电桩,2026/1/27 20:42,3.4,23,2.765,4.142,3.151,3.442,2.748,3.027,2.511,3.412
1310,站_3957,汽车充电站(云快充能量驰罗塘义梅大酒店充电站),长丰县,罗塘乡206国道与029乡道交叉口南200米义梅大酒店门口,117.070545,32.453247,汽车服务;充电站;充电站,15868449932,新能源汽车充电桩,2026/1/27 20:42,4.6,12,2.511,3.929,3.281,3.747,2.871,2.864,4.138,3.53
1311,站_1450,小桔充电汽车充电站(合肥北城世纪金源大饭店充电站),长丰县,金源大道1号合肥北城世纪金源大饭店停车场,117.247893,31.997154,汽车服务;充电站;充电站,4000610999,新能源汽车充电桩,2026/1/27 20:42,3.9,21,3.615,3.898,2.66,3.633,3.42,3.004,2.711,3.575
1312,站_7112,合肥充电北城梅冲湖公园充电站,长丰县,君豪路与梅冲支路交口梅冲湖公园停车场,117.250259,31.995556,汽车服务;充电站;充电站,,新能源汽车充电桩,2026/1/27 20:42,3.7,18,2.914,4.208,3.224,3.64,2.055,3.821,3.174,2.885
1313,站_5865,小桔充电汽车充电站(双杰合肥市吴山镇充电站),长丰县,双杰合肥吴山充换电站,117.09545,32.09,汽车服务;充电站;充电站,4000610999,新能源汽车充电桩,2026/1/27 20:42,4.5,17,3.809,3.768,3.703,3.906,2.511,3.286,3.606,3.803
1314,站_6846,皖小能电动汽车换电站(濛河路站),长丰县,濛河路与兴隆路交叉口东160米,117.249931,32.010473,汽车服务;汽车服务相关;汽车服务相关,,新能源汽车充电桩,2026/1/27 20:42,4.5,19,2.535,4.161,3.308,3.963,2.317,3.848,3.629,3.256
1315,站_7096,合肥充电长丰县下塘镇停车场充电站,长丰县,新合水路下塘停车场,117.215339,32.234263,汽车服务;充电站;充电站,,新能源汽车充电桩,2026/1/27 20:42,4.3,28,3.051,3.968,3.38,3.434,2.585,2.929,2.647,3.266
1316,站_1444,充电站,长丰县,双墩镇魏武路1号,117.252753,31.984068,汽车服务;充电站;充电站,,新能源汽车充电桩,2026/1/27 20:42,4.1,8,2.851,3.691,3.158,3.379,3.306,2.835,3.741,3.229
1317,站_3088,闪烁充电长丰体育馆超级汽车充电站,长丰县,长丰体育公园体育馆,117.160572,32.468817,汽车服务;充电站;充电站,,新能源汽车充电桩,2026/1/27 20:42,3.6,28,3.938,3.474,3.142,3.063,2.448,3.17,3.216,3.595
1318,站_6922,特来电汽车充电站(宝湾国际充电站),长丰县,长丰双凤开发区淮南路22号宝湾国际东南角,117.29677,31.940811,汽车服务;充电站;充电站,4001300001,新能源汽车充电桩,2026/1/27 20:42,3.9,28,3.525,3.144,2.842,2.977,3.79,3.22,2.659,3.91
1319,站_5828,皖小能汽车充电站(吴山镇东岗社区)(暂停营业),长丰县,吴山镇东岗社区053县道西50米,117.06466,32.070477,汽车服务;充电站;充电站,4009961666,新能源汽车充电桩,2026/1/27 20:42,3.7,8,3.244,4.288,3.178,2.889,2.976,3.774,3.652,3.189
1320,站_1590,云快充汽车充电站(合来电长丰县百福家园),长丰县,水湖镇长寿路南门,117.16823,32.480633,汽车服务;充电站;充电站,4008288517,新能源汽车充电桩,2026/1/27 20:42,3.6,20,2.649,3.942,2.913,3.294,2.832,3.633,4.135,2.936
1321,站_8409,驴充充汽车充电站(粮食加工厂),长丰县,沛双路粮食加工厂,117.29752,32.082817,汽车服务;充电站;充电站,0797-966999,新能源汽车充电桩,2026/1/27 20:42,4.5,8,3.682,4.094,2.993,2.908,2.517,2.832,3.097,3.845
1322,站_7666,达克云汽车充电站(安徽合美材料科技有限公司充电站),长丰县,下塘镇建业大道与红旗路交口,117.24849,32.18045,汽车服务;充电站;充电站,4006717555,新能源汽车充电桩,2026/1/27 20:42,3.8,11,3.337,3.862,3.393,3.795,2.418,3.787,3.811,3.785
1323,站_4754,小朗充电汽车充电站(长丰县世纪金源共享充电站),长丰县,双墩镇规划路世纪金源购物中心(北城店)地下车库负2层,117.24396,32.004257,汽车服务;充电站;充电站,4008006700,新能源汽车充电桩,2026/1/27 20:42,3.3,19,3.765,3.64,3.917,3.717,3.651,3.36,3.329,3.064
1324,站_3574,蔚景云汽车充电站(长丰双墩锐鑫快充电站罗集国家电网红绿灯处正对面),长丰县,双墩镇合水路(红绿灯国家电网)对面,117.249825,32.104862,汽车服务;充电站;充电站,13221977778;4000826699,新能源汽车充电桩,2026/1/27 20:42,3.6,27,3.31,4.262,3.686,3.069,2.464,3.229,2.82,3.01
1325,站_1619,蔚景云汽车充电站(创科智充),长丰县,双墩镇润梅路11号凤梅家园,117.25024,31.978891,汽车服务;充电站;充电站,4006803880,新能源汽车充电桩,2026/1/27 20:42,4.5,14,2.953,4.334,2.933,3.484,2.596,2.959,3.318,3.592
1326,站_4635,汽车充电站( 咔咔电姆快充充电站),长丰县,322省道,117.353211,32.362763,汽车服务;充电站;充电站,13956911738,新能源汽车充电桩,2026/1/27 20:42,3.6,27,2.944,4.364,3.235,3.32,2.464,3.49,3.308,3.199
1327,站_8050,理想超级充电站(理想5C超充站滁新高速杜集服务区新蔡方向),长丰县,杜集服务区,117.30231,32.398647,汽车服务;充电站;充电站,4006860400,新能源汽车充电桩,2026/1/27 20:42,3.9,6,3.733,3.894,3.754,2.837,2.792,3.632,3.312,3.386
1328,站_8689,蔚来换电站(龙门寺服务区蚌埠方向),长丰县,龙门寺蚌合高速S17合肥方向,117.105902,32.138175,汽车服务;换电站;换电站,,新能源汽车充电桩,2026/1/27 20:42,3.6,15,3.327,3.75,3.503,3.154,2.801,3.013,3.833,3.585
1329,站_5442,汽车充电站(闪开合肥都荟上城樱花园十六栋快充站)(内部专用),长丰县,双墩镇都荟上城·樱花园,117.254684,32.036263,汽车服务;充电站;充电站,4006679990,新能源汽车充电桩,2026/1/27 20:42,3.4,17,2.907,4.308,3.686,3.385,2.426,3.041,3.74,3.069
1330,站_7983,合肥充电长丰县新城公园充电站,长丰县,新城公园停车场,117.163852,32.467603,汽车服务;汽车服务相关;汽车服务相关,,新能源汽车充电桩,2026/1/27 20:42,3.4,20,3.288,4.18,2.598,3.405,2.928,3.991,3.021,3.371
1331,站_5373,蔚来能源汽车充电站(S17蚌合高速龙门寺服务区蚌埠方向),长丰县,龙门寺服务区与S17蚌合高速交叉口北300米,117.106117,32.138105,汽车服务;充电站;充电站,,新能源汽车充电桩,2026/1/27 20:42,3.4,29,3.754,3.512,3.921,3.939,3.585,2.882,2.593,3.071
1332,站_2157,合肥充电北城凤梅家园西区充电站,长丰县,润梅路3号,117.245732,31.975775,汽车服务;充电站;充电站,,新能源汽车充电桩,2026/1/27 20:42,3.7,24,3.464,4.421,3.116,3.906,2.629,3.211,3.632,2.992
1333,站_5999,云快充汽车充电站(红瑞德超市),长丰县,罗塘乡甲道社区红旗站红瑞德购物超市,117.070085,32.453131,汽车服务;充电站;充电站,4008288517,新能源汽车充电桩,2026/1/27 20:42,3.2,24,3.44,3.906,3.989,2.952,3.614,3.468,3.702,3.475
1334,站_8682,皖小能汽车充电站(中试城安徽总部基地),长丰县,中国中试城安徽总部基地双凤经济开发区金梅路东016号,117.266,31.976662,汽车服务;充电站;充电站,17356531078,新能源汽车充电桩,2026/1/27 20:42,3.4,27,3.683,3.529,3.756,2.972,2.346,2.813,2.868,2.81
1335,站_8112,蔚景云汽车充电站(倍来充安徽同铸工程机械有限公司充电站),长丰县,岗集镇岗淮路安徽同铸工程机械有限公司,117.14561,31.967793,汽车服务;充电站;充电站,4006803880,新能源汽车充电桩,2026/1/27 20:42,3.4,17,3.292,4.487,2.964,3.427,2.693,2.831,3.384,3.742
1336,站_7534,云快充汽车充电站(罗戴路),长丰县,罗塘乡S230与罗戴路交叉口西北角,117.15875,32.386374,汽车服务;充电站;充电站,4008288517,新能源汽车充电桩,2026/1/27 20:42,3.7,19,3.289,4.033,2.604,3.377,3.588,3.742,3.823,3.313
1337,站_8571,特来电汽车充电站(毅威出行王中王蜂充电站),长丰县,双墩镇凤麟路23号安徽王中王蜂产品有限公司,117.275116,31.973507,汽车服务;充电站;充电站,4008806700,新能源汽车充电桩,2026/1/27 20:42,4.4,7,3.516,4.474,2.728,3.35,3.207,2.882,4.038,2.958
1338,站_6788,能效邻里共享汽车充电站(成德小院直流快充),长丰县,西南一环小区17栋与18栋之间最东边,117.14609,32.126507,汽车服务;充电站;充电站,15155906915,新能源汽车充电桩,2026/1/27 20:42,3.8,11,3.372,3.563,3.325,3.425,2.996,3.518,4.067,3.152
1339,站_7116,汽车充电站(合肥充电北城兴盛路站),长丰县,双墩路71号,117.252164,32.009833,汽车服务;汽车服务相关;汽车服务相关,,新能源汽车充电桩,2026/1/27 20:42,4.5,9,2.961,3.676,3.169,3.128,2.078,3.852,2.91,3.41
1340,站_6055,皖小能汽车充电站(吴山镇井岗村),长丰县,井岗社区居委会053县道与206国道交叉口西200米吴山镇交通运输管理所附近,117.0919,32.060337,汽车服务;充电站;充电站,4009961666,新能源汽车充电桩,2026/1/27 20:42,4.3,17,3.308,4.367,3.894,3.013,2.939,2.866,2.672,3.704
1341,站_6205,皖小能汽车充电站,长丰县,长淮路63号,117.164622,32.460628,汽车服务;充电站;充电站,,新能源汽车充电桩,2026/1/27 20:42,4.6,22,3.209,3.755,3.401,3.75,2.058,3.849,3.289,3.592
1342,站_9767,莱充汽车充电站(水庄路(永辉平价超市),长丰县,罗塘乡永辉锦坤平价超市,117.149188,32.409385,汽车服务;充电站;充电站,13865975255,新能源汽车充电桩,2026/1/27 20:42,3.6,8,3.387,4.448,3.034,3.283,3.409,2.997,2.776,3.247
1343,站_2642,国家电网汽车充电站(安徽省合肥市长丰县杜集中心供电所有序交流充电站),长丰县,长丰县公安局杜集派出所院内,117.35384,32.36308,汽车服务;充电站;充电站,96529,新能源汽车充电桩,2026/1/27 20:42,4.5,12,3.191,3.654,3.991,3.311,3.211,3.767,3.368,3.757
1344,站_8997,皖小能汽车充电站(岗集镇卧龙山社区),长丰县,岗集镇卧龙山社区土山小学,117.11846,31.993713,汽车服务;充电站;充电站,4009961666,新能源汽车充电桩,2026/1/27 20:42,3.4,9,3.704,4.283,2.961,3.673,3.231,2.852,4.036,3.728
1345,站_3628,皖小能汽车充电站(左店镇永丰社区),长丰县,左店镇永丰社区居委会左店镇,117.237564,32.389748,汽车服务;充电站;充电站,4009961666,新能源汽车充电桩,2026/1/27 20:42,4.2,10,3.756,3.722,3.388,3.576,3.134,3.252,3.126,3.598
1346,站_2272,星星充电汽车充电站(安徽国际商务职业学院)(内部专用),长丰县,双墩镇思诚楼安徽国际商务职业学院,117.271034,31.986408,汽车服务;充电站;专用充电站,4008280768,新能源汽车充电桩,2026/1/27 20:42,4.4,22,3.644,3.967,3.196,3.485,2.892,3.751,3.739,3.077
1347,站_1384,驴充充汽车充电站(刘兴村),长丰县,S322刘兴村地面停车场,117.398751,32.361364,汽车服务;充电站;充电站,0797-966999,新能源汽车充电桩,2026/1/27 20:42,4,21,3.095,3.816,3.48,3.169,3.465,3.642,2.899,3.656
1348,站_2091,蔚景云汽车充电站(凤麟兰庭二期10号楼充电站),长丰县,双墩镇凤麟兰庭2期10号楼北侧负一层地下车库,117.29856,31.954056,汽车服务;充电站;充电站,4006803880,新能源汽车充电桩,2026/1/27 20:42,3.2,5,3.323,4.223,3.575,3.381,3.555,3.774,3.135,2.975
1349,站_5176,小朗充电汽车充电站(长丰县金地方邻共享充电站),长丰县,双墩镇肯德基(合肥金地自在城店)金地·方邻(合肥北城店),117.240776,32.027447,汽车服务;充电站;充电站,4008806700,新能源汽车充电桩,2026/1/27 20:42,3.7,26,3.661,4.417,2.584,3.506,3.606,3.504,4.06,3.065
1350,站_2111,皖小能汽车充电站(水湖镇水务局),长丰县,东苑新村小区长寿路与吴山路交叉口西南100米,117.16299,32.48042,汽车服务;充电站;充电站,4009961666,新能源汽车充电桩,2026/1/27 20:42,3.5,11,2.793,3.765,3.326,3.544,2.377,3.16,3.714,3.994
1351,站_6845,兢劲电研汽车充电站(电摩站),长丰县,双凤开发区金大地翡翠公馆20栋B-104,117.26684,31.960516,汽车服务;充电站;充电站,18133688685,新能源汽车充电桩,2026/1/27 20:42,3.3,28,3.08,3.607,2.926,2.998,2.234,3.607,4,2.899
1352,站_3122,小桔充电汽车充电站(翔孚快享充长丰税务局充电站),长丰县,国家税务总局长丰县税务局,117.24539,32.0336,汽车服务;充电站;充电站,4000610999,新能源汽车充电桩,2026/1/27 20:42,3.4,15,3.171,3.551,3.407,3.887,2.325,3.729,3.096,3.869
1353,站_4577,皖小能汽车充电站(下塘镇陶湖社区),长丰县,长丰农村商业银行(陶湖支行)下塘镇交通街,117.212008,32.254093,汽车服务;充电站;充电站,4009961666,新能源汽车充电桩,2026/1/27 20:42,3.5,11,2.727,3.559,3.108,3.474,2.335,3.112,3.079,3.956
1354,站_8410,国家电网汽车充电站(安徽省合肥市长丰县庄墓中心供电所有序交流充电站),长丰县,庄墓镇庄大路与206国道交叉口西南100米院外,117.125,32.339,汽车服务;充电站;充电站,96529,新能源汽车充电桩,2026/1/27 20:42,4.6,14,2.969,3.974,4.5,3.603,2.636,3.23,3.094,4.245
1355,站_3713,皖小能汽车充电站(左店镇左店社区安置房),长丰县,左店镇左店社区安置房地面停车场,117.235596,32.40861,汽车服务;充电站;充电站,4009961666,新能源汽车充电桩,2026/1/27 20:42,4,14,2.74,4.189,3.227,3.701,2.411,3.67,3.256,3.284
1356,站_5050,蔚景云汽车充电站(安徽皖通科技股份有限公司),长丰县,双墩镇合水路,117.245445,32.112907,汽车服务;充电站;个人充电站,4006803880,新能源汽车充电桩,2026/1/27 20:42,3.5,22,2.767,4.028,3.659,3.185,2.757,3.161,3.215,2.983
1357,站_3603,能效邻里共享汽车充电站(晶创能效充电桩7KW),长丰县,晶创汽车服务有限公司门口,117.19313,31.940395,汽车服务;充电站;充电站,15209823218,新能源汽车充电桩,2026/1/27 20:42,3.7,22,3.788,3.942,2.655,3.131,3.752,3.249,3.055,3.076
1358,站_8839,充小兽汽车充电站(宝湾国际站),长丰县,合肥德爱威建材有限公司(淮南路西300米),117.29519,31.938362,汽车服务;充电站;充电站,18605518868,新能源汽车充电桩,2026/1/27 20:42,3.7,6,3.811,4.129,3.501,3.841,3.745,3.037,4.116,3.198
1359,站_4861,蔚享天成汽车充电站(瑞龙花园),长丰县,瑞龙花园,117.25179,31.98151,汽车服务;充电站;充电站,19556541806,新能源汽车充电桩,2026/1/27 20:42,4.5,24,3.767,4.068,2.543,2.912,2.793,3.273,3.992,3.419
1360,站_8010,皖小能汽车充电站(吴山镇五十埠社区),长丰县,吴山镇五十埠社区退役军人服务管理站长丰县吴山镇五十埠社区居民委员会,117.09488,32.07181,汽车服务;充电站;充电站,4009961666,新能源汽车充电桩,2026/1/27 20:42,3.8,8,3.417,3.612,3.116,3.117,2.586,3.079,2.811,3.867
1361,站_8189,达克云汽车充电站(合肥晶宫绿建充电站),长丰县,吴山镇青年路与206国道交叉口西南200米合肥晶宫绿建节能建筑有限责任公司,117.089264,32.07696,汽车服务;充电站;充电站,4006717555,新能源汽车充电桩,2026/1/27 20:42,4.3,7,3.507,4.496,3.319,3.09,2.122,3.411,2.634,2.963
1362,站_9740,达克云汽车充电站(长丰农村商业银行充电桩),长丰县,长丰农村商业银行,117.191154,31.943796,汽车服务;充电站;充电站,4006717555,新能源汽车充电桩,2026/1/27 20:42,3.7,14,2.756,4.189,2.894,2.899,3.455,3.375,3.103,3.86
1363,站_2085,比亚迪电动汽车家用慢充桩7kw,长丰县,恒大帝景附近,117.255154,32.02671,汽车服务;充电站;充电站,18755655206,新能源汽车充电桩,2026/1/27 20:42,4.3,22,2.915,4.458,3.496,3.257,3.11,3.994,3.634,3.885
1364,站_3543,皖小能汽车充电站(杨庙镇云峰村),长丰县,杨庙镇云峰村退役军人服务管理站杨庙镇云峰村党群服务中心,117.10924,32.182484,汽车服务;充电站;充电站,4009961666,新能源汽车充电桩,2026/1/27 20:42,4.2,9,3.381,3.505,3.973,3.135,2.415,3.891,3.007,3.01
1365,站_3667,皖能岗集综合文化站停车场汽车充电站,长丰县,金岗大道1号,117.197725,31.942336,汽车服务;充电站;充电站,,新能源汽车充电桩,2026/1/27 20:42,4.2,6,2.974,4.465,2.704,3.112,2.777,3.781,2.7,3.398
1366,站_7142,皖小能汽车充电站(左店镇陆桥社区),长丰县,左店镇陆桥社区,117.22796,32.44588,汽车服务;充电站;充电站,4009961666,新能源汽车充电桩,2026/1/27 20:42,3.6,14,2.608,4.094,2.605,3.399,2.924,3.388,3.454,3.019
1367,站_6984,能效邻里共享汽车充电站(兴旺充电桩),长丰县,瑞徽苑地下车库B218,117.24303,32.00693,汽车服务;充电站;充电站,17775381253,新能源汽车充电桩,2026/1/27 20:42,4.6,16,3.274,4.055,3.717,2.825,3.555,2.952,2.857,3.65
1368,站_3079,超翔汽车充电站(梁庄幸福里小区),长丰县,梁庄幸福里内部地面停车场,117.25028,32.098118,汽车服务;充电站;充电站,15391931005,新能源汽车充电桩,2026/1/27 20:42,4.1,7,3.228,4.433,2.919,3.879,2.679,3.478,3.228,3.637
1369,站_1334,皖小能汽车充电站(水湖镇双杨花园),长丰县,双扬花园杨公路49号正东方向70米,117.160225,32.473373,汽车服务;充电站;充电站,4009961666,新能源汽车充电桩,2026/1/27 20:42,3.4,9,3.349,3.979,3.311,3.688,3.79,2.953,2.892,2.979
1370,站_3252,皖小能汽车充电站(皖小能朱巷镇滨水家园),长丰县,中国中铁四局集团长丰县朱巷镇安置房(滨水家园)项目经理部朱巷东路,117.22299,32.32025,汽车服务;充电站;充电站,4009961666,新能源汽车充电桩,2026/1/27 20:42,4.1,6,3.584,4.188,2.57,3.712,3.15,3.101,3.82,3.403
1371,站_8574,皖小能汽车充电站(下塘镇埠里社区),长丰县,下塘镇好又多超市(下塘镇埠里农贸市场店)下塘镇埠里农贸市场,117.32092,32.16565,汽车服务;充电站;充电站,4009961666,新能源汽车充电桩,2026/1/27 20:42,4.3,27,2.659,3.667,3.812,3.848,2.276,3.927,3.158,3.85
1372,站_2951,国家电网汽车充电站(安徽省合肥市长丰县隆兴供电服务站有序交流充电站),长丰县,杜集乡隆兴街道院外,117.38015,32.33567,汽车服务;充电站;充电站,96529,新能源汽车充电桩,2026/1/27 20:42,3.9,11,3.886,4.168,3.173,3.483,2.481,3.364,3.14,2.945
1373,站_3813,卓燕智行目的地充电站(四期洋房6栋南面),长丰县,下塘镇孔雀城四期,117.237885,32.18978,汽车服务;充电站;充电站,13303165961,新能源汽车充电桩,2026/1/27 20:42,3.3,18,3.285,4.386,3.114,3.491,2.771,2.913,3.286,2.881
1374,站_6961,皖小能汽车充电站(吴山镇牌碑社区),长丰县,吴山镇牌碑社区居民委员会,117.09304,32.131386,汽车服务;充电站;充电站,4009961666,新能源汽车充电桩,2026/1/27 20:42,3.5,16,3.438,4.456,3.089,3.315,2.315,3.103,2.874,3.659
1375,站_4644,小桔充电汽车充电站(合肥市祥源玖悦湾小桔充电站),长丰县,岗集镇祥源玖悦湾,117.15828,31.96657,汽车服务;充电站;充电站,4000610999,新能源汽车充电桩,2026/1/27 20:42,4.4,7,3.218,3.679,3.641,3.876,2.661,3.903,4.023,3.508
1376,站_2286,云快充汽车充电站(马郢充电站),长丰县,行走的树艺术农场(G206西)停车场,117.08063,32.165867,汽车服务;充电站;充电站,4008288517,新能源汽车充电桩,2026/1/27 20:42,4.1,17,3.313,3.609,2.787,2.883,2.925,3.862,2.768,3.674
1377,站_2844,皖小能汽车充电站(岗集镇斗镇村),长丰县,中共岗集镇斗镇村支部委员会,117.092606,32.05013,汽车服务;充电站;充电站,4009961666,新能源汽车充电桩,2026/1/27 20:42,4.5,15,3.669,3.888,2.579,3.158,2.354,2.893,2.995,3.833
1378,站_4939,云快充目的地充电站(双杰金店雅苑充电站),长丰县,下塘镇金店雅苑三期地下停车场,117.22626,32.18158,汽车服务;充电站;充电站,4008288517,新能源汽车充电桩,2026/1/27 20:42,3.5,17,3.811,3.875,3.994,3.785,2.616,3.585,2.966,3.48
1379,站_3736,驴充充汽车充电站(恒泰泰悦荟停车场充电桩),长丰县,蒙城北路恒泰悦城恒泰·泰悦荟-A座,117.256645,31.965967,汽车服务;充电站;充电站,13522171315,新能源汽车充电桩,2026/1/27 20:42,4.5,7,3.992,3.726,3.121,3.165,2.949,3.343,3.986,3.14
1380,站_8250,汽车充电站(皖尚充长丰县朱巷镇前黄村站),长丰县,227省道,117.268426,32.33256,汽车服务;充电站;充电站,,新能源汽车充电桩,2026/1/27 20:42,3.2,28,3.016,4.179,3.799,3.997,2.515,3.202,3.796,3.664
1381,站_9206,皖小能汽车充电站(庄墓镇庄王村),长丰县,庄墓镇庄王社区退役军人服务站庄墓镇庄王社区居民委员会,117.124466,32.352478,汽车服务;充电站;充电站,4009961666,新能源汽车充电桩,2026/1/27 20:42,3.5,21,2.8,4.242,3.467,3.303,2.554,2.971,3.56,3.402
1382,站_3789,皖小能汽车充电站(罗塘乡张岗村),长丰县,罗塘乡人社社保服务窗口,117.09357,32.419605,汽车服务;充电站;充电站,4009961666,新能源汽车充电桩,2026/1/27 20:42,3.7,5,3.155,4.071,3.282,3.479,3.106,3.067,3.47,2.923
1383,站_095,汽车充电站,长丰县,北城中环城一期地库A089号车位,117.252591,32.031157,汽车服务;充电站;充电站,18815697607,新能源汽车充电桩,2026/1/27 20:42,4,1,2.5,6.735,2.5,2.5,2.5,2.5,2.5,2.5
1384,站_6463,念湖中央公园电动汽车充电站,长丰县,凤麟大道辅路与红枫路交叉口北180米,117.227488,32.193904,汽车服务;充电站;充电站,,新能源汽车充电桩,2026/1/27 20:42,3.8,23,2.616,3.567,2.534,3.868,2.63,3.248,3.279,3.477
1385,站_1832,皖小能汽车充电站(杜集镇陈岗村),长丰县,杜集镇陈岗村退役军人服务站杜集镇陈岗村,117.354904,32.42455,汽车服务;充电站;充电站,4009961666,新能源汽车充电桩,2026/1/27 20:42,3.6,9,3.954,3.95,3.225,3.515,3.69,3.774,2.661,3.462
1386,站_1364,驴充充汽车充电站(长丰县罗集中心校),长丰县,S102(合水路)长丰县罗集中心校,117.24825,32.10774,汽车服务;充电站;充电站,0797-966999,新能源汽车充电桩,2026/1/27 20:42,3.7,10,3.473,3.359,3.745,3.878,3.764,3.097,2.75,4.203
1387,站_2367,皖小能汽车充电站(下塘镇万岗社区),长丰县,万岗社区退役军人服务管理站069乡道,117.21337,32.281124,汽车服务;充电站;充电站,4009961666,新能源汽车充电桩,2026/1/27 20:42,4.3,10,3.199,3.615,2.8,3.146,3.052,3.848,3.211,3.857
1388,站_4906,皖小能汽车充电站(岗集镇前丰社区),长丰县,岗集镇前丰社区居民委员会岗集公租房,117.199,31.945044,汽车服务;充电站;充电站,4009961666,新能源汽车充电桩,2026/1/27 20:42,3.4,22,2.881,3.852,3.618,3.704,2.402,2.996,2.506,2.865
1389,站_3730,皖小能汽车充电站(杜集镇新星村),长丰县,杜集镇新星村村民委员会,117.33277,32.41895,汽车服务;充电站;充电站,4009961666,新能源汽车充电桩,2026/1/27 20:42,4.3,22,3.197,4.446,2.91,3.161,3.653,3.859,2.828,3.332
1390,站_2674,皖小能汽车充电站(水湖镇黄浒塘社区),长丰县,黄浒塘社区居民委员会金秋花园东北门旁,117.17025,32.49228,汽车服务;充电站;充电站,4009961666,新能源汽车充电桩,2026/1/27 20:42,4.4,23,2.79,4.174,3.994,3.785,3.302,3.436,4.077,3.213
1391,站_1717,科大能通汽车充电站(合肥华地森林语-瑞园),长丰县,华地森林语-瑞园,117.256546,32.025154,汽车服务;充电站;充电站,4008042400,新能源汽车充电桩,2026/1/27 20:42,3.9,14,3.561,3.513,3.587,3.065,3.216,3.794,3.633,2.892
1392,站_9539,驴充充汽车充电站(恒泰城果二期),长丰县,金宁路恒泰城果-二期(双凤地铁站A口步行400米),117.26045,31.956036,汽车服务;充电站;充电站,13522171315,新能源汽车充电桩,2026/1/27 20:42,3.8,21,2.754,4.096,3.886,3.986,3.102,2.971,2.897,3.269
1393,站_1722,特来电充电站(安智行宝湾国际),长丰县,地面停车场002,117.296297,31.940767,汽车服务;充电站;充电站,,新能源汽车充电桩,2026/1/27 20:42,4,17,3.46,4.499,3.89,3.47,2.586,3.632,3.273,2.824
1394,站_7509,皖小能汽车充电站(检察院),长丰县,水湖镇长丰县人民检察院,117.159485,32.473316,汽车服务;充电站;充电站,4009961666,新能源汽车充电桩,2026/1/27 20:42,4.4,26,2.801,3.728,2.569,3.057,3.23,3.735,3.102,3.558
1395,站_4606,皖小能汽车充电站(陶楼镇高塘社区),长丰县,陶楼镇高塘社区居委会,117.17838,32.08262,汽车服务;充电站;充电站,4009961666,新能源汽车充电桩,2026/1/27 20:42,4.1,18,3.336,3.714,3.398,3.8,2.72,3.537,3.063,3.166
1396,站_5530,皖小能汽车充电站(朱巷镇庞孤堆社区),长丰县,朱巷镇庞孤堆社区居民委员会,117.255775,32.341152,汽车服务;充电站;充电站,4009961666,新能源汽车充电桩,2026/1/27 20:42,3.8,20,3.141,4.138,2.707,3.508,2.78,2.833,2.797,3.768
1397,站_1015,皖小能汽车充电站(双墩镇罗集村),长丰县,罗集村,117.24877,32.101585,汽车服务;充电站;充电站,4009961666,新能源汽车充电桩,2026/1/27 20:42,4.1,24,3.814,4.236,3.621,3.894,2.138,3.363,3.952,3.898
1398,站_4038,皖小能汽车充电站(五七干校),长丰县,杜集镇胜利村五七干校,117.337326,32.392757,汽车服务;充电站;充电站,4009961666,新能源汽车充电桩,2026/1/27 20:42,3.9,29,2.949,3.536,2.77,3.398,2.738,3.214,2.954,3.682
1399,站_1546,驴充充汽车充电站(恒泰城宫),长丰县,恒泰城宫恒泰城宫-94栋(双凤地铁站A口步行230米),117.25792,31.95826,汽车服务;充电站;充电站,13522171315,新能源汽车充电桩,2026/1/27 20:42,4.6,21,3.273,3.722,2.775,3.727,3.501,3.164,3.992,3.318
1400,站_7772,皖小能汽车充电站(下塘镇南集村),长丰县,下塘镇南集村村委会,117.29959,32.160934,汽车服务;充电站;充电站,4009961666,新能源汽车充电桩,2026/1/27 20:42,3.6,11,3.024,4.308,2.593,3.23,2.587,3.64,2.555,3.086
1401,站_7764,汽车充电站(云快充站),长丰县,206国道,117.118066,32.322483,汽车服务;充电站;充电站,,新能源汽车充电桩,2026/1/27 20:42,3.9,7,2.833,4.081,2.606,3.043,3.75,3.114,4.014,2.978
1402,站_3794,科大能通华地森林语锦园充电站,长丰县,阜阳北路g40号,117.255865,32.02269,汽车服务;充电站;充电站,4008042400,新能源汽车充电桩,2026/1/27 20:42,3.9,18,3.327,3.793,3.634,3.008,2.673,3.199,2.793,3.417
1403,站_3180,电动汽车充电站(金湖公园),长丰县,瑞风路与安居路交叉口西北160米,117.192813,31.957908,汽车服务;充电站;充电站,,新能源汽车充电桩,2026/1/27 20:42,3.7,22,3.231,4.411,3.845,2.991,3.379,2.854,3.611,3.141
1404,站_1030,皖小能汽车充电站(岗集镇三十埠社区),长丰县,岗集镇三十埠社区长丰县岗集镇三十埠社区居民委员会,117.1768,31.982222,汽车服务;充电站;充电站,4009961666,新能源汽车充电桩,2026/1/27 20:42,4.1,7,3.936,3.556,3.554,3.28,3.041,3.142,2.631,3.397
1405,站_1445,小桔充电充电站(合肥北城荣徽苑充电站),长丰县,兴隆路与聂公路交叉口北80米,117.247778,32.012899,汽车服务;充电站;充电站,,新能源汽车充电桩,2026/1/27 20:42,4.2,20,2.615,4.046,3.832,2.843,2.213,3.887,3.856,3.091
1406,站_4645,腾付充汽车充电站(金秋花园充电桩),长丰县,辉隆连锁,117.169655,32.492855,汽车服务;充电站;充电站,18670392218,新能源汽车充电桩,2026/1/27 20:42,4.3,16,3.658,3.963,3.123,3.297,2.17,3.117,3.252,3.587
1407,站_6135,皖小能汽车充电站(水湖镇李杨村),长丰县,水湖镇李杨村村委会,117.207405,32.455612,汽车服务;充电站;充电站,4009961666,新能源汽车充电桩,2026/1/27 20:42,4.1,17,2.688,3.776,3.175,3.671,3.355,3.762,2.711,3.331
1408,站_8614,EVCHARGER租车充电站(梅冲湖公园停车场),长丰县,君豪路与梅冲支路交口梅冲湖公园(北侧),117.250295,31.995406,汽车服务;充电站;充电站,0551-65902271,新能源汽车充电桩,2026/1/27 20:42,4.3,20,3.628,4.06,3.972,3.441,2.07,3.58,2.847,3.525
1409,站_5140,皖小能汽车充电站(杨庙镇双塘村),长丰县,杨庙镇双塘村村民委员会206国道东200米,117.08688,32.218735,汽车服务;充电站;充电站,4009961666,新能源汽车充电桩,2026/1/27 20:42,3.5,17,3.785,4.246,3.266,3.415,2.232,3.425,4.118,2.924
1410,站_7464,皖小能汽车充电站(造甲乡双河新村),长丰县,造甲乡双河社区退役军人服务站长丰县造甲乡双河村民委员会,117.29463,32.234844,汽车服务;充电站;充电站,4009961666,新能源汽车充电桩,2026/1/27 20:42,4.2,12,2.506,3.827,3.656,3.043,2.214,3.009,3.894,2.943
1411,站_6344,皖小能汽车充电站(水湖镇丰峡村),长丰县,水湖镇丰峡村,117.178825,32.465588,汽车服务;充电站;充电站,4009961666,新能源汽车充电桩,2026/1/27 20:42,3.2,6,2.541,4.366,2.576,3.445,3.781,3.312,2.654,3.688
1412,站_4847,皖小能汽车充电站(下塘镇陶新村),长丰县,下塘镇陶新村党群服务中心长丰县下塘镇陶新村民委员会,117.28557,32.190083,汽车服务;充电站;充电站,4009961666,新能源汽车充电桩,2026/1/27 20:42,3.8,14,3.471,2.883,3.811,3.044,3.12,3.856,4.053,3.123
1413,站_9782,皖小能汽车充电站(岗集镇新庄社区),长丰县,岗集镇新庄社居委监督委员会地面停车场,117.21609,31.980288,汽车服务;充电站;充电站,4009961666,新能源汽车充电桩,2026/1/27 20:42,4.4,17,3.413,4.019,2.997,2.857,2.419,3.254,3.758,3.534
1414,站_8608,皖小能汽车充电站(造甲乡许圩村),长丰县,造甲乡许圩村村委会中共造甲乡许圩村总支委员会,117.32834,32.263233,汽车服务;充电站;充电站,4009961666,新能源汽车充电桩,2026/1/27 20:42,3.4,7,3.015,4.398,2.786,3.479,3.548,2.971,3.796,3.157
1415,站_5256,皖小能汽车充电站(庄墓镇侯集村),长丰县,庄墓镇侯集社区党群服务中心,117.11411,32.329105,汽车服务;充电站;充电站,4009961666,新能源汽车充电桩,2026/1/27 20:42,3.6,16,3.77,3.911,3.891,2.87,2.162,3.006,3.722,3.605
1416,站_7681,云快充目的地充电站(北城国徽苑私桩共享),长丰县,双墩镇北城世纪城·国徽苑北区地下停车场16栋南侧车位号A1559,117.245,31.9988,汽车服务;充电站;充电站,18301200183;4008288517,快充桩,2026/1/27 20:42,4,16,2.949,3.939,3.702,3.781,3.691,3.376,2.526,3.088
1417,站_5530,保约快充桩,长丰县,052乡道,117.197145,32.13749,汽车服务;充电站;充电站,15256977696,快充桩,2026/1/27 20:42,4.6,7,3.241,3.791,3.085,3.098,3.275,3.364,2.551,3.181
1418,站_8342,特来电汽车充电站(合肥岗集公租房),长丰县,金岗大道岗集公租房,117.198594,31.945863,汽车服务;充电站;充电站,,特来电充电站,2026/1/27 20:42,4.1,26,3.765,4.075,3.305,3.92,3.243,3.077,3.029,3.438
1419,站_2428,星星充电汽车充电站(异常融科梧桐里充电站)(暂停营业),长丰县,阜阳路与金宁路交叉口,117.26664,31.959341,汽车服务;充电站;充电站,15656563322,星星充电,2026/1/27 20:42,4.4,8,3.747,4.104,3.8,3.263,3.262,3.779,2.666,3.855
1420,站_6789,龙门寺服务区国家电网电动汽车充电站,长丰县,龙门寺服务区(蚌合高速合肥方向)龙门寺服务区1F层,117.103912,32.140184,汽车服务;充电站;充电站,96529,国家电网充电站,2026/1/27 20:42,3.6,13,3.547,3.88,3.528,3.338,3.419,3.835,3.2,3.671
1421,站_3337,龙门寺服务区国家电网电动汽车充电站,长丰县,龙门寺服务区(蚌合高速蚌埠方向)龙门寺服务区1F层,117.105508,32.13791,汽车服务;充电站;充电站,96529,国家电网充电站,2026/1/27 20:42,3.5,28,3.034,3.682,2.797,3.207,3.752,3.726,4.066,3.855
1422,站_726,中国石化汽车充电站(文明南路充电站),庐江县,岗湾街道文明南路与县河梗交口东南侧,117.29054,31.238459,汽车服务;充电站;充电站,95105888,新能源汽车充电桩,2026/1/27 20:43,3.875,24,3.42,2.737,2.691,2.5,2.766,2.5,2.5,2.5
1423,站_727,中国石化汽车充电站(外环南路充电站),庐江县,岗湾街道中国石化外环南路加油加气站,117.30152,31.223581,汽车服务;充电站;充电站,95105888,新能源汽车充电桩,2026/1/27 20:43,2.952380952380953,21,5.601,3.388,2.89,2.5,2.5,2.5,2.5,2.5
1424,站_728,中国石化汽车充电站(塔山社区充电站),庐江县,庐城镇内环北路庐江县城关小学惠民校区,117.303635,31.25773,汽车服务;充电站;充电站,95105888,新能源汽车充电桩,2026/1/27 20:43,2.8125,8,1.716,2.5,2.5,2.5,3.745,2.5,3.745,2.5
1425,站_729,超翔汽车充电站(国轩三期),庐江县,庐城镇王家山咀,117.23526,31.231239,汽车服务;充电站;充电站,13805650001,新能源汽车充电桩,2026/1/27 20:43,2.7333333333333334,30,2.225,2.539,2.571,2.5,2.682,2.5,2.5,2.5
1426,站_730,国家电网汽车充电站(合安高速陈埠服务区充电站安庆方向),庐江县,合安高速公路陈埠服务区(安庆方向),117.160025,31.220714,汽车服务;充电站;充电站,0551-63881234;96529,新能源汽车充电桩,2026/1/27 20:43,3.4285714285714284,7,2.884,2.5,2.5,2.5,2.5,2.5,2.5,2.5
1427,站_3648,国家电网汽车充电站(安徽省合肥市庐江县松棵路充电站),庐江县,松棵路与方塔路交界处向北50米,117.287415,31.266813,汽车服务;充电站;充电站,96529,新能源汽车充电桩,2026/1/27 20:43,4.3,29,3.184,4.248,2.913,3.593,2.619,3.711,2.691,3.562
1428,站_3384,极氪能源超级充电站(合肥庐江安德利酒店极充站),庐江县,军二路周瑜大道与合铜路交口安德利广场1楼庐江安德利酒店地面停车位,117.26838,31.263187,汽车服务;充电站;充电站,4000036036,新能源汽车充电桩,2026/1/27 20:43,4.5,15,2.752,2.883,3.79,3.08,3.68,2.859,2.835,2.899
1429,站_8648,昆仑网电汽车充电站(中国石油合肥庐江县陈埠充电站),庐江县,陈埠充电站,117.24112,31.2081,汽车服务;充电站;充电站,95700,新能源汽车充电桩,2026/1/27 20:43,4,26,2.946,3.753,3.523,2.832,3.104,2.831,2.958,3.789
1430,站_4829,中国石化汽车充电站(周瑜大道充电站),庐江县,346国道与二军路交叉口东120米,117.20604,31.317034,汽车服务;充电站;充电站,95105888,新能源汽车充电桩,2026/1/27 20:43,4.4,25,3.888,4.335,2.915,3.076,2.816,3.532,4.107,3.543
1431,站_7217,中国石化汽车充电站(惠民路充电站),庐江县,庐巢路240号,117.304377,31.252268,汽车服务;充电站;充电站,95105888,新能源汽车充电桩,2026/1/27 20:43,4.1,29,3.179,3.971,3.279,2.831,2.278,3.745,2.586,3.814
1432,站_5452,蔚景云汽车充电站(徽充充电站同大站),庐江县,同大镇合铜路红府超市后院,117.259779,31.50065,汽车服务;充电站;充电站,4006803880,新能源汽车充电桩,2026/1/27 20:43,3.3,8,3.557,4.111,2.567,3.735,2.832,3.364,3.737,3.666
1433,站_8582,中国石化汽车充电站(合黄充电站),庐江县,罗河镇中国石化合黄加油站,117.371315,31.000788,汽车服务;充电站;充电站,95105888,新能源汽车充电桩,2026/1/27 20:43,3.5,22,2.61,3.898,3.554,3.106,2.756,3.29,3.086,3.4
1434,站_9794,卫莱电汽车充电站(皖能慧充白湖镇裴岗快充站),庐江县,白湖镇农村环境综合治理办公室庐江县S103附近,117.40068,31.221216,汽车服务;充电站;充电站,17605538003,新能源汽车充电桩,2026/1/27 20:43,4.4,18,3.954,3.674,3.36,3.957,2.798,3.461,2.653,2.899
1435,站_9374,云快充汽车充电站(庐江县方圆荟超充站),庐江县,城中中路112号,117.292271,31.243256,汽车服务;充电站;充电站,4008288517,新能源汽车充电桩,2026/1/27 20:43,3.2,26,3.544,3.601,2.693,3.888,3.752,3.334,3.086,2.963
1436,站_5479,中国铁塔汽车充电站(安徽合肥庐江县高建新村汽车充电站),庐江县,内环东路与潜川路交叉口南40米,117.306474,31.235649,汽车服务;充电站;充电站,10096,新能源汽车充电桩,2026/1/27 20:43,3.3,16,2.669,3.736,3.617,3.354,3.309,3.656,4.02,3.563
1437,站_6997,中国石化汽车充电站(合铜路充电站),庐江县,泥河镇中国石化合铜路加油站,117.307465,31.098198,汽车服务;充电站;充电站,95105888,新能源汽车充电桩,2026/1/27 20:43,3.9,25,3.479,3.713,3.84,3.642,3.263,3.899,2.928,3.463
1438,站_7861,皖小能汽车充电站(水西门),庐江县,黄山南路水西门特色文化旅游街区负1层停车场F区,117.278175,31.24275,汽车服务;充电站;充电站,4009961666,新能源汽车充电桩,2026/1/27 20:43,4.3,28,3.573,4.034,2.898,3.638,3.11,3.4,3.644,3.428
1439,站_3476,星星充电汽车充电站(庐庆超级快充充电站),庐江县,移湖街道南环路中港石化加油站地面停车场(庐庆站),117.274526,31.220945,汽车服务;充电站;充电站,13965439881,新能源汽车充电桩,2026/1/27 20:43,4.6,8,3.6,3.752,3.289,3.099,2.519,3.896,3.014,3.786
1440,站_5950,云快充汽车充电站(盛桥绿色动力快充站),庐江县,盛桥镇官塘村35号(镇中路口正对面金鑫粮油粮贸院内),117.48863,31.376755,汽车服务;充电站;充电站,4008288517,新能源汽车充电桩,2026/1/27 20:43,4.5,8,3.844,4.228,3.589,3.138,2.555,3.356,2.715,3.862
1441,站_9560,星星充电汽车充电站(水木景苑),庐江县,文昌路汽车修理厂内地面停车场,117.283733,31.248932,汽车服务;充电站;充电站,13696783520,新能源汽车充电桩,2026/1/27 20:43,3.9,9,3.884,4.486,2.794,3.646,3.097,2.895,4.003,3.165
1442,站_8614,国家电网汽车充电站(安徽省合肥市庐江县柯坦镇牛王寨景区停车场充电站),庐江县,牛王寨景区地面停车场,117.09883,31.244698,汽车服务;充电站;充电站,96529,新能源汽车充电桩,2026/1/27 20:43,4.3,14,3.751,4.206,3.497,3.274,2.531,3.408,3.752,3.665
1443,站_6591,中充服汽车充电站(新渡社区快充站),庐江县,同大镇新渡社区居委会,117.27604,31.457582,汽车服务;充电站;充电站,18355107967,新能源汽车充电桩,2026/1/27 20:43,3.3,13,3.83,4.413,3.867,3.545,2.115,3.888,3.094,3.149
1444,站_2529,国家电网汽车充电站(安徽省合肥市庐江县汤池公交停车场充电站),庐江县,地面停车场,117.095068,31.335053,汽车服务;充电站;充电站,96529,新能源汽车充电桩,2026/1/27 20:43,4,27,3.29,3.84,3.109,3.854,2.992,3.553,3.24,3.204
1445,站_6524,特来电汽车充电站(特来电特来电庐江中心城超充站),庐江县,庐江·中心城二区西南门西410米,117.283368,31.243265,汽车服务;充电站;充电站,4001300001,新能源汽车充电桩,2026/1/27 20:43,3.4,13,2.58,3.323,3.923,3.093,2.97,3.081,3.913,3.853
1446,站_3158,来点电汽车充电站(庐江碧桂园玺园充电站),庐江县,城东大道23号冶山路新庐国际小区西侧约130米庐江碧桂园·玺园,117.318344,31.251394,汽车服务;充电站;充电站,15639060008,新能源汽车充电桩,2026/1/27 20:43,4.4,20,3.38,3.77,3.644,3.046,2.75,3.202,3.982,3.641
1447,站_6040,沙溪服务区国家电网电动汽车充电站,庐江县,京台高速沙溪服务区北京方向,117.254622,31.14705,汽车服务;充电站;充电站,0551-63881234;96529,新能源汽车充电桩,2026/1/27 20:43,3.5,10,3.876,3.723,2.692,3.573,2.08,2.865,3.195,3.546
1448,站_6785,中充服汽车充电站(冶父山国家森林公园冶父街快充站),庐江县,346国道冶父街停车场,117.358444,31.295998,汽车服务;充电站;充电站,18355107967,新能源汽车充电桩,2026/1/27 20:43,3.9,19,3.718,3.808,2.567,3.775,3.368,2.808,3.823,3.207
1449,站_5342,超翔汽车充电站(国轩小镇停车场),庐江县,国轩小镇边上停车场,117.23202,31.22452,汽车服务;充电站;充电站,13805650001,新能源汽车充电桩,2026/1/27 20:43,4.4,23,3.836,4.489,3.526,2.83,3.033,2.981,4.141,3.745
1450,站_3040,国家电网汽车充电站(京台高速沙溪服务区充电站台北方向2),庐江县,京台高速沙溪服务区充电站(台北方向),117.251281,31.149198,汽车服务;充电站;充电站,96529,新能源汽车充电桩,2026/1/27 20:43,3.7,28,3.966,3.583,3.739,3.516,3.336,2.808,2.962,2.803
1451,站_9034,超翔汽车充电站(庐江县中医院医疗集团金牛分院充电站),庐江县,立人大道,117.22691,31.388311,汽车服务;充电站;充电站,13396551646,新能源汽车充电桩,2026/1/27 20:43,3.5,25,2.815,3.702,3.146,2.95,3.224,3.151,2.856,3.231
1452,站_8120,科大智能汽车充电站(庐江鸿福金陵酒店站),庐江县,庐江鸿福金陵酒店,117.27523,31.251066,汽车服务;充电站;充电站,15631299228,新能源汽车充电桩,2026/1/27 20:43,3.4,5,3.346,3.809,3.693,2.846,2.935,3.13,2.962,2.917
1453,站_2025,特来电汽车充电站(庐江华天产业园超充站),庐江县,移湖街道华天·城市产业园,117.251724,31.247639,汽车服务;充电站;充电站,17601232071,新能源汽车充电桩,2026/1/27 20:43,4,18,3.195,3.571,3.382,3.643,2.813,3.345,3.311,3.611
1454,站_9084,国家电网汽车充电站(安徽省合肥市庐江县同大中心供电所有序交流充电站),庐江县,同大镇韦桥大道同伈苑西北侧同大供电所院外,117.26802,31.49677,汽车服务;充电站;充电站,96529,新能源汽车充电桩,2026/1/27 20:43,3.9,17,3.127,3.975,4.322,3.115,3.461,3.458,3.319,3.531
1455,站_1401,特来电汽车充电站(特来电特来电庐江体育公园超充站),庐江县,潜川路体育公园停车点,117.30032,31.236115,汽车服务;充电站;充电站,4001300001,新能源汽车充电桩,2026/1/27 20:43,4.3,15,3.671,4.149,3.652,3.7,2.231,3.795,4.118,3.095
1456,站_1139,昆仑网电汽车充电站(中国石油合肥庐江壹号泉充电站),庐江县,汤池镇西大街88号万振·逍遥别院酒店,117.09374,31.3275,汽车服务;充电站;充电站,95700,新能源汽车充电桩,2026/1/27 20:43,4.4,10,3.597,4.402,3.789,3.871,3.719,3.746,3.181,3.831
1457,站_5977,特来电汽车充电站(庐江岗湾街道充电站),庐江县,文明路岗湾街道办停车场,117.29009,31.238482,汽车服务;充电站;充电站,18356053016,新能源汽车充电桩,2026/1/27 20:43,3.9,17,3.502,3.799,3.083,2.856,2.923,3.561,2.536,2.991
1458,站_7435,超翔汽车充电站(庐江县好旺圆大酒店),庐江县,龙桥镇好旺圆大酒店龙桥大道与滨河路停车场,117.44452,31.148321,汽车服务;充电站;充电站,13003093555,新能源汽车充电桩,2026/1/27 20:43,4.3,10,3.097,3.665,3.939,3.498,2.046,3.055,2.709,3.298
1459,站_8286,中充服汽车充电站(乐桥农贸综合市场快充站),庐江县,乐桥镇新乐水体公园,117.17837,31.141474,汽车服务;充电站;充电站,18355107967,新能源汽车充电桩,2026/1/27 20:43,3.9,20,2.967,3.807,3.092,2.919,3.445,3.273,3.838,2.954
1460,站_3999,驴充充汽车充电站(驴充充快充电站福太酒店内设快餐小吃),庐江县,罗河镇G330(S232)驴充充充电站福太大酒店,117.359996,31.007759,汽车服务;充电站;充电站,15357716998,新能源汽车充电桩,2026/1/27 20:43,3.5,23,3.692,4.168,2.611,3.659,3.091,3.83,3.032,3.861
1461,站_7033,国家电网汽车充电站(安徽省合肥市庐江县龙桥镇供电营业厅有序交流充电站),庐江县,裴桂路与龙矾路交口东北350米龙桥供电营业厅院外,117.44331,31.14296,汽车服务;充电站;充电站,96529,新能源汽车充电桩,2026/1/27 20:43,4.3,7,3.89,4.446,2.741,3.466,3.183,3.214,2.64,2.84
1462,站_5713,国家电网汽车充电站(合安高速陈埠服务区充电站合肥方向2),庐江县,合安高速陈埠服务区合肥方向,117.1603,31.218452,汽车服务;充电站;充电站,96529,新能源汽车充电桩,2026/1/27 20:43,3.9,22,3.085,3.792,3.623,3.283,2.981,3.049,3.006,3.218
1463,站_1586,国家电网汽车充电站(安徽省合肥市庐江县云里安凹·云溪山舍充电站),庐江县,长冲村安凹组,117.13208,31.287388,汽车服务;充电站;充电站,96529,新能源汽车充电桩,2026/1/27 20:43,3.9,12,3.762,3.809,3.281,2.841,3.601,3.372,4.184,3.205
1464,站_4429,皖小能汽车充电站(移湖西路停车场),庐江县,移湖西路庐江皖能天然气公司附近8米,117.22512,31.249975,汽车服务;充电站;充电站,18709850678,新能源汽车充电桩,2026/1/27 20:43,3.8,27,3.719,3.59,3.164,3.433,2.437,3.959,2.711,3.453
1465,站_5801,国家电网汽车充电站(安徽省合肥市庐江县汤池中心供电所有序交流充电站),庐江县,汤池镇银河路西南侧约40米汤池供电所院外,117.092834,31.330523,汽车服务;充电站;充电站,96529,新能源汽车充电桩,2026/1/27 20:43,3.8,17,3.847,4.451,3.948,3.942,3.125,3.865,3.172,4.155
1466,站_6891,国家电网汽车充电站(安徽省合肥市庐江县汤池镇金汤湖公园停车场充电站),庐江县,汤池镇庐江云汤小院民宿对面,117.09234,31.29915,汽车服务;充电站;充电站,96529,新能源汽车充电桩,2026/1/27 20:43,3.4,28,3.333,3.666,3.832,3.675,3.55,3.932,3.073,3.118
1467,站_1456,欧特莩汽车充电站(慧萍名烟名酒隔壁),庐江县,朝阳路与汇丰路交叉口正南方向78米左右,117.157814,31.424883,汽车服务;充电站;个人充电站,18654166086,新能源汽车充电桩,2026/1/27 20:43,4.5,26,2.768,3.931,3.298,3.698,3.612,3.189,3.295,3.473
1468,站_9882,国家电网汽车充电站(安徽省合肥市庐江县冶山中心供电所有序交流充电站),庐江县,冶山镇冶山人民政府西南侧冶山供电所院外,117.33397,31.27005,汽车服务;充电站;充电站,96529,新能源汽车充电桩,2026/1/27 20:43,3.7,24,2.714,3.961,4.49,3.76,3.596,3.346,3.961,4.353
1469,站_2266,国家电网汽车充电站(安徽省合肥市庐江县独山旅游景区充电站),庐江县,独山旅游景区管委会东侧280米,117.372648,31.271458,汽车服务;充电站;充电站,96529,新能源汽车充电桩,2026/1/27 20:43,3.6,26,3.121,4.454,3.684,3.384,2.403,3.43,4.086,3.302
1470,站_1618,国家电网汽车充电站(京台高速沙溪服务区充电站北京方向2),庐江县,京台高速沙溪服务区北京方向,117.25466,31.147007,汽车服务;充电站;充电站,96529,新能源汽车充电桩,2026/1/27 20:43,4,29,3.787,3.652,3.084,3.092,2.977,3.719,2.651,3.264
1471,站_2865,国家电网汽车充电站(安徽省合肥市庐江县白湖中心供电所有序交流充电站),庐江县,白湖镇白湖街道白湖供电所院外,117.39745,31.22128,汽车服务;充电站;充电站,96529,新能源汽车充电桩,2026/1/27 20:43,3.3,17,3.304,3.722,3.83,3.804,3.742,3.443,3.895,3.697
1472,站_4463,智衍汽车充电站(庐江县人民医院东区),庐江县,东外环路庐江碧桂园东侧约180米,117.329282,31.251908,汽车服务;充电站;充电站,18949236053,新能源汽车充电桩,2026/1/27 20:43,3.4,21,2.531,4.051,3.896,3.64,2.629,3.705,2.956,2.807
1473,站_1974,蔚享天成汽车充电站(东阳茶行20KW快充站),庐江县,盛桥镇东阳茶行,117.49665,31.390602,汽车服务;充电站;充电站,18256591159,新能源汽车充电桩,2026/1/27 20:43,3.6,18,2.772,4.297,3.753,3.614,2.33,3.872,4.093,3.82
1474,站_3944,乐来电汽车充电站(刘墩停车场),庐江县,矾山镇刘墩社区刘墩停车场,117.450172,31.046084,汽车服务;充电站;充电站,4008973688,新能源汽车充电桩,2026/1/27 20:43,3.9,5,2.793,3.788,3.053,2.904,2.055,3.288,3.773,3.828
1475,站_1327,超翔汽车充电站(越城花园),庐江县,越城花园26号楼对面,117.28944,31.259747,汽车服务;充电站;充电站,13805650001,新能源汽车充电桩,2026/1/27 20:43,4,18,3.719,3.881,3.643,3.191,2.248,3.393,4.034,3.543
1476,站_4292,兖充电汽车充电站(庐江县黄屯农贸市场充电站),庐江县,龙桥镇023乡道黄屯农贸市场,117.50072,31.104778,汽车服务;充电站;充电站,4001661178,新能源汽车充电桩,2026/1/27 20:43,3.8,13,3.443,4.276,3.667,3.106,2.147,3.072,3.922,3.085
1477,站_8878,昆仑网电汽车充电站(中国石油合肥庐江县汤池充电站),庐江县,汤池镇二军路汤池加油站,117.11101,31.333675,汽车服务;充电站;充电站,95700,新能源汽车充电桩,2026/1/27 20:43,4.4,13,2.512,4.276,3.833,3.978,2.364,2.921,3.443,3.207
1478,站_7296,超翔汽车充电站(白山世纪城),庐江县,白山世纪城,117.377914,31.465696,汽车服务;充电站;充电站,13966360078,新能源汽车充电桩,2026/1/27 20:43,4.5,18,3.147,3.862,3.356,3.724,3.286,3.329,3.706,3.782
1479,站_5219,千寻灏美酒店超充站,庐江县,庐城镇内环北路432号灏美宴会酒店后地面停车场,117.274667,31.268951,汽车服务;充电站;充电站,13739296161,新能源汽车充电桩,2026/1/27 20:43,3.7,26,2.749,4.147,2.882,3.154,3.085,3.487,3.302,3.594
1480,站_224,电动汽车充电站,庐江县,新郭河路伊充充电站,117.277636,31.267848,汽车服务;充电站;充电站,0551-62100112;15391972222,新能源汽车充电桩,2026/1/27 20:43,4,4,4.81,2.301,2.5,2.5,2.5,2.5,2.5,2.5
1481,站_291,电动汽车充电站,庐江县,新郭河路伊充充电站,117.277636,31.267848,汽车服务;充电站;充电站,0551-62100112;15391972222,新能源汽车充电桩,2026/1/27 20:43,3.5625,8,1.792,2.5,2.5,2.5,1.294,2.5,2.5,2.5
1482,站_7933,易佳电汽车充电站(易佳电水木景苑充电站),庐江县,文昌路水木景苑酒店大院内,117.2839,31.2491,汽车服务;充电站;充电站,0551-62100112,新能源汽车充电桩,2026/1/27 20:43,4.4,7,2.784,4.207,3.699,3.994,3.797,2.849,3.718,3.957
1483,站_8428,庐江东服务区汽车充电站,庐江县,G4221沪武高速入口与庐江东服务区交叉口东北440米,117.416252,31.334844,汽车服务;充电站;充电站,,新能源汽车充电桩,2026/1/27 20:43,4.4,6,3.896,3.648,3.706,3.527,2.861,3.026,2.834,2.969
1484,站_4194,庐江县城东公园充电站,庐江县,城东大道与内环路交口东侧城东公园内(东南角)地面停车场,117.317024,31.246331,汽车服务;充电站;充电站,,新能源汽车充电桩,2026/1/27 20:43,3.5,14,3.274,3.705,3.622,3.187,3.158,3.832,2.564,3.223
1485,站_2150,庐江东服务区电动汽车充电站,庐江县,G4221沪武高速入口与庐江东服务区交叉口东440米,117.417208,31.332557,汽车服务;充电站;充电站,,新能源汽车充电桩,2026/1/27 20:43,3.7,21,3.411,4.048,2.958,3.462,2.837,2.986,3.637,2.869
1486,站_4280,云快充汽车充电站(科讯充电庐江郭和路充电站),庐江县,郭河路与方塔路交叉口西南260米,117.278301,31.267582,汽车服务;充电站;充电站,19355158333,新能源汽车充电桩,2026/1/27 20:43,4.3,26,2.678,3.899,2.56,3.805,3.384,3.734,3.108,3.684
1487,站_7392,特来电汽车充电站(泥河镇特来电快充站),庐江县,"泥河镇,长江中路顺丰速运门口",117.322706,31.084434,汽车服务;充电站;充电站,17756092808,新能源汽车充电桩,2026/1/27 20:43,4.5,22,3.63,4.389,3.473,2.861,2.195,3.8,3.904,3.567
1488,站_3516,汽车充电站(闪烁充电矾山文旅综合体站),庐江县,桥头饭店附近,117.424037,31.098348,汽车服务;充电站;充电站,,新能源汽车充电桩,2026/1/27 20:43,4.6,12,3.761,3.668,3.857,3.887,3.332,3.31,3.276,3.604
1489,站_7356,蔚来换电站(庐江城东水体公园),庐江县,城东公园北门旁,117.316656,31.249995,汽车服务;充电站;充电站,13162177509,新能源汽车充电桩,2026/1/27 20:43,3.4,24,2.604,3.876,2.585,3.132,3.276,2.887,3.721,3.513
1490,站_4150,云快充汽车充电站(安徽伊充盛桥中医院站),庐江县,盛桥镇沈家桥社区庐江县中医院医疗集团盛桥分院,117.48947,31.3982,汽车服务;充电站;充电站,4008288517,新能源汽车充电桩,2026/1/27 20:43,4,9,3.984,2.858,3.571,3.987,2.69,3.673,3.797,3.987
1491,站_9237,云快充汽车充电站(安徽伊充万山中医院站),庐江县,万山镇三环路(水关中学隔壁),117.18515,31.333265,汽车服务;充电站;充电站,4008288517,新能源汽车充电桩,2026/1/27 20:43,3.3,22,2.576,4.034,2.875,3.009,2.761,3.424,4.189,3.577
1492,站_8824,汽车充电站(庐江县白山便民停保场站),庐江县,东大街156号,117.385439,31.465132,汽车服务;充电站;充电站,13156561135,新能源汽车充电桩,2026/1/27 20:43,4.3,23,2.87,3.504,3.688,3.014,2.098,3.271,2.964,3.8
1493,站_7972,特来电汽车充电站(同大镇亮亮充电站),庐江县,同大镇同大派出所,117.26944,31.502085,汽车服务;充电站;充电站,4001300001,新能源汽车充电桩,2026/1/27 20:43,4,14,3.217,4.151,2.986,2.867,3.614,3.737,2.919,3.707
1494,站_6931,易佳电汽车充电站(易佳电蓝鲤庐江港湾街道充电站),庐江县,文明路岗湾街道办停车场,117.2897,31.2379,汽车服务;充电站;充电站,0551-62100112,新能源汽车充电桩,2026/1/27 20:43,4,16,3.947,4.102,2.56,3.438,3.14,3.253,4.051,3.086
1495,站_4903,特来电汽车充电站(庐江龙桥卫生院充电站),庐江县,龙桥镇庐江县龙桥中心卫生院,117.43402,31.143711,汽车服务;充电站;充电站,17601232075,新能源汽车充电桩,2026/1/27 20:43,3.4,16,2.741,3.668,3.105,2.819,3.615,3.092,2.851,3.678
1496,站_6327,易佳电汽车充电站(易佳电源元科技充电站),庐江县,合肥源元科技股份有限公司东门,117.2312,31.223,汽车服务;充电站;充电站,0551-62100112,新能源汽车充电桩,2026/1/27 20:43,3.6,8,2.846,3.99,3.071,3.61,3.725,3.444,3.223,3.387
1497,站_4278,易佳电汽车充电站(易佳电汤池国轩大酒店充电站),庐江县,国轩大酒店,117.093778,31.322571,汽车服务;充电站;充电站,0551-62100112,新能源汽车充电桩,2026/1/27 20:43,3.5,7,3.007,3.715,2.94,3.806,3.077,3.22,3.829,2.922
1498,站_8972,易佳电汽车充电站(易佳电洋河路三号充电站),庐江县,城西大道111号,117.2352,31.231,汽车服务;充电站;充电站,0551-62100112,新能源汽车充电桩,2026/1/27 20:43,3.9,14,3.422,4.296,2.989,3.268,2.775,3.969,3.817,3.446
1499,站_4319,蔚景云汽车充电站(亿来电庐江县石头镇渔石楼宾馆充电站),庐江县,石头镇醉蓬莱,117.277252,31.422524,汽车服务;充电站;充电站,4006803880,新能源汽车充电桩,2026/1/27 20:43,4,25,2.972,4.185,3.605,2.973,3.533,3.635,2.734,3.06
1500,站_7691,易佳电汽车充电站(易佳电庐江县金牛镇充电站),庐江县,金牛镇古城社区党群服务中心门前停车场,117.2055,31.3954,汽车服务;充电站;充电站,0551-62100112,新能源汽车充电桩,2026/1/27 20:43,3.4,9,3.203,4.046,2.862,3.588,3.72,3.346,2.738,3.017
1501,站_4455,蔚景云汽车充电站(合肥南方卡电邦重卡充电站),庐江县,冶父山镇兴隆庵,117.43914,31.35065,汽车服务;充电站;充电站,4006803880,新能源汽车充电桩,2026/1/27 20:43,3.5,12,3.346,4.183,2.605,3.87,2.291,3.776,3.675,2.882
1502,站_6254,特来电超级充电站(庐江鸿福液冷超充站),庐江县,岗湾街道文昌路199号鸿福大酒店,117.276895,31.251149,汽车服务;充电站;充电站,4001300001,新能源汽车充电桩,2026/1/27 20:43,3.3,21,3.516,4.001,2.786,3.919,3.263,3.417,3.035,3.542
1503,站_5908,蔚景云汽车充电站(亿来电庐江县乐桥镇京徽大酒店充电站),庐江县,乐桥镇现代装潢材料,117.18155,31.13812,汽车服务;充电站;充电站,4006803880,新能源汽车充电桩,2026/1/27 20:43,4.1,9,2.684,4.231,3.817,3.793,2.23,3.918,3.414,3.399
1504,站_8830,国家电网汽车充电站(安徽省合肥市庐江二中公交充电站),庐江县,庐城镇姚小店翰林路与南外环交叉口东北角地面停车场,117.264752,31.219086,汽车服务;充电站;充电站,,新能源汽车充电桩,2026/1/27 20:43,4.1,18,2.696,4.257,3.366,3.926,3.453,3.165,2.771,2.862
1505,站_5921,庐江县城东体育馆充电站,庐江县,城东大道188号,117.326532,31.250457,汽车服务;充电站;充电站,13156561135,新能源汽车充电桩,2026/1/27 20:43,3.2,24,3.396,4.499,2.758,3.388,2.744,3.697,3.763,3.223
1506,站_3234,庐江县白山镇戴桥安置房充电桩,庐江县,戴桥街道新街81号,117.35033,31.410579,汽车服务;充电站;充电站,13156561135,新能源汽车充电桩,2026/1/27 20:43,4.3,19,3.965,4.431,2.899,3.771,2.383,3.539,3.274,3.731
1507,站_8339,岱鳌山景区西门停车场汽车充电站,庐江县,乐桥镇大化小学附近,117.185189,31.097584,汽车服务;充电站;充电站,,新能源汽车充电桩,2026/1/27 20:43,3.8,13,3.971,3.864,2.682,3.196,3.309,3.319,3.757,3.643
1508,站_8261,云快充汽车充电站(嘉翎80KW快充电站),庐江县,龙桥镇福兴村黄屯街道20号,117.49797,31.10675,汽车服务;充电站;充电站,4008288517,新能源汽车充电桩,2026/1/27 20:43,4.6,22,2.812,3.683,3.922,3.36,3.754,3.279,4.121,3.276
1509,站_4976,特来电汽车充电站(宋氏祠堂充电站),庐江县,万山镇宋氏宗祠,117.13449,31.291868,汽车服务;充电站;充电站,13145516669,新能源汽车充电桩,2026/1/27 20:43,4.6,18,2.633,3.658,3.56,3.757,2.379,3.804,3.3,3.332
1510,站_2499,国家电网汽车充电站(合安高速陈埠服务区充电站合肥方向2)(暂停营业),庐江县,合安高速陈埠服务区合肥方向,117.160298,31.218452,汽车服务;充电站;充电站,0551-63881234;96529,新能源汽车充电桩,2026/1/27 20:43,3.5,10,2.98,4.13,3.229,3.88,2.391,3.798,3.453,3.073
1511,站_5255,小桔充电汽车充电站(亿来电庐江黄庄三期充电站),庐江县,岗湾街道黄庄家园三期地下负一层坡道口,117.26989,31.245493,汽车服务;充电站;充电站,4000610999,新能源汽车充电桩,2026/1/27 20:43,3.5,15,3.49,4.448,3.318,3.62,3.585,3.387,2.795,3.974
1512,站_2473,驴充充汽车充电站(罗河小学正对面直流快充24h营业免费停车),庐江县,罗河镇海神路罗河中心小学,117.286,31.009027,汽车服务;充电站;充电站,15716289955,新能源汽车充电桩,2026/1/27 20:43,3.5,26,3.043,4.461,3.697,3.651,2.29,2.928,4.1,3.335
1513,站_5874,汽车充电站(合肥市庐江县迎松路北停车场充电站),庐江县,文明北路与迎松路交口东北角,117.29562,31.256346,汽车服务;充电站;充电站,,新能源汽车充电桩,2026/1/27 20:43,3.4,15,3.355,3.546,2.667,3.527,3.776,3.29,3.643,3.717
1514,站_5818,国家电网汽车充电站(安徽省合肥市庐江县汤池镇少间王圩里民宿停车场充电站),庐江县,汤池镇百花村文创王圩少间王圩里民宿,117.102277,31.28845,汽车服务;充电站;充电站,96529,新能源汽车充电桩,2026/1/27 20:43,3.2,7,2.812,3.696,2.508,3.143,2.083,2.823,3.386,3.793
1515,站_2826,易佳电汽车充电站(易佳电合安高速陈埠服务区充电站合肥方向),庐江县,合安高速公路陈埠服务区内,117.16029,31.218452,汽车服务;充电站;充电站,,新能源汽车充电桩,2026/1/27 20:43,3.7,26,3.632,3.863,3.617,2.964,3.325,3.075,3.454,3.898
1516,站_7724,国家电网汽车充电站(安徽省合肥市庐江县罗河镇黄龙村停车场交流充电站),庐江县,232省道与029乡道交叉口东460米(湖光里民宿旁),117.36578,30.985085,汽车服务;充电站;充电站,96529,新能源汽车充电桩,2026/1/27 20:43,4.2,24,3.907,3.682,3.613,3.408,3.514,3.678,3.215,3.914
1517,站_3313,汽车充电站(共享直流快充站),庐江县,黄河路盲人按摩隔壁,117.320288,31.085251,汽车服务;充电站;充电站,13482223227,新能源汽车充电桩,2026/1/27 20:43,3.3,17,2.81,3.552,3.374,3.503,3.179,3.811,3.606,3.474
1518,站_3792,石小姐汽车充电桩,庐江县,232省道,117.18242,31.087786,汽车服务;充电站;充电站,,新能源汽车充电桩,2026/1/27 20:43,3.2,19,2.523,3.674,3.818,3.959,3.114,3.266,2.535,3.691
1519,站_9360,汽车充电站(龙桥卫生院),庐江县,龙桥镇庐江县人民医院医疗集团龙桥分院庐江县龙桥中心卫生院,117.433728,31.144137,汽车服务;充电站;充电站,4008806700,新能源汽车充电桩,2026/1/27 20:43,4.3,14,3.883,3.955,3.671,3.594,2.522,3.659,3.005,3.046
1520,站_3481,汽车充电站谷隐渔歌,庐江县,盛桥镇谷隐渔歌民宿,117.528564,31.41854,汽车服务;充电站;充电站,19965038461,新能源汽车充电桩,2026/1/27 20:43,4.4,12,3.959,4.35,2.606,3.753,3.651,3.906,3.335,3.736
1521,站_8569,力氪汽车充电站(爱德森堡卡电邦重卡充电站),庐江县,爱德森堡新材料有限公司办公区内部地面停车场,117.263251,31.412757,汽车服务;充电站;充电站,,新能源汽车充电桩,2026/1/27 20:43,4.4,14,3.188,3.652,3.191,2.964,2.028,3.177,3.225,3.529
1522,站_2374,蔚享天成汽车充电站(盛桥镇佳苑宾馆汽车桩),庐江县,盛桥镇庐江高申林车站西北方150米处,117.4957,31.393764,汽车服务;充电站;充电站,16556059508,新能源汽车充电桩,2026/1/27 20:43,3.9,25,3.178,3.442,3.922,3.513,3.116,3.052,4.057,3.067
1523,站_2626,国家电网汽车充电站(安徽省合肥市庐江县三冲游客服务中心有序交流充电站),庐江县,汤池镇三冲游客服务中心广场,117.06112,31.262688,汽车服务;充电站;充电站,96529,新能源汽车充电桩,2026/1/27 20:43,3.2,21,3.916,4.123,4.343,3.963,3.607,3.581,3.659,3.954
1524,站_4175,能效邻里共享汽车充电站(品醉爱酒业),庐江县,许氏宗亲理事会戴桥庐北分会东北侧90米,117.36153,31.424332,汽车服务;充电站;充电站,13349153417,新能源汽车充电桩,2026/1/27 20:43,4.4,26,2.502,3.767,3.748,3.003,3.793,2.888,3.149,2.891
1525,站_2745,云快充汽车充电站(庐江县乐桥镇老院社区充电站),庐江县,乐桥镇运河家园,117.184326,31.136593,汽车服务;充电站;充电站,4008288517,新能源汽车充电桩,2026/1/27 20:43,4.5,14,3.101,3.618,3.125,2.953,2.229,2.974,2.925,3.141
1526,站_9341,中充服汽车充电站(冶父山国家森林公园冶父街慢充站),庐江县,346国道冶父街停车场,117.35799,31.29506,汽车服务;充电站;充电站,18355107967,新能源汽车充电桩,2026/1/27 20:43,3.5,13,3.985,3.995,3.789,2.977,3.189,3.827,3.943,3.779
1527,站_4907,来点电汽车充电站(庐江碧桂园翡翠郡10号楼充电站),庐江县,东顾山街道东外环路庐江碧桂园东大道与白山路交汇处,117.32633,31.252401,汽车服务;充电站;充电站,15639060008,新能源汽车充电桩,2026/1/27 20:43,4.5,19,3.668,3.479,3.165,3.546,2.51,3.998,3.461,3.481
1528,站_2703,易佳电汽车充电站(易佳电汤池二号充电站),庐江县,汤池迎宾西路与和平路交叉口国轩大酒店地面停车场,117.0946,31.3227,汽车服务;充电站;充电站,0551-62100112,新能源汽车充电桩,2026/1/27 20:43,4.5,20,2.691,3.584,3.922,3.989,2.356,3.198,3.809,3.286
1529,站_2117,蔚景云汽车充电站(小飞象庐江县柯坦卫生院充电站),庐江县,柯坦镇卫生院葛庙分院,117.1136,31.205034,汽车服务;充电站;充电站,4006803880,新能源汽车充电桩,2026/1/27 20:43,4.2,7,2.909,4.114,2.838,3.464,2.721,2.826,3.431,3.168
1530,站_7084,蔚景云汽车充电站(爱德森堡卡电邦重卡充电站),庐江县,石头镇爱德森堡新材料有限公司(办公区),117.26412,31.411999,汽车服务;充电站;充电站,4006803880,新能源汽车充电桩,2026/1/27 20:43,3.9,11,3.992,4.365,3.461,3.34,2.766,3.838,4.187,3.073
1531,站_4468,超翔汽车充电站(国轩一期),庐江县,国轩一期大门口,117.240204,31.230602,汽车服务;充电站;充电站,13805650001,新能源汽车充电桩,2026/1/27 20:43,4.5,13,3.2,3.875,3.181,2.944,2.98,2.884,3.484,2.834
1532,站_4626,极电智充汽车充电站(庐江县人民医院罗河分院充电站),庐江县,罗河派出所西侧庐江县人民医院罗河分院,117.31017,31.019579,汽车服务;充电站;充电站,4008251525,新能源汽车充电桩,2026/1/27 20:43,3.3,12,3.198,3.267,2.737,3.63,2.945,3.531,2.812,3.581
1533,站_7194,汉庭酒店汽车充电桩(庐江周瑜大道店),庐江县,周瑜大道303号,117.291798,31.248849,汽车服务;充电站;充电站,18133629266,新能源汽车充电桩,2026/1/27 20:43,3.3,11,3.561,3.924,2.937,3.311,3.676,3.773,3.88,3.041
1534,站_2655,易佳电汽车充电站(易佳电国轩温泉宫充电站),庐江县,国轩温泉宫地面停车场,117.0901,31.323,汽车服务;充电站;充电站,0551-62100112,新能源汽车充电桩,2026/1/27 20:43,4.6,9,3.197,3.814,3.709,2.97,3.771,3.579,2.851,3.707
1535,站_5775,极电智充汽车充电站(庐江县泥河金铜新村小区),庐江县,合铜路与长江路交叉路口往北约160米金铜新村,117.31078,31.08544,汽车服务;充电站;充电站,4008251525,新能源汽车充电桩,2026/1/27 20:43,3.3,12,3.899,3.548,3.829,3.783,2.98,3.696,3.568,3.888
1536,站_1921,小橙智充汽车充电站(清沐民宿),庐江县,和平路18号,117.094,31.319801,汽车服务;充电站;充电站,17301486468,新能源汽车充电桩,2026/1/27 20:43,3.5,25,3.736,4.204,2.829,3.356,3.656,3.441,2.729,3.731
1537,站_4235,超翔汽车充电站(海纳国际),庐江县,海纳国际停车场,117.30241,31.23684,汽车服务;充电站;充电站,13805650001,新能源汽车充电桩,2026/1/27 20:43,3.4,6,2.519,3.731,3.337,3.258,2.021,3.338,2.581,3.864
1538,站_3073,极电智充汽车充电站(庐江县泥河医院),庐江县,长江路与黄山路交叉路口往南约260米泥河中心卫生院,117.320465,31.083418,汽车服务;充电站;充电站,4008251525,新能源汽车充电桩,2026/1/27 20:43,4.3,27,2.916,4.216,3.484,2.847,3.214,2.942,3.956,3.898
1539,站_6654,小桔充电汽车充电站(亿来电庐江洗塘新村二期充电站),庐江县,岗湾街道洗塘新村2期6号楼地下负一层,117.2825,31.24008,汽车服务;充电站;充电站,4000610999,新能源汽车充电桩,2026/1/27 20:43,3.9,23,3.135,4.457,3.204,3.051,2.338,3.812,2.802,2.964
1540,站_6705,汽车充电站(金牛中学充电桩),庐江县,金牛中学停车场,117.220092,31.388689,汽车服务;充电站;充电站,,新能源汽车充电桩,2026/1/27 20:43,4,14,3.699,3.919,2.724,2.811,2.88,3.199,2.788,3.505
1541,站_3355,汽车充电站(启源充换电站罗河矿站),庐江县,人民大道,117.319663,31.023147,汽车服务;充电站;充电站,,新能源汽车充电桩,2026/1/27 20:43,4.5,23,3.827,4.006,2.75,2.943,2.881,3.466,2.552,3.635
1542,站_5337,超翔汽车充电站(岳庙安置房),庐江县,万山镇岳庙村东北侧90米,117.196728,31.247965,汽车服务;充电站;充电站,18056040854,新能源汽车充电桩,2026/1/27 20:43,4.4,23,3.589,4.279,3.883,3.052,2.505,3.851,3.522,3.974
1543,站_4976,徐华东7kw共享汽车充电站,庐江县,双墩村8号,117.178267,31.223178,汽车服务;充电站;充电站,15960833036,新能源汽车充电桩,2026/1/27 20:43,4.1,10,2.874,4.318,2.973,3.141,2.706,3.961,3.263,3.19
1544,站_1770,能效邻里共享汽车充电站(许老秘境充电桩),庐江县,矾间许老秘境东北侧,117.4308,30.98009,汽车服务;充电站;充电站,18756533777,新能源汽车充电桩,2026/1/27 20:43,4.5,13,2.931,3.848,3.985,3.093,3.243,3.247,2.788,3.246
1545,站_5131,东阳茶行20KW快充站,庐江县,巢庐路s316号,117.496606,31.390642,汽车服务;充电站;充电站,18256591159,新能源汽车充电桩,2026/1/27 20:43,4.4,28,3.675,4.413,3.388,3.521,3.72,3.271,3.397,3.816
1546,站_9500,启源充电站(巢庐路充电站),庐江县,冶山镇巢庐路南,117.372214,31.305482,汽车服务;充电站;充电站,18714821745,新能源汽车充电桩,2026/1/27 20:43,3.7,10,3.891,4.017,3.934,2.873,2.029,3.043,2.508,3.107
1547,站_7133,蔚景云汽车充电站(新中村部充电站),庐江县,矾山镇中共矾山镇新中村委员会,117.43278,31.064383,汽车服务;充电站;充电站,4006803880,新能源汽车充电桩,2026/1/27 20:43,4,18,2.589,3.703,3.592,2.862,2.501,3.582,2.84,2.839
1548,站_8787,特来电目的地充电站(安徽合康充电站),庐江县,盛桥镇中国农业银行(盛桥支行),117.491905,31.353977,汽车服务;充电站;充电站,13145516669,新能源汽车充电桩,2026/1/27 20:43,4.1,25,3.065,3.846,3.949,3.433,3.514,3.676,3.959,3.152
1549,站_3585,特来电目的地充电站(许山里民宿1号充电站),庐江县,冶父山镇庐江许山里民宿,117.32939,31.291948,汽车服务;充电站;充电站,4001300001,新能源汽车充电桩,2026/1/27 20:43,4.5,15,2.555,3.706,3.162,3.451,2.219,2.996,3.118,3.353
1550,站_4630,汽车充电站(极电智充庐江县虎洞社区啊鸣乐园站),庐江县,柯坦镇孝子庙,117.112269,31.245703,汽车服务;充电站;充电站,13696776999;4006803880,新能源汽车充电桩,2026/1/27 20:43,3.7,20,3.992,3.669,3.639,3.359,2.02,3.577,3.298,3.052
1551,站_4764,云快充目的地充电站(公牛庐江县莲花落友行充电站),庐江县,巢庐路冶父山莲花落友行青年部落,117.344392,31.286845,汽车服务;充电站;充电站,4008288517,新能源汽车充电桩,2026/1/27 20:43,4.3,16,3.705,4.444,3.468,3.667,3.614,3.882,3.986,3.263
1552,站_5166,中充服汽车充电站(乐桥乡村振兴产业园慢充站),庐江县,乐桥镇乡村振兴产业园,117.18611,31.146454,汽车服务;充电站;充电站,18355107967,新能源汽车充电桩,2026/1/27 20:43,4,19,3.334,4.422,3.976,3.024,2.785,2.866,3.445,3.64
1553,站_6342,易佳电汽车充电站(易佳电白云禅寺充电站),庐江县,白云禅寺停车场,117.0488,31.2891,汽车服务;充电站;充电站,0551-62100112,新能源汽车充电桩,2026/1/27 20:43,3.5,26,2.803,3.928,3.919,2.966,2.988,3.573,3.386,3.393
1554,站_9809,驴充充汽车充电站(龙桥镇龙桥大道津龙酒店),庐江县,龙桥大道津龙大酒店内,117.444496,31.145594,汽车服务;充电站;充电站,0797-966999,新能源汽车充电桩,2026/1/27 20:43,3.3,9,3.825,4.062,3.87,3.203,2.598,3.515,3.311,3.231
1555,站_7502,小桔充电汽车充电站(亿来电庐江附城新村充电站),庐江县,岗湾街道邓湖南路附城新村7号楼地下室,117.29693,31.231106,汽车服务;充电站;充电站,4000610999,新能源汽车充电桩,2026/1/27 20:43,4.5,16,3.868,4.384,2.765,3.61,3.627,3.254,2.812,3.495
1556,站_5455,蔚景云汽车充电站(新中村姚院充电站),庐江县,矾山镇姚家院,117.40971,31.054241,汽车服务;充电站;充电站,4006803880,新能源汽车充电桩,2026/1/27 20:43,3.9,10,3.498,4.473,3.902,3.546,3.201,3.782,2.665,3.426
1557,站_5106,能效邻里共享汽车充电站,庐江县,夏则和百货商店,117.33559,31.170656,汽车服务;充电站;充电站,15601512888,新能源汽车充电桩,2026/1/27 20:43,3.4,25,3.192,4.396,3.643,3.015,2.735,3.43,3.27,3.685
1558,站_6051,中充服汽车充电站(冶父山居小酒馆慢充站),庐江县,冶父山镇飞鹰石冶父山国家森林公园,117.35267,31.30501,汽车服务;充电站;充电站,18355107967,新能源汽车充电桩,2026/1/27 20:43,3.3,14,3.572,3.755,3.73,3.151,3.674,3.863,2.999,2.91
1559,站_8283,国家电网汽车充电站(安徽省合肥市庐江县汤池镇少间王圩里民宿停车场交流充电站),庐江县,汤池镇百花村文创王圩少间王圩里民宿停车场,117.10104,31.287361,汽车服务;充电站;充电站,96529,新能源汽车充电桩,2026/1/27 20:43,3.4,11,3.66,4.153,3.509,3.969,2.422,3.796,2.918,3.36
1560,站_2603,汽车充电站(小飞象充电站泥河镇育才花园站),庐江县,长江路42号,117.324999,31.087701,汽车服务;充电站;充电站,4006803880,新能源汽车充电桩,2026/1/27 20:43,4.2,18,3.913,3.676,2.798,3.722,3.565,3.283,2.509,3.528
1561,站_3037,汽车充电站(世纪花都小飞象共享),庐江县,内环东路201号,117.30726,31.241068,汽车服务;充电站;充电站,,新能源汽车充电桩,2026/1/27 20:43,3.6,12,3.514,3.527,3.584,3.963,2.354,3.36,3.47,3.224
1562,站_9509,中充服汽车充电站(希岸酒店慢充站),庐江县,汤池镇金汤商务宾馆金汤别苑,117.09607,31.336695,汽车服务;充电站;充电站,18355107967,新能源汽车充电桩,2026/1/27 20:43,3.9,26,3.823,4.377,3.021,2.821,2.567,3.453,3.638,2.965
1563,站_3557,咔咔电姆鸿福汽车充电站,庐江县,文昌西路199号,117.275374,31.251252,汽车服务;充电站;充电站,,新能源汽车充电桩,2026/1/27 20:43,3.9,8,3.905,3.909,2.969,3.546,3.543,3.912,3.89,2.822
1564,站_3701,牛王寨露营地汽车充电站,庐江县,虎洞山庄饭店北侧,117.112067,31.244308,汽车服务;充电站;充电站,,新能源汽车充电桩,2026/1/27 20:43,3.3,21,2.788,3.723,3.319,3.358,2.925,2.855,3.332,3.025
1565,站_6668,国家电网汽车充电站(安徽省合肥市庐江县万山中心供电所有序交流充电站),庐江县,070县道东50米万山社区居委会附近,117.183032,31.337316,汽车服务;充电站;充电站,96529,新能源汽车充电桩,2026/1/27 20:43,4.1,23,3.451,3.726,4.5,3.216,3.16,3.074,3.897,3.591
1566,站_7389,云快充(互联接入)汽车充电站(能量驰庐江金山竹影精品民宿),庐江县,149县道金山水库,117.514102,31.09973,汽车服务;充电站;充电站,18955126036;4008288517,新能源汽车充电桩,2026/1/27 20:43,3.7,26,2.513,4.181,3.812,3.958,2.675,2.822,3.852,3.959
1567,站_7277,蔚景云汽车充电站(小飞象庐江县泥河镇金铜新村充电站),庐江县,泥河镇金铜新村,117.310875,31.085382,汽车服务;充电站;充电站,4006803880,新能源汽车充电桩,2026/1/27 20:43,3.7,7,3.542,4.5,3.578,3.676,2.011,3.792,4.018,3.279
1568,站_3074,汽车充电站(浮祥果园共享站),庐江县,085县道,117.148102,31.176334,汽车服务;充电站;充电站,18956222819,新能源汽车充电桩,2026/1/27 20:43,4.4,16,3.302,3.992,2.787,2.843,2.631,2.865,3.814,3.473
1569,站_8295,鳌山村委会汽车充电站,庐江县,斗门路030乡道,117.203922,31.077242,汽车服务;充电站;充电站,,新能源汽车充电桩,2026/1/27 20:43,3.4,26,2.818,3.883,2.891,3.484,3.122,3.619,3.836,3.262
1570,站_6085,蔚景云汽车充电站(小飞象合肥市庐江县希望幼儿园充电站),庐江县,泥河镇希望幼儿园,117.32416,31.087667,汽车服务;充电站;充电站,4006803880,新能源汽车充电桩,2026/1/27 20:43,3.4,29,2.734,4.045,3.584,3.33,3.165,3.167,3.634,2.967
1571,站_6477,蔚景云汽车充电站(小飞象合肥市庐江县泥河镇初级中学充电站),庐江县,长江路42号,117.335818,31.084777,汽车服务;充电站;充电站,4006803880,新能源汽车充电桩,2026/1/27 20:43,4.5,10,3.791,4.026,3.438,3.732,2.427,3.689,3.787,3.932
1572,站_6780,电动汽车家用充电桩(慢充),庐江县,石头镇望城村大袁老,117.249459,31.408188,汽车服务;充电站;充电站,,新能源汽车充电桩,2026/1/27 20:43,4,28,2.928,4.099,2.876,3.834,3.381,3.741,3.403,3.958
1573,站_7529,保约共享充电桩,庐江县,金牛镇大徐岗11号,117.19444,31.402662,汽车服务;汽车服务相关;汽车服务相关,,新能源汽车充电桩,2026/1/27 20:43,3.3,12,3.429,3.739,3.636,2.817,2.565,3.35,3.569,3.655
1574,站_2305,蔚景云汽车充电站(小飞象庐江县柯坦啊呜乐园充电站),庐江县,柯坦镇汽车充电站,117.1123,31.245811,汽车服务;充电站;充电站,4006803880,新能源汽车充电桩,2026/1/27 20:43,4.4,23,2.853,4.128,3.232,2.834,2.015,3.178,3.096,3.585
1575,站_8509,汽车充电站(盛家祠堂个人慢充),庐江县,090县道,117.24987,31.112915,汽车服务;充电站;充电站,18726393394,新能源汽车充电桩,2026/1/27 20:43,4.5,9,3.144,4.062,3.631,3.775,2.193,3.91,3.137,3.782
1576,站_9523,汽车充电站(庐江县泥河镇星城家园站),庐江县,长江路42号,117.319955,31.088683,汽车服务;充电站;充电站,,新能源汽车充电桩,2026/1/27 20:43,4.2,10,3.793,4.007,2.961,3.545,3.056,3.975,3.921,3.932
1577,站_7122,小朗充电汽车充电站(余月湖畔A区充电站),庐江县,冶父山镇余月湖畔5栋南侧地面停车位,117.31322,31.270693,汽车服务;充电站;充电站,,新能源汽车充电桩,2026/1/27 20:43,3.4,27,3.724,3.94,3.796,3.679,3.305,2.844,3.288,3.728
1578,站_3573,蔚景云汽车充电站(虎凹充电),庐江县,柯坦镇虎凹欢乐茶谷,117.12338,31.257921,汽车服务;充电站;充电站,4006803880,新能源汽车充电桩,2026/1/27 20:43,4.5,23,2.812,4.153,3.45,3.043,3.05,2.988,2.593,2.829
1579,站_095,汽车充电站,庐江县,汤池镇马槽村部,117.087431,31.300582,汽车服务;充电站;充电站,,新能源汽车充电桩,2026/1/27 20:43,4,1,2.5,6.735,2.5,2.5,2.5,2.5,2.5,2.5
1580,站_4111,蔚享天成汽车充电站(上陈农社总部),庐江县,上陈农舍总部,117.118866,31.303654,汽车服务;充电站;充电站,13866119552,新能源汽车充电桩,2026/1/27 20:43,3.9,22,3.315,4.295,2.708,3.014,3.176,3.814,3.65,3.261
1581,站_1812,云快充目的地充电站(黄屯54号充电站),庐江县,S233庐江县黄屯宾馆,117.49748,31.106936,汽车服务;充电站;充电站,18301200183;4008288517,新能源汽车充电桩,2026/1/27 20:43,3.9,25,3.689,3.378,2.644,3.768,3.179,3.293,3.409,3.794
1582,站_731,中国石化汽车充电站(半汤社区充电站),巢湖市,半汤街道半汤社区居委会巢湖学院综合服务区住宅楼,117.926622,31.641776,汽车服务;充电站;充电站,95105888,新能源汽车充电桩,2026/1/27 20:43,3.3,25,4.244,2.585,2.5,1.409,2.5,2.5,2.5,2.5
1583,站_732,中国石化汽车充电站(世纪充电站),巢湖市,长江东路45号,117.893457,31.606358,汽车服务;充电站;充电站,95105888,新能源汽车充电桩,2026/1/27 20:43,2.75,18,3.027,3.371,2.352,2.5,2.943,2.762,2.5,2.5
1584,站_733,中国石化汽车充电站(中心充电站),巢湖市,凤凰山街道中国石化中心加油站,117.886101,31.617902,汽车服务;充电站;充电站,95105888,新能源汽车充电桩,2026/1/27 20:43,3.761904761904762,21,2.866,2.974,3.038,2.799,2.5,2.5,2.5,2.5
1585,站_734,中国石化汽车充电站(长江西路充电站),巢湖市,凤凰山街道长江西路143号中国石化长江西路加油站,117.85917,31.618944,汽车服务;充电站;充电站,95105888,新能源汽车充电桩,2026/1/27 20:43,3.576923076923077,13,2.605,2.857,2.773,2.5,3.072,2.5,2.5,2.5
1586,站_735,中国石化汽车充电站(规划局外院充电站),巢湖市,巢湖事业单位离退休人员服务管理中心,117.88138,31.601822,汽车服务;充电站;充电站,95105888,新能源汽车充电桩,2026/1/27 20:43,3.891304347826087,23,3.746,4.157,2.77,2.5,3.04,2.654,2.78,2.5
1587,站_1362,中国石化汽车充电站(红府超市充电站),巢湖市,半汤街道山冲路岠嶂山小区,117.892673,31.631484,汽车服务;充电站;充电站,95105888,新能源汽车充电桩,2026/1/27 20:43,3.6,13,3.749,3.795,3.565,3.633,3.378,3.927,3.774,3.531
1588,站_2886,中国石化汽车充电站(裕溪路充电站),巢湖市,亚父街道中国石化裕溪路加油站,117.88781,31.589453,汽车服务;充电站;充电站,95105888,新能源汽车充电桩,2026/1/27 20:43,4,19,2.951,4.366,2.561,3.278,2.283,3.84,3.359,3.272
1589,站_3861,中国铁塔汽车充电站(安徽合肥巢湖健康园充电站),巢湖市,卧牛街道健康园小区大门右侧停车场,117.85225,31.604261,汽车服务;充电站;充电站,10096,新能源汽车充电桩,2026/1/27 20:43,4.2,27,3.495,4.191,3.411,3.92,2.977,3.294,4.043,2.986
1590,站_4626,中国石化汽车充电站(兴发充电站),巢湖市,中国石化兴发加油站,117.56097,31.374422,汽车服务;充电站;充电站,95105888,新能源汽车充电桩,2026/1/27 20:43,3.6,7,3.662,3.651,3.717,3.169,2.984,3.293,3.682,3.031
1591,站_7360,中国石化汽车充电站(巢北充电站),巢湖市,杆集镇中国石化巢北加油站,117.802775,31.971067,汽车服务;充电站;充电站,95105888,新能源汽车充电桩,2026/1/27 20:43,3.4,19,3.421,3.751,2.827,3.84,3.207,3.551,3.458,3.946
1592,站_4352,巢湖服务区国家电网电动汽车充电站,巢湖市,巢湖服务区西北侧地面停车场,117.80243,31.759593,汽车服务;充电站;充电站,96529,新能源汽车充电桩,2026/1/27 20:43,3.4,5,3.008,3.626,2.553,3.005,2.63,3.46,2.7,2.85
1593,站_1994,中国石化汽车充电站(清怡充电站),巢湖市,亚父街道中国石化清怡加油站,117.912851,31.567997,汽车服务;充电站;充电站,95105888,新能源汽车充电桩,2026/1/27 20:43,3.9,14,2.925,3.63,2.877,3.085,2.49,3.72,4.072,3.411
1594,站_3960,星星充电汽车充电站(星星充电-巢湖团结路耳街停车场超充站),巢湖市,亚父街道松筋整脊养生堂,117.875305,31.597675,汽车服务;充电站;充电站,13855919666,新能源汽车充电桩,2026/1/27 20:43,3.2,8,3.776,4.44,3.124,3.05,3.477,3.517,2.599,3.522
1595,站_3654,中国石化汽车充电站(华松充电站),巢湖市,巢湖市团结路延伸段中国石化华松加油站,117.87638,31.597862,汽车服务;充电站;充电站,95105888,新能源汽车充电桩,2026/1/27 20:43,3.5,5,3.632,3.674,3.045,3.394,2.576,3.97,2.613,2.81
1596,站_2305,中国石化汽车充电站(岠嶂社区服务中心充电站),巢湖市,半汤街道安徽巢湖经济开发区老年大学岠嶂华庭小区,117.909254,31.628385,汽车服务;充电站;充电站,95105888,新能源汽车充电桩,2026/1/27 20:43,3.3,6,3.478,4.368,4.018,3.605,2.333,3.906,3.93,3.885
1597,站_5283,中国石化汽车充电站(中垾充电站),巢湖市,105省道中国石化中垾油气合建站,117.7801,31.65889,汽车服务;充电站;充电站,95105888,新能源汽车充电桩,2026/1/27 20:43,3.8,5,2.791,3.611,3.885,3.817,3.593,3.133,3.295,3.026
1598,站_2844,中国石化汽车充电站(岐阳充电站),巢湖市,烔炀镇中国石化歧阳加油站,117.65147,31.694975,汽车服务;充电站;充电站,95105888,新能源汽车充电桩,2026/1/27 20:43,4.5,23,3.213,4.229,2.643,3.815,3.651,2.857,4.192,2.957
1599,站_9585,达克云汽车充电站,巢湖市,裕溪路与岗岭南路交口西南,117.877508,31.581621,汽车服务;充电站;充电站,4006717555,新能源汽车充电桩,2026/1/27 20:43,4.2,18,3.577,3.862,2.655,2.947,2.892,3.076,3.062,3.65
1600,站_5458,达克云汽车充电站(公牛槐林镇初级中学超充站),巢湖市,槐林镇石茨河西路与巢庐路交叉口向北120米左拐120米处,117.61577,31.41919,汽车服务;充电站;充电站,4006717555,新能源汽车充电桩,2026/1/27 20:43,4.4,23,3.193,3.557,3.296,3.492,3.75,3.68,3.23,3.174
1601,站_6684,达克云汽车充电站(公牛夏阁镇快充站),巢湖市,夏阁镇巢柘路与夏朱路交口西南角,117.831073,31.705347,汽车服务;充电站;充电站,4006717555,新能源汽车充电桩,2026/1/27 20:43,4.4,5,3.764,4.175,2.577,3.861,3.382,3.03,3.089,3.547
1602,站_2903,中国铁塔汽车充电站(安徽合肥巢湖凤凰之家汽车充电站),巢湖市,凤凰山路与黎明路交口右侧停车场,117.86778,31.61983,汽车服务;充电站;充电站,10096,新能源汽车充电桩,2026/1/27 20:43,4.5,25,3.94,3.536,3.566,3.137,3.404,2.816,3.243,2.957
1603,站_7717,中国石化汽车充电站(大湾路充电站),巢湖市,亚父街道中国石化大湾路加油站,117.895096,31.558367,汽车服务;充电站;充电站,95105888,新能源汽车充电桩,2026/1/27 20:43,3.2,9,2.71,4.472,3.861,3.956,2.905,3.669,3.976,3.013
1604,站_8338,国家电网汽车充电站(安徽省合肥市巢湖市半汤疗养院停车场充电站),巢湖市,银泉路1号地面停车场,117.917798,31.648201,汽车服务;充电站;充电站,96529,新能源汽车充电桩,2026/1/27 20:43,3.4,18,3.548,3.677,2.99,3.015,2.221,3.924,3.561,3.075
1605,站_2373,中国石化汽车充电站(金湖大道充电站),巢湖市,半汤街道中国石化金湖大道加油加气站,117.92124,31.634348,汽车服务;充电站;充电站,95105888,新能源汽车充电桩,2026/1/27 20:43,3.7,13,3.22,4.349,2.655,3.794,2.485,3.136,2.848,3.71
1606,站_8399,国家电网汽车充电站(安徽省合肥市巢湖市中庙快充站),巢湖市,中庙供电所旁地面停车场,117.479831,31.596658,汽车服务;充电站;充电站,0551-63318110;96529,新能源汽车充电桩,2026/1/27 20:43,3.2,20,3.547,4.356,3.06,3.56,2.521,3.363,2.542,3.046
1607,站_4623,中国石化汽车充电站(岠嶂农贸市场充电站),巢湖市,半汤街道岠嶂综合农贸市场,117.90399,31.62481,汽车服务;充电站;充电站,95105888,新能源汽车充电桩,2026/1/27 20:43,3.4,12,3.777,3.826,3.879,3.935,2.943,3.251,2.607,3.388
1608,站_9812,特来电(巢湖黄麓车站充电站),巢湖市,黄麓镇烔中路黄麓镇初级中学,117.585868,31.622153,汽车服务;充电站;充电站,4001300001,新能源汽车充电桩,2026/1/27 20:43,3.9,8,3.602,4.026,3.361,3.815,2.071,3.075,3.57,3.499
1609,站_1819,星星充电汽车充电站(星星充电-庙岗镇012乡道充电站),巢湖市,庙岗镇012乡道边充电站,117.681885,31.790794,汽车服务;充电站;充电站,18355123313,新能源汽车充电桩,2026/1/27 20:43,3.3,29,3.152,4.388,3.517,2.98,3.483,3.899,3.576,3.631
1610,站_2090,国家电网汽车充电站(安徽省合肥市巢湖市经济开发区建设发展局停车场充电站),巢湖市,华阳路与半汤大道交叉口东南100米,117.89523,31.625164,汽车服务;充电站;充电站,96529,新能源汽车充电桩,2026/1/27 20:43,3.8,13,3.012,3.993,3.643,3.853,2.895,3.418,3.474,3.976
1611,站_7732,蔚景云汽车充电站(世动云充合肥长江东路充电站),巢湖市,凤凰山街道长江东路56-1号金鹏大厦,117.887529,31.610679,汽车服务;充电站;充电站,4001030535,新能源汽车充电桩,2026/1/27 20:43,4.2,10,3.752,3.947,3.281,2.837,2.222,2.984,3.155,3.23
1612,站_4598,开迈斯汽车充电站(合肥市黄麓半岛商业交站),巢湖市,黄麓镇半岛大道与书香路交汇处半岛商业广场地下停车场负一层021-026车位,117.588507,31.614386,汽车服务;充电站;充电站,4006657666,新能源汽车充电桩,2026/1/27 20:43,4,25,3.115,3.972,3.645,3.017,2.918,3.493,2.828,3.192
1613,站_5385,达克云汽车充电站(公牛坝镇快充站),巢湖市,坝镇镇卫生院地面停车场,117.57856,31.314968,汽车服务;充电站;充电站,4006717555,新能源汽车充电桩,2026/1/27 20:43,4.6,18,3.444,3.553,2.682,3.41,2.727,3.459,3.117,3.723
1614,站_8066,理想超级充电站(理想5C超充站芜合高速巢湖服务区合肥方向),巢湖市,柘皋镇巢湖服务区(芜合高速合肥方向),117.806145,31.75964,汽车服务;充电站;充电站,4006860400,新能源汽车充电桩,2026/1/27 20:43,3.2,14,3.782,4.336,3.262,3.862,2.411,3.929,2.648,3.35
1615,站_4338,星星充电汽车充电站(星星充电-高林充电站),巢湖市,散兵镇高林邮政所门口停车场,117.67431,31.450008,汽车服务;充电站;充电站,18355123313,新能源汽车充电桩,2026/1/27 20:43,4.4,26,2.598,3.989,2.961,3.031,2.264,3.636,3.255,3.142
1616,站_3647,星星充电汽车充电站(星星充电-夏店充电站),巢湖市,坝镇镇夏店村委会门口停车场,117.61545,31.313185,汽车服务;充电站;充电站,18355123313,新能源汽车充电桩,2026/1/27 20:43,4.5,9,3.436,4.494,3.555,3.7,2.76,3.771,4.006,2.945
1617,站_7691,星星充电汽车充电站(栏杆集充电站),巢湖市,巢湖市栏杆骨科医院,117.82118,31.979258,汽车服务;充电站;充电站,,新能源汽车充电桩,2026/1/27 20:43,4,19,3.226,4.246,3.953,3.897,2.403,2.918,3.057,2.825
1618,站_5416,星星充电汽车充电站(星星充电-栏杆充电站),巢湖市,栏杆集镇326省道,117.8175,31.980259,汽车服务;充电站;充电站,18355123313,新能源汽车充电桩,2026/1/27 20:43,3.9,27,3.769,4.139,2.524,2.909,2.572,3.286,3.516,3.783
1619,站_1130,星星充电汽车充电站(苏湾充电站),巢湖市,苏湾镇002县道豪瑞宴会酒店,117.822914,31.88484,汽车服务;充电站;充电站,,新能源汽车充电桩,2026/1/27 20:43,3.5,17,2.645,3.733,3.403,3.453,3.117,3.178,2.757,3.685
1620,站_1382,星星充电汽车充电站(童坛雅苑充电站),巢湖市,庙岗镇312国道童坛雅苑,117.67868,31.794401,汽车服务;充电站;充电站,15357747032,新能源汽车充电桩,2026/1/27 20:43,4.5,24,3.009,3.807,2.767,3.145,3.775,2.979,2.778,2.861
1621,站_3776,国家电网汽车充电站(安徽省合肥市巢湖市柘皋供电所有序交流充电站),巢湖市,柘皋大转盘附近院内,117.76199,31.773277,汽车服务;充电站;充电站,96529,新能源汽车充电桩,2026/1/27 20:43,4.1,5,2.577,4.076,2.974,3.154,3.254,3.88,3.535,3.988
1622,站_3321,星星充电汽车充电站(星星充电-槐林沐集初级中学充电站),巢湖市,槐林镇兴沐路沐集中心学校,117.540184,31.369894,汽车服务;充电站;充电站,18355123313,新能源汽车充电桩,2026/1/27 20:43,3.6,24,3.51,4.318,3.868,3.349,2.489,2.833,2.965,2.903
1623,站_7822,国家电网汽车充电站(芜合高速巢湖服务区充电站合肥方向),巢湖市,芜合高速巢湖服务区合肥方向,117.805855,31.759253,汽车服务;充电站;充电站,96529,新能源汽车充电桩,2026/1/27 20:43,3.3,27,2.573,3.673,3.843,3.236,3.133,3.976,3.414,3.847
1624,站_9446,理想超级充电站(理想5C超充站芜合高速巢湖服务区芜湖方向),巢湖市,柘皋镇巢湖服务区治安巢湖服务区,117.80267,31.759012,汽车服务;充电站;充电站,4006860400,新能源汽车充电桩,2026/1/27 20:43,3.8,29,2.794,3.953,2.828,3.509,2.424,3.779,2.517,3.086
1625,站_8310,国家电网汽车充电站(安徽省合肥市巢湖市槐林供电所有序交流充电站),巢湖市,巢庐路供电所院外,117.62109,31.42036,汽车服务;充电站;充电站,96529,新能源汽车充电桩,2026/1/27 20:43,4.4,23,3.497,3.582,3.142,3.539,2.278,3.145,3.332,3.291
1626,站_3851,国家电网汽车充电站(安徽省合肥市巢湖市夏阁供电所有序交流充电站),巢湖市,夏阁镇巢柘路夏阁供电所院外,117.828177,31.711115,汽车服务;充电站;充电站,96529,新能源汽车充电桩,2026/1/27 20:43,3.4,10,3.419,4.35,2.833,3.212,2.482,3.208,4.174,3.061
1627,站_4803,达克云汽车充电站(公牛散兵镇镇政府快充站),巢湖市,散兵镇镇政府大院内(政府大门入内充电),117.752075,31.532606,汽车服务;充电站;充电站,4006717555,新能源汽车充电桩,2026/1/27 20:43,4.3,5,3.475,4.223,2.735,3.707,2.415,3.676,2.539,2.976
1628,站_3671,昆仑网电汽车充电站(中国石油合肥巢湖中庙充电站),巢湖市,滨湖大道与烔忠路交叉口东240米,117.49021,31.595655,汽车服务;充电站;充电站,95700,新能源汽车充电桩,2026/1/27 20:43,3.6,26,3.711,3.951,2.682,3.508,3.462,3.632,3.792,3.829
1629,站_1854,蔚享天成汽车充电站(太和小方充电站),巢湖市,合肥天宇制罐厂西北侧200米,117.60247,31.732698,汽车服务;充电站;充电站,19942429446,新能源汽车充电桩,2026/1/27 20:43,4,13,2.975,3.829,3.388,3.819,2.121,3.861,4.111,2.935
1630,站_2042,蔚来能源汽车充电站(芜湖方向G5011芜合高速巢湖服务区),巢湖市,巢湖服务区,117.80227,31.759003,汽车服务;充电站;充电站,,新能源汽车充电桩,2026/1/27 20:43,4.1,8,3.324,4.158,3.299,3.325,2.241,3.305,3.241,2.987
1631,站_3050,星星充电汽车充电站(星星充电-苏湾充电站),巢湖市,苏湾镇中心卫生院后面停车场,117.81971,31.877752,汽车服务;充电站;充电站,18355123313,新能源汽车充电桩,2026/1/27 20:43,3.8,5,2.886,4.237,3.286,3.19,2.831,3.294,3.017,2.882
1632,站_2840,国家电网汽车充电站(安徽省合肥市巢湖市中庙镇卫生院有序交流充电站),巢湖市,中庙街道卫生院停车场,117.485176,31.597229,汽车服务;充电站;充电站,96529,新能源汽车充电桩,2026/1/27 20:43,4.1,16,2.917,3.605,3.18,3.024,3.671,3.684,2.661,3.09
1633,站_8942,汽车充电站(开迈斯充电站合肥市巢湖碧桂园凤凰酒店直流站),巢湖市,碧桂园凤凰酒店停车场,117.823634,31.577376,汽车服务;充电站;充电站,4006657666,新能源汽车充电桩,2026/1/27 20:43,4.5,6,3.282,3.915,3.739,3.609,3.454,3.084,3.51,3.053
1634,站_8361,国家电网汽车充电站(安徽省合肥市巢湖市烔炀供电所有序交流充电站),巢湖市,烔炀镇烔炀中心供电所院内,117.63759,31.68708,汽车服务;充电站;充电站,96529,新能源汽车充电桩,2026/1/27 20:43,3.4,22,3.905,3.77,3.626,3.329,3.203,3.06,3.666,2.812
1635,站_1809,星星充电汽车充电站(星星充电-超充亚父农副产品批发市场充电站),巢湖市,亚父街道岗岭南路东城雅苑,117.87751,31.581762,汽车服务;充电站;充电站,18355123313,新能源汽车充电桩,2026/1/27 20:43,3.5,21,3.047,3.529,3.27,3.217,2.755,2.806,3.842,3.323
1636,站_6304,蔚来能源汽车充电站(合肥方向G5011芜合高速巢湖服务区B),巢湖市,芜合高速公路东150米,117.806533,31.759207,汽车服务;充电站;充电站,,新能源汽车充电桩,2026/1/27 20:43,4.2,22,3.493,3.759,3.386,3.887,3.07,2.969,4.044,3.989
1637,站_7163,国家电网汽车充电站(安徽省合肥市巢湖市烔炀镇凤凰村停车场交流充电站),巢湖市,烔炀镇凤凰村停车场,117.677058,31.721017,汽车服务;充电站;充电站,96529,新能源汽车充电桩,2026/1/27 20:43,3.7,29,2.521,3.956,3.867,3.361,3.682,3.88,3.6,3.378
1638,站_4053,星星充电汽车充电站(星星充电庙岗镇庙栏路与规划路口处充电站),巢湖市,庙岗镇庙栏路与规划路一路口,117.68135,31.798098,汽车服务;充电站;充电站,18355123313,新能源汽车充电桩,2026/1/27 20:43,3.4,28,2.734,4.019,2.825,3.733,2.929,3.82,3.487,3.114
1639,站_5415,能效邻里共享汽车充电站(小虫虫的补能站),巢湖市,"李师傅食品厂后一排(板桥新村第二排,西边第一户)左边充电桩为共享充电桩",117.85441,31.601606,汽车服务;充电站;充电站,18225659706,新能源汽车充电桩,2026/1/27 20:43,4.2,14,3.59,4.413,3.645,3.098,2.73,3.355,3.561,2.838
1640,站_2011,蔚来能源汽车充电站(芜湖方向G5011芜合高速巢湖服务区B),巢湖市,西北侧地面停车场,117.802324,31.759584,汽车服务;充电站;充电站,,新能源汽车充电桩,2026/1/27 20:43,4.4,23,3.205,3.849,3.574,3.007,3.097,3.361,3.646,3.219
1641,站_5529,国家电网汽车充电站(安徽省合肥市巢湖市三瓜公社南瓜村停车场交流充电站),巢湖市,汤山路三瓜公社南瓜村,117.92028,31.662848,汽车服务;充电站;充电站,96529,新能源汽车充电桩,2026/1/27 20:43,3.7,12,3.103,4.211,2.53,3.161,2.807,3.737,3.203,2.917
1642,站_3742,国家电网汽车充电站(安徽省合肥市巢湖市半汤大风湾停车场充电站),巢湖市,龙泉路大风湾停车场,117.90462,31.681116,汽车服务;充电站;充电站,96529,新能源汽车充电桩,2026/1/27 20:43,3.9,28,3.983,4.127,2.784,3.501,3.256,3.885,3.205,2.977
1643,站_8447,国家电网汽车充电站(安徽省合肥市巢湖市散兵供电所有序交流充电站),巢湖市,散兵镇散兵供电所门前院外,117.7518,31.52964,汽车服务;充电站;充电站,96529,新能源汽车充电桩,2026/1/27 20:43,4.4,27,2.729,3.688,3.685,3.108,2.061,3.31,2.854,3.677
1644,站_7128,蔚来能源汽车充电站(合肥方向G5011芜合高速巢湖服务区B),巢湖市,芜合高速公路东150米,117.80647,31.759344,汽车服务;充电站;充电站,,新能源汽车充电桩,2026/1/27 20:43,4.3,16,2.586,3.77,2.836,3.453,3.668,3.172,3.542,3.326
1645,站_1549,国家电网汽车充电站(安徽省合肥市巢湖市苏湾供电所有序交流充电站),巢湖市,苏湾镇苏湾中心供电所大院门右侧院外,117.818825,31.874496,汽车服务;充电站;充电站,96529,新能源汽车充电桩,2026/1/27 20:43,3.7,17,3.563,4.41,2.612,2.864,3.465,3.627,4.114,3.854
1646,站_6795,易佳电汽车充电站(易佳电蓝鲤巢湖慧鹏换电站),巢湖市,慧鹏充换电站(巢湖半汤站),117.9163,31.6432,汽车服务;充电站;充电站,0551-62100112,新能源汽车充电桩,2026/1/27 20:43,3.4,8,2.759,3.566,3.896,3.421,2.058,3.011,3.531,3.439
1647,站_9682,易佳电汽车充电站(易佳电巢湖市柘皋镇充电站),巢湖市,柘皋镇政府大门口,117.7489,31.7767,汽车服务;充电站;充电站,0551-62100112,新能源汽车充电桩,2026/1/27 20:43,3.9,21,2.898,4.171,3.662,3.53,2.934,3.574,3.657,3.651
1648,站_4604,蔚来换电站(合肥巢湖凤凰山),巢湖市,巢湖北路239号,117.869486,31.623361,汽车服务;汽车服务相关;汽车服务相关,,新能源汽车充电桩,2026/1/27 20:43,3.5,25,3.915,4.421,3.051,3.609,3.512,3.335,3.775,2.922
1649,站_1066,蔚景云汽车充电站(丽水湾新能源充电站),巢湖市,天河街道牡丹路丽水湾,117.8489,31.578478,汽车服务;充电站;充电站,4006803880,新能源汽车充电桩,2026/1/27 20:43,3.7,29,2.741,4.078,3.458,3.726,2.353,3.366,3.532,3.876
1650,站_2852,青岗集服务区汽车充电站,巢湖市,明巢高速,117.847491,31.918013,汽车服务;充电站;充电站,,新能源汽车充电桩,2026/1/27 20:43,3.5,19,3.285,4.077,3.519,3.981,3.375,3.363,3.08,3.988
1651,站_2209,青岗集服务区汽车充电站,巢湖市,明巢高速,117.84538,31.920295,汽车服务;充电站;充电站,,新能源汽车充电桩,2026/1/27 20:43,3.7,13,2.681,4.158,2.818,3.607,3.48,3.265,2.909,3.009
1652,站_3865,蔚景云汽车充电站(巢湖学院充电站),巢湖市,巢湖学院停车场,117.92832,31.646523,汽车服务;充电站;充电站,4006803880,新能源汽车充电桩,2026/1/27 20:43,3.9,10,3.558,3.751,3.153,3.837,2.374,3.368,2.838,3.356
1653,站_3190,蔚景云汽车充电站(爱巢玉兰花园充电站),巢湖市,凤凰山街道巢湖北路爱巢玉兰花园,117.87361,31.616837,汽车服务;充电站;充电站,4006803880,新能源汽车充电桩,2026/1/27 20:43,3.6,13,3.298,4.473,2.952,3.674,2.706,3.276,2.668,2.965
1654,站_2709,小桔充电汽车充电站(交投智能巢湖充电站),巢湖市,新奥CNG加气站,117.81835,31.627766,汽车服务;充电站;充电站,4000610999,新能源汽车充电桩,2026/1/27 20:43,3.3,25,3.748,3.798,3.956,3.944,3.366,3.223,3.296,2.936
1655,站_2223,汽车充电站(中国石化中垾站),巢湖市,中垾镇建华村,117.780314,31.659345,汽车服务;充电站;充电站,,新能源汽车充电桩,2026/1/27 20:43,4.5,24,2.541,3.87,3.939,3.245,2.423,3.283,3.455,3.137
1656,站_3900,汽车充电站(富煌电科黄麓富煌半岛假日酒店120kw直流快充站),巢湖市,黄麓镇三汊河路富煌半岛假日酒店南侧地上停车场,117.583569,31.616735,汽车服务;充电站;充电站,,新能源汽车充电桩,2026/1/27 20:43,4.1,29,2.989,3.674,3.488,3.412,2.919,3.283,3.898,3.076
1657,站_7671,巢湖服务区国家电网汽车充电站,巢湖市,巢湖服务区东南侧地面停车场,117.806468,31.759157,汽车服务;充电站;充电站,,新能源汽车充电桩,2026/1/27 20:43,3.7,13,3.984,3.739,3.191,2.818,2.615,3.877,2.583,3.424
1658,站_2108,汽车充电站(金鑫站),巢湖市,健康东路132号,117.88225,31.600858,汽车服务;充电站;充电站,,新能源汽车充电桩,2026/1/27 20:43,4.6,14,3.453,4.411,3.64,3.919,3.742,3.942,3.862,3.532
1659,站_9897,合肥充电巢湖市东塘路停车场汽车充电站,巢湖市,汇商小额贷款公司隔壁,117.878604,31.595728,汽车服务;充电站;充电站,,新能源汽车充电桩,2026/1/27 20:43,3.9,8,2.935,3.79,3.182,3.945,2.221,3.133,3.872,3.068
1660,站_3942,特来电汽车充电站(鎏金新能源充电站),巢湖市,栏杆集镇326省道,117.818085,31.979683,汽车服务;充电站;充电站,4001300001,新能源汽车充电桩,2026/1/27 20:43,3.9,18,3.025,3.826,3.887,3.122,2.664,2.924,3.201,3.529
1661,站_6866,汽车充电站(中油国际亚父路加油加气充电站),巢湖市,亚父路辅路与巢二路交叉口东北260米,117.904497,31.601292,汽车服务;充电站;充电站,,新能源汽车充电桩,2026/1/27 20:43,3.3,6,3.997,3.649,3.923,3.66,3.564,3.04,4.08,3.791
1662,站_6501,理想汽车充电站(理想5C超充站芜合高速巢湖服务区芜湖方向),巢湖市,中国石化巢湖服务区南加油站西北侧190米,117.80289,31.75888,汽车服务;充电站;充电站,,新能源汽车充电桩,2026/1/27 20:43,3.8,15,3.04,4.077,3.784,3.559,2.633,3.342,3.067,3.276
1663,站_1297,云快充汽车充电站(巢湖黄麓站),巢湖市,黄麓公交站,117.585743,31.62191,汽车服务;充电站;充电站,4008288517,新能源汽车充电桩,2026/1/27 20:43,3.6,29,3.777,3.764,3.712,3.503,3.243,3.543,3.223,3.027
1664,站_1597,合肥充电充电站(巢湖东站C停车场),巢湖市,巢湖东站C停车场,117.924092,31.615134,生活服务;生活服务场所;生活服务场所,,新能源汽车充电桩,2026/1/27 20:43,3.6,21,3.427,3.885,3.059,3.958,2.734,3.114,2.897,3.502
1665,站_2674,柘皋镇供电局充电站,巢湖市,东湾街10号供电局院子内,117.761809,31.773175,汽车服务;充电站;充电站,,新能源汽车充电桩,2026/1/27 20:43,3.9,18,2.984,4.062,3.764,3.58,3.356,3.543,3.105,2.834
1666,站_9182,汽车充电站(沪武高速槐林出口快速站),巢湖市,槐林晟达渔具公司门口停车场,117.587785,31.390849,汽车服务;充电站;充电站,,新能源汽车充电桩,2026/1/27 20:43,4.2,24,3.803,3.704,3.483,3.821,3.06,3.266,3.378,3.393
1667,站_1005,汽车充电站(星星充电巢湖耳街超级充电站),巢湖市,团结东路4-15号耳街停车场(规划路),117.875528,31.597414,汽车服务;充电站;充电站,13857549111,新能源汽车充电桩,2026/1/27 20:43,4,20,3.7,3.976,3.159,3.477,2.964,3.617,2.644,3.767
1668,站_5929,云快充汽车充电站(巢湖深业假日酒店充电站),巢湖市,巢湖深业假日酒店,117.921161,31.658404,汽车服务;充电站;充电站,4008288517,新能源汽车充电桩,2026/1/27 20:43,3.4,5,3.258,3.612,3.681,3.292,2.087,3.768,4.14,3.126
1669,站_7274,达克云汽车充电站(小豹充充远洲豪廷大酒店充电站),巢湖市,远洲豪廷大酒店停车场,117.903525,31.616774,汽车服务;充电站;充电站,4006717555,新能源汽车充电桩,2026/1/27 20:43,3.9,13,3.289,4.361,3.229,3.818,3.154,3.112,2.877,3.485
1670,站_6934,云快充汽车充电站(巢湖健康园超充充电站)(暂停营业),巢湖市,卧牛街道健康园小区大门右侧停车场,117.852261,31.604339,汽车服务;充电站;充电站,13675626162;4008288517,新能源汽车充电桩,2026/1/27 20:43,3.6,18,3.225,4.436,3.315,2.826,3.149,3.831,4.069,3.228
1671,站_1251,国家电网汽车充电站(安徽省合肥市巢湖市栏杆集镇人民政府有序交流充电站),巢湖市,栏杆集镇人民政府地面停车场,117.82339,31.976404,汽车服务;充电站;充电站,96529,新能源汽车充电桩,2026/1/27 20:43,3.6,23,3.87,4.333,3.321,3.701,2.869,3.32,3.168,3.551
1672,站_9480,蔚享天成汽车充电站(安徽省工人伴汤温泉疗养院),巢湖市,工人伴汤温泉疗养院巢湖市温泉路2号,117.92236,31.644592,汽车服务;充电站;充电站,13085009081,新能源汽车充电桩,2026/1/27 20:43,3.8,11,3.4,3.849,3.445,3.4,3.184,3.522,3.072,3.505
1673,站_2124,蔚享天成汽车充电站(皖泵新村充电桩),巢湖市,裕溪路幼儿园,117.89844,31.59791,汽车服务;充电站;充电站,13866167563,新能源汽车充电桩,2026/1/27 20:43,3.8,23,3.366,4.444,3.393,3.097,3.74,3.838,3.079,3.847
1674,站_3643,能效邻里共享汽车充电站(绿源聚龙湾直流快充),巢湖市,48号车位,117.91176,31.628222,汽车服务;充电站;充电站,18155118780,新能源汽车充电桩,2026/1/27 20:43,3.9,15,3.614,4.084,3.084,2.864,3.184,3.929,2.582,3.086
1675,站_9843,云快充目的地充电站(圆润园站),巢湖市,长江东路,117.89249,31.609526,汽车服务;充电站;充电站,4008288517,新能源汽车充电桩,2026/1/27 20:43,4.1,27,3.367,4.429,3.091,3.107,3.587,3.057,2.877,3.667
1676,站_8028,国家电网汽车充电站(安徽省合肥市巢湖市中旱镇大荚村有序交流充电站),巢湖市,中旱镇大荚村,117.72778,31.66665,汽车服务;充电站;充电站,96529,新能源汽车充电桩,2026/1/27 20:43,3.7,5,3.205,4.351,3.779,3.984,2.477,3.312,3.811,3.411
1677,站_2210,国家电网汽车充电站(安徽省合肥市巢湖市中旱镇小联圩村有序交流充电站),巢湖市,中旱镇小联圩村,117.73379,31.66925,汽车服务;充电站;充电站,96529,新能源汽车充电桩,2026/1/27 20:43,3.4,9,3.505,3.513,3.736,3.438,3.497,3.02,2.815,3.184
1678,站_5183,小朗充电汽车充电站(巢湖市新华御府共享充电站),巢湖市,亚父街道金钥匙艺术学校(分校)新华·御府,117.874626,31.587996,汽车服务;充电站;充电站,4008806700,新能源汽车充电桩,2026/1/27 20:43,3.6,15,3.055,3.928,2.757,3.114,2.733,3.647,3.637,3.641
1679,站_6495,国家电网汽车充电站(安徽省合肥市巢湖市中旱镇小姚村有序交流充电站),巢湖市,中旱镇小姚村,117.73462,31.66279,汽车服务;充电站;充电站,96529,新能源汽车充电桩,2026/1/27 20:43,3.8,18,3.487,3.769,2.862,3.16,2.934,3.295,4.148,3.502
1680,站_4426,小朗充电汽车充电站(巢湖市新华公馆充电站),巢湖市,亚父街道新华公馆(小区入口1号楼北侧地面停车位),117.87405,31.593628,汽车服务;充电站;充电站,4008806700,新能源汽车充电桩,2026/1/27 20:43,4.6,19,3.097,4.07,3.67,3.526,3.337,3.198,2.599,3.504
1681,站_3313,蔚景云汽车充电站(龙杰汽车充电站新合马路小方岗),巢湖市,烔炀镇104省道,117.60207,31.732456,汽车服务;充电站;充电站,4006803880,新能源汽车充电桩,2026/1/27 20:43,4,28,2.793,4.473,3.554,3.985,2.772,2.821,2.657,3.022
1682,站_1426,捷充科技汽车充电站(百度高德),巢湖市,富煌路与书香路交口,117.586975,31.618399,汽车服务;充电站;充电站,4000551360,新能源汽车充电桩,2026/1/27 20:43,3.6,13,3.683,3.836,3.024,3.677,3.043,3.149,2.527,2.981
1683,站_2081,国家电网充电桩,巢湖市,024县道与烔忠路交叉口西南180米,117.478925,31.596325,汽车服务;汽车服务相关;汽车服务相关,,新能源汽车充电桩,2026/1/27 20:43,4.1,23,2.852,3.869,3.158,3.658,2.743,2.814,3.124,3.747
1684,站_5877,驴充充汽车充电站(交通银行健康西路支行附近16米),巢湖市,健康西路辅路丽景超市(丽晶国际店)附近45米,117.859184,31.607098,汽车服务;充电站;充电站,0797-966999,新能源汽车充电桩,2026/1/27 20:43,4.4,6,3.77,4.44,3.206,3.43,2.523,3.84,4.194,2.816
1685,站_6300,国家电网汽车充电站(安徽省合肥市巢湖市半汤郁金香高地景区停车场交流充电站),巢湖市,半汤泉栖谷营地乐园附近,117.918686,31.694096,汽车服务;充电站;充电站,96529,新能源汽车充电桩,2026/1/27 20:43,3.3,17,3.471,4.096,3.523,3.504,2.42,2.955,3.531,2.938
1686,站_8551,汽车充电站(公牛烔炀充电站),巢湖市,烔黄路,117.63494,31.69239,汽车服务;充电站;充电站,,新能源汽车充电桩,2026/1/27 20:43,3.7,20,3.658,3.565,3.449,3.896,2.737,3.593,4.187,3.925
1687,站_6661,能效邻里共享汽车充电站(0229充电桩),巢湖市,龟山路宋都如意长江小区地下0229车位,117.85081,31.610983,汽车服务;充电站;充电站,13500516755,新能源汽车充电桩,2026/1/27 20:43,3.9,10,3.689,4.214,3.113,3.085,3.304,3.444,3.739,3.923
1688,站_6156,公牛银屏镇爱国村充电站(入口),巢湖市,钓长路与067县道交叉口东北20米,117.914787,31.52528,交通设施服务;停车场;停车场相关,,新能源汽车充电桩,2026/1/27 20:43,4.3,7,3.409,4.383,3.451,3.201,2.367,2.871,4.118,3.233
1689,站_5837,巢湖恒大帝景蔚来充电站,巢湖市,半汤路40号,117.888184,31.622937,生活服务;生活服务场所;生活服务场所,,新能源汽车充电桩,2026/1/27 20:43,4.3,23,2.643,4.397,3.17,3.714,2.41,3.532,3.572,3.359
1690,站_3714,启源芯动力充电站(巢无路站),巢湖市,巢无路57号,117.843274,31.561931,生活服务;生活服务场所;生活服务场所,,新能源汽车充电桩,2026/1/27 20:43,3.8,16,3.224,3.802,3.098,3.488,3.016,3.153,3.67,3.82
1691,站_1017,汽车充电站(公牛巢湖市庙岗镇清涧村委会充电站),巢湖市,庙岗镇清涧村委会门口,117.711239,31.861768,汽车服务;充电站;充电站,,新能源汽车充电桩,2026/1/27 20:43,4.3,13,3.159,3.893,2.912,3.319,3.193,3.94,3.887,2.833
1692,站_7757,驴充充汽车充电站(金科世家内安广超市车站店东145米),巢湖市,太湖山路南侧白鹭里酒店,117.89198,31.611948,汽车服务;充电站;充电站,0797-966999,新能源汽车充电桩,2026/1/27 20:43,3.3,13,3.442,4.031,3.079,3.272,3.06,3,3.204,3.09
1693,站_3571,小朗充电汽车充电站(巢湖市新华学府共享充电站),巢湖市,裕溪路与安成路交叉口西南200米,117.8809,31.583931,汽车服务;充电站;充电站,4008806700,新能源汽车充电桩,2026/1/27 20:43,4.2,8,3.052,4.325,3.308,3.893,3.106,3.819,3.754,3.657
1694,站_8253,小朗充电汽车充电站(巢湖市新华御园充电站),巢湖市,凤凰山街道新华·御园,117.88621,31.624096,汽车服务;充电站;充电站,4008806700,新能源汽车充电桩,2026/1/27 20:43,3.8,16,3.485,3.818,3.253,3.933,3.235,3.389,3.055,3.315
1695,站_6789,能效邻里共享汽车充电站(我的L90家充桩7KW),巢湖市,烔炀镇中李行政村河口张村,117.6334,31.65372,汽车服务;充电站;充电站,13156573809,新能源汽车充电桩,2026/1/27 20:43,3.6,6,3.229,3.709,2.748,2.837,3.658,3.785,3.282,3.726
1696,站_7589,蔚景云汽车充电站(煦电-合肥市巢湖市阳光花园小区充电站),巢湖市,凤凰山街道阳光花园,117.887405,31.613844,汽车服务;充电站;充电站,4006803880,新能源汽车充电桩,2026/1/27 20:43,4,9,3.419,4.353,2.857,3.621,2.958,2.823,3.223,3.562
1697,站_7960,蔚景云汽车充电站(巢湖市中兴骏腾石材),巢湖市,庙岗镇大吴村,117.656,31.7644,汽车服务;充电站;充电站,4006803880,新能源汽车充电桩,2026/1/27 20:43,3.3,20,2.769,3.869,3.043,3.791,2.162,2.938,4.091,3.412
1698,站_095,汽车充电站,巢湖市,平顶山路1号,117.842901,31.662673,汽车服务;充电站;充电站,,新能源汽车充电桩,2026/1/27 20:43,4,1,2.5,3.735,2.5,2.5,2.5,2.5,2.5,2.5
1699,站_1840,翡翠观澜充电站,巢湖市,大观山路与丽园路交叉口东120米,117.831738,31.572687,汽车服务;充电站;充电站,,新能源汽车充电桩,2026/1/27 20:43,4.1,10,3.147,3.947,3.131,2.925,2.688,3.872,3.108,3.344
1700,站_1892,小朗充电汽车充电站(巢湖市新华龙府共享充电站),巢湖市,亚父街道四桥路新华龙府(37号商业楼旁边),117.90579,31.576252,汽车服务;充电站;充电站,4008806700,新能源汽车充电桩,2026/1/27 20:43,3.9,15,2.74,4.203,2.952,3.715,3.755,3.733,3.071,3.062
1701,站_4106,小朗充电汽车充电站(巢湖市新华学府充电站),巢湖市,亚父街道安成路与裕溪路交叉口新华学府1号楼南侧地上,117.880554,31.583786,汽车服务;充电站;充电站,4008806700,新能源汽车充电桩,2026/1/27 20:43,3.7,23,3.55,3.662,2.912,2.916,3.65,3.264,2.633,3.458
1702,站_4277,汽车充电站云快充巢电家园光伏站(内部专用),巢湖市,云华大道与石龙山路交叉口东南300米,117.833141,31.643545,汽车服务;充电站;专用充电站,,新能源汽车充电桩,2026/1/27 20:43,3.3,9,3.46,4.066,3.031,2.885,2.55,3.701,2.595,3.056
1703,站_3745,小明出行充电站(巢湖健康园小区站),巢湖市,卧牛山街道公园路健康园小区,117.851516,31.603838,生活服务;生活服务场所;生活服务场所,,新能源汽车充电桩,2026/1/27 20:43,3.8,25,2.849,3.802,3.943,3.498,3.595,3.681,2.78,3.375
1704,站_6597,小朗充电汽车充电站(巢湖市新华龙府充电站),巢湖市,"亚父街道新华龙府(西侧地下室入口下来,立即左转后右转100米)",117.90598,31.577713,汽车服务;充电站;充电站,4008806700,新能源汽车充电桩,2026/1/27 20:43,4.2,12,2.953,3.819,3.303,3.181,3.525,3.669,3.96,2.987
1705,站_3490,云快充汽车充电站(炯炀镇)(暂停营业),巢湖市,军分区路与人民路交叉口西北200米,117.867153,31.60111,汽车服务;充电站;充电站,,新能源汽车充电桩,2026/1/27 20:43,3.7,24,3.978,4.088,3.022,3.807,2.79,3.837,3.111,3.555
1706,站_9983,国中康健电动汽车充电桩,巢湖市,花园路与银泉路交叉口北220米,117.917359,31.647902,汽车服务;充电站;充电站,,新能源汽车充电桩,2026/1/27 20:43,4.3,6,2.708,4.083,3.053,3.664,3.642,3.665,4.131,2.927
1707,站_9936,能效邻里共享汽车充电站(集洁浩),巢湖市,华松修理厂,117.88816,31.564833,汽车服务;充电站;充电站,15609687000,新能源汽车充电桩,2026/1/27 20:43,3.9,8,3.953,3.797,3.705,3.181,3.776,2.921,3.675,3.528
